,time,solar_effect,room_temp,ambient_temp,heating_setpoint,cooling_setpoint,occupancy_effect
0,2025-03-14 00:00:00+00:00,9.9164783935854,22.5,-1.8,19.0,23.0,0
1,2025-03-14 00:01:00+00:00,9.9164783935854,22.4,-1.8,19.0,23.0,0
2,2025-03-14 00:02:00+00:00,9.9164783935854,22.4,-1.8,19.0,23.0,0
3,2025-03-14 00:03:00+00:00,9.9164783935854,22.5,-1.8,19.0,23.0,0
4,2025-03-14 00:04:00+00:00,9.9164783935854,22.4,-1.8,19.0,23.0,0
5,2025-03-14 00:05:00+00:00,9.9164783935854,22.3,-1.8,19.0,23.0,0
6,2025-03-14 00:06:00+00:00,9.9164783935854,22.5,-1.8,19.0,23.0,0
7,2025-03-14 00:07:00+00:00,9.9164783935854,22.4,-1.8,19.0,23.0,0
8,2025-03-14 00:08:00+00:00,9.9164783935854,22.5,-1.8,19.0,23.0,0
9,2025-03-14 00:09:00+00:00,9.9164783935854,22.4,-1.8,19.0,23.0,0
10,2025-03-14 00:10:00+00:00,9.9164783935854,22.4,-1.8,19.0,23.0,0
11,2025-03-14 00:11:00+00:00,9.9164783935854,22.4,-1.8,19.0,23.0,0
12,2025-03-14 00:12:00+00:00,9.9164783935854,22.5,-1.8,19.0,23.0,0
13,2025-03-14 00:13:00+00:00,9.9164783935854,22.4,-1.8,19.0,23.0,0
14,2025-03-14 00:14:00+00:00,9.9164783935854,22.3,-1.8,19.0,23.0,0
15,2025-03-14 00:15:00+00:00,9.9164783935854,22.4,-1.8,19.0,23.0,0
16,2025-03-14 00:16:00+00:00,9.9164783935854,22.4,-1.8,19.0,23.0,0
17,2025-03-14 00:17:00+00:00,9.9164783935854,22.5,-1.8,19.0,23.0,0
18,2025-03-14 00:18:00+00:00,9.9164783935854,22.2,-1.8,19.0,23.0,0
19,2025-03-14 00:19:00+00:00,9.9164783935854,22.4,-1.8,19.0,23.0,0
20,2025-03-14 00:20:00+00:00,9.9164783935854,22.2,-1.8,19.0,23.0,0
21,2025-03-14 00:21:00+00:00,9.9164783935854,22.3,-1.8,19.0,23.0,0
22,2025-03-14 00:22:00+00:00,9.9164783935854,22.4,-1.8,19.0,23.0,0
23,2025-03-14 00:23:00+00:00,9.9164783935854,22.4,-1.8,19.0,23.0,0
24,2025-03-14 00:24:00+00:00,9.9164783935854,22.3,-1.8,19.0,23.0,0
25,2025-03-14 00:25:00+00:00,9.9164783935854,22.3,-1.8,19.0,23.0,0
26,2025-03-14 00:26:00+00:00,9.9164783935854,22.4,-1.8,19.0,23.0,0
27,2025-03-14 00:27:00+00:00,9.9164783935854,22.2,-1.8,19.0,23.0,0
28,2025-03-14 00:28:00+00:00,9.9164783935854,22.4,-1.8,19.0,23.0,0
29,2025-03-14 00:29:00+00:00,9.9164783935854,22.4,-1.8,19.0,23.0,0
30,2025-03-14 00:30:00+00:00,9.9164783935854,22.4,-2.1,19.0,23.0,0
31,2025-03-14 00:31:00+00:00,9.9164783935854,22.4,-2.1,19.0,23.0,0
32,2025-03-14 00:32:00+00:00,9.9164783935854,22.4,-2.1,19.0,23.0,0
33,2025-03-14 00:33:00+00:00,9.9164783935854,22.2,-2.1,19.0,23.0,0
34,2025-03-14 00:34:00+00:00,9.9164783935854,22.3,-2.1,19.0,23.0,0
35,2025-03-14 00:35:00+00:00,9.9164783935854,22.3,-2.1,19.0,23.0,0
36,2025-03-14 00:36:00+00:00,9.9164783935854,22.2,-2.1,19.0,23.0,0
37,2025-03-14 00:37:00+00:00,9.9164783935854,22.1,-2.1,19.0,23.0,0
38,2025-03-14 00:38:00+00:00,9.9164783935854,22.3,-2.1,19.0,23.0,0
39,2025-03-14 00:39:00+00:00,9.9164783935854,22.3,-2.1,19.0,23.0,0
40,2025-03-14 00:40:00+00:00,9.9164783935854,22.3,-2.1,19.0,23.0,0
41,2025-03-14 00:41:00+00:00,9.9164783935854,22.3,-2.1,19.0,23.0,0
42,2025-03-14 00:42:00+00:00,9.9164783935854,22.4,-2.1,19.0,23.0,0
43,2025-03-14 00:43:00+00:00,9.9164783935854,22.3,-2.1,19.0,23.0,0
44,2025-03-14 00:44:00+00:00,9.9164783935854,22.1,-2.1,19.0,23.0,0
45,2025-03-14 00:45:00+00:00,9.9164783935854,22.3,-2.1,19.0,23.0,0
46,2025-03-14 00:46:00+00:00,9.9164783935854,22.3,-2.1,19.0,23.0,0
47,2025-03-14 00:47:00+00:00,9.9164783935854,22.3,-2.1,19.0,23.0,0
48,2025-03-14 00:48:00+00:00,9.9164783935854,22.3,-2.1,19.0,23.0,0
49,2025-03-14 00:49:00+00:00,9.9164783935854,22.3,-2.1,19.0,23.0,0
50,2025-03-14 00:50:00+00:00,9.9164783935854,22.3,-2.1,19.0,23.0,0
51,2025-03-14 00:51:00+00:00,9.9164783935854,22.3,-2.1,19.0,23.0,0
52,2025-03-14 00:52:00+00:00,9.9164783935854,22.3,-2.1,19.0,23.0,0
53,2025-03-14 00:53:00+00:00,9.9164783935854,22.2,-2.1,19.0,23.0,0
54,2025-03-14 00:54:00+00:00,9.9164783935854,22.3,-2.1,19.0,23.0,0
55,2025-03-14 00:55:00+00:00,9.9164783935854,22.2,-2.1,19.0,23.0,0
56,2025-03-14 00:56:00+00:00,9.9164783935854,22.2,-2.1,19.0,23.0,0
57,2025-03-14 00:57:00+00:00,9.9164783935854,22.3,-2.1,19.0,23.0,0
58,2025-03-14 00:58:00+00:00,9.9164783935854,22.3,-2.1,19.0,23.0,0
59,2025-03-14 00:59:00+00:00,9.9164783935854,22.3,-2.1,19.0,23.0,0
60,2025-03-14 01:00:00+00:00,9.9164783935854,22.3,-2.1,19.0,23.0,0
61,2025-03-14 01:01:00+00:00,9.9164783935854,22.3,-2.1,19.0,23.0,0
62,2025-03-14 01:02:00+00:00,9.9164783935854,22.3,-2.1,19.0,23.0,0
63,2025-03-14 01:03:00+00:00,9.9164783935854,22.3,-2.1,19.0,23.0,0
64,2025-03-14 01:04:00+00:00,9.9164783935854,22.1,-2.1,19.0,23.0,0
65,2025-03-14 01:05:00+00:00,9.9164783935854,22.1,-2.1,19.0,23.0,0
66,2025-03-14 01:06:00+00:00,9.9164783935854,22.3,-2.1,19.0,23.0,0
67,2025-03-14 01:07:00+00:00,9.9164783935854,22.3,-2.1,19.0,23.0,0
68,2025-03-14 01:08:00+00:00,9.9164783935854,22.3,-2.1,19.0,23.0,0
69,2025-03-14 01:09:00+00:00,9.9164783935854,22.1,-2.1,19.0,23.0,0
70,2025-03-14 01:10:00+00:00,9.9164783935854,22.2,-2.1,19.0,23.0,0
71,2025-03-14 01:11:00+00:00,9.9164783935854,22.2,-2.1,19.0,23.0,0
72,2025-03-14 01:12:00+00:00,9.9164783935854,22.2,-2.1,19.0,23.0,0
73,2025-03-14 01:13:00+00:00,9.9164783935854,22.2,-2.1,19.0,23.0,0
74,2025-03-14 01:14:00+00:00,9.9164783935854,22.2,-2.1,19.0,23.0,0
75,2025-03-14 01:15:00+00:00,9.9164783935854,22.2,-2.1,19.0,23.0,0
76,2025-03-14 01:16:00+00:00,9.9164783935854,22.2,-2.1,19.0,23.0,0
77,2025-03-14 01:17:00+00:00,9.9164783935854,22.2,-2.1,19.0,23.0,0
78,2025-03-14 01:18:00+00:00,9.9164783935854,22.2,-2.1,19.0,23.0,0
79,2025-03-14 01:19:00+00:00,9.9164783935854,22.2,-2.1,19.0,23.0,0
80,2025-03-14 01:20:00+00:00,9.9164783935854,22.2,-2.1,19.0,23.0,0
81,2025-03-14 01:21:00+00:00,9.9164783935854,22.2,-2.1,19.0,23.0,0
82,2025-03-14 01:22:00+00:00,9.9164783935854,22.2,-2.1,19.0,23.0,0
83,2025-03-14 01:23:00+00:00,9.9164783935854,22.3,-2.1,19.0,23.0,0
84,2025-03-14 01:24:00+00:00,9.9164783935854,22.1,-2.1,19.0,23.0,0
85,2025-03-14 01:25:00+00:00,9.9164783935854,22.2,-2.1,19.0,23.0,0
86,2025-03-14 01:26:00+00:00,9.9164783935854,22.2,-2.1,19.0,23.0,0
87,2025-03-14 01:27:00+00:00,9.9164783935854,22.2,-2.1,19.0,23.0,0
88,2025-03-14 01:28:00+00:00,9.9164783935854,22.2,-2.1,19.0,23.0,0
89,2025-03-14 01:29:00+00:00,9.9164783935854,22.1,-2.1,19.0,23.0,0
90,2025-03-14 01:30:00+00:00,9.9164783935854,22.4,-2.4,19.0,23.0,0
91,2025-03-14 01:31:00+00:00,9.9164783935854,22.2,-2.4,19.0,23.0,0
92,2025-03-14 01:32:00+00:00,9.9164783935854,22.1,-2.4,19.0,23.0,0
93,2025-03-14 01:33:00+00:00,9.9164783935854,22.1,-2.4,19.0,23.0,0
94,2025-03-14 01:34:00+00:00,9.9164783935854,22.2,-2.4,19.0,23.0,0
95,2025-03-14 01:35:00+00:00,9.9164783935854,22.1,-2.4,19.0,23.0,0
96,2025-03-14 01:36:00+00:00,9.9164783935854,22.2,-2.4,19.0,23.0,0
97,2025-03-14 01:37:00+00:00,9.9164783935854,22.2,-2.4,19.0,23.0,0
98,2025-03-14 01:38:00+00:00,9.9164783935854,22.2,-2.4,19.0,23.0,0
99,2025-03-14 01:39:00+00:00,9.9164783935854,22.2,-2.4,19.0,23.0,0
100,2025-03-14 01:40:00+00:00,9.9164783935854,22.1,-2.4,19.0,23.0,0
101,2025-03-14 01:41:00+00:00,9.9164783935854,22.2,-2.4,19.0,23.0,0
102,2025-03-14 01:42:00+00:00,9.9164783935854,22.2,-2.4,19.0,23.0,0
103,2025-03-14 01:43:00+00:00,9.9164783935854,22.2,-2.4,19.0,23.0,0
104,2025-03-14 01:44:00+00:00,9.9164783935854,22.1,-2.4,19.0,23.0,0
105,2025-03-14 01:45:00+00:00,9.9164783935854,22.1,-2.4,19.0,23.0,0
106,2025-03-14 01:46:00+00:00,9.9164783935854,22.2,-2.4,19.0,23.0,0
107,2025-03-14 01:47:00+00:00,9.9164783935854,22.1,-2.4,19.0,23.0,0
108,2025-03-14 01:48:00+00:00,9.9164783935854,22.2,-2.4,19.0,23.0,0
109,2025-03-14 01:49:00+00:00,9.9164783935854,22.0,-2.4,19.0,23.0,0
110,2025-03-14 01:50:00+00:00,9.9164783935854,22.1,-2.4,19.0,23.0,0
111,2025-03-14 01:51:00+00:00,9.9164783935854,22.1,-2.4,19.0,23.0,0
112,2025-03-14 01:52:00+00:00,9.9164783935854,22.1,-2.4,19.0,23.0,0
113,2025-03-14 01:53:00+00:00,9.9164783935854,22.0,-2.4,19.0,23.0,0
114,2025-03-14 01:54:00+00:00,9.9164783935854,22.2,-2.4,19.0,23.0,0
115,2025-03-14 01:55:00+00:00,9.9164783935854,22.2,-2.4,19.0,23.0,0
116,2025-03-14 01:56:00+00:00,9.9164783935854,22.1,-2.4,19.0,23.0,0
117,2025-03-14 01:57:00+00:00,9.9164783935854,22.1,-2.4,19.0,23.0,0
118,2025-03-14 01:58:00+00:00,9.9164783935854,22.3,-2.4,19.0,23.0,0
119,2025-03-14 01:59:00+00:00,9.9164783935854,22.1,-2.4,19.0,23.0,0
120,2025-03-14 02:00:00+00:00,9.9164783935854,22.1,-2.4,19.0,23.0,0
121,2025-03-14 02:01:00+00:00,9.9164783935854,22.1,-2.4,19.0,23.0,0
122,2025-03-14 02:02:00+00:00,9.9164783935854,22.1,-2.4,19.0,23.0,0
123,2025-03-14 02:03:00+00:00,9.9164783935854,22.1,-2.4,19.0,23.0,0
124,2025-03-14 02:04:00+00:00,9.9164783935854,22.2,-2.4,19.0,23.0,0
125,2025-03-14 02:05:00+00:00,9.9164783935854,22.0,-2.4,19.0,23.0,0
126,2025-03-14 02:06:00+00:00,9.9164783935854,22.0,-2.4,19.0,23.0,0
127,2025-03-14 02:07:00+00:00,9.9164783935854,22.1,-2.4,19.0,23.0,0
128,2025-03-14 02:08:00+00:00,9.9164783935854,22.1,-2.4,19.0,23.0,0
129,2025-03-14 02:09:00+00:00,9.9164783935854,22.0,-2.4,19.0,23.0,0
130,2025-03-14 02:10:00+00:00,9.9164783935854,22.1,-2.4,19.0,23.0,0
131,2025-03-14 02:11:00+00:00,9.9164783935854,22.2,-2.4,19.0,23.0,0
132,2025-03-14 02:12:00+00:00,9.9164783935854,22.1,-2.4,19.0,23.0,0
133,2025-03-14 02:13:00+00:00,9.9164783935854,22.1,-2.4,19.0,23.0,0
134,2025-03-14 02:14:00+00:00,9.9164783935854,22.0,-2.4,19.0,23.0,0
135,2025-03-14 02:15:00+00:00,9.9164783935854,22.0,-2.4,19.0,23.0,0
136,2025-03-14 02:16:00+00:00,9.9164783935854,22.0,-2.4,19.0,23.0,0
137,2025-03-14 02:17:00+00:00,9.9164783935854,22.2,-2.4,19.0,23.0,0
138,2025-03-14 02:18:00+00:00,9.9164783935854,22.2,-2.4,19.0,23.0,0
139,2025-03-14 02:19:00+00:00,9.9164783935854,22.1,-2.4,19.0,23.0,0
140,2025-03-14 02:20:00+00:00,9.9164783935854,22.1,-2.4,19.0,23.0,0
141,2025-03-14 02:21:00+00:00,9.9164783935854,22.2,-2.4,19.0,23.0,0
142,2025-03-14 02:22:00+00:00,9.9164783935854,22.1,-2.4,19.0,23.0,0
143,2025-03-14 02:23:00+00:00,9.9164783935854,22.1,-2.4,19.0,23.0,0
144,2025-03-14 02:24:00+00:00,9.9164783935854,22.1,-2.4,19.0,23.0,0
145,2025-03-14 02:25:00+00:00,9.9164783935854,22.1,-2.4,19.0,23.0,0
146,2025-03-14 02:26:00+00:00,9.9164783935854,22.1,-2.4,19.0,23.0,0
147,2025-03-14 02:27:00+00:00,9.9164783935854,22.1,-2.4,19.0,23.0,0
148,2025-03-14 02:28:00+00:00,9.9164783935854,22.1,-2.4,19.0,23.0,0
149,2025-03-14 02:29:00+00:00,9.9164783935854,22.1,-2.4,19.0,23.0,0
150,2025-03-14 02:30:00+00:00,9.9164783935854,22.1,-2.8,19.0,23.0,0
151,2025-03-14 02:31:00+00:00,9.9164783935854,22.2,-2.8,19.0,23.0,0
152,2025-03-14 02:32:00+00:00,9.9164783935854,22.1,-2.8,19.0,23.0,0
153,2025-03-14 02:33:00+00:00,9.9164783935854,22.0,-2.8,19.0,23.0,0
154,2025-03-14 02:34:00+00:00,9.9164783935854,22.0,-2.8,19.0,23.0,0
155,2025-03-14 02:35:00+00:00,9.9164783935854,22.0,-2.8,19.0,23.0,0
156,2025-03-14 02:36:00+00:00,9.9164783935854,22.0,-2.8,19.0,23.0,0
157,2025-03-14 02:38:00+00:00,9.9164783935854,22.0,-2.8,19.0,23.0,0
158,2025-03-14 02:39:00+00:00,9.9164783935854,22.1,-2.8,19.0,23.0,0
159,2025-03-14 02:40:00+00:00,9.9164783935854,22.0,-2.8,19.0,23.0,0
160,2025-03-14 02:41:00+00:00,9.9164783935854,22.0,-2.8,19.0,23.0,0
161,2025-03-14 02:42:00+00:00,9.9164783935854,22.0,-2.8,19.0,23.0,0
162,2025-03-14 02:43:00+00:00,9.9164783935854,22.0,-2.8,19.0,23.0,0
163,2025-03-14 02:44:00+00:00,9.9164783935854,22.0,-2.8,19.0,23.0,0
164,2025-03-14 02:45:00+00:00,9.9164783935854,22.0,-2.8,19.0,23.0,0
165,2025-03-14 02:46:00+00:00,9.9164783935854,21.9,-2.8,19.0,23.0,0
166,2025-03-14 02:47:00+00:00,9.9164783935854,22.1,-2.8,19.0,23.0,0
167,2025-03-14 02:48:00+00:00,9.9164783935854,22.1,-2.8,19.0,23.0,0
168,2025-03-14 02:49:00+00:00,9.9164783935854,21.7,-2.8,19.0,23.0,0
169,2025-03-14 02:50:00+00:00,9.9164783935854,22.0,-2.8,19.0,23.0,0
170,2025-03-14 02:51:00+00:00,9.9164783935854,22.0,-2.8,19.0,23.0,0
171,2025-03-14 02:52:00+00:00,9.9164783935854,22.0,-2.8,19.0,23.0,0
172,2025-03-14 02:53:00+00:00,9.9164783935854,22.0,-2.8,19.0,23.0,0
173,2025-03-14 02:54:00+00:00,9.9164783935854,22.1,-2.8,19.0,23.0,0
174,2025-03-14 02:55:00+00:00,9.9164783935854,22.0,-2.8,19.0,23.0,0
175,2025-03-14 02:56:00+00:00,9.9164783935854,21.9,-2.8,19.0,23.0,0
176,2025-03-14 02:57:00+00:00,9.9164783935854,22.0,-2.8,19.0,23.0,0
177,2025-03-14 02:58:00+00:00,9.9164783935854,22.0,-2.8,19.0,23.0,0
178,2025-03-14 02:59:00+00:00,9.9164783935854,21.9,-2.8,19.0,23.0,0
179,2025-03-14 03:00:00+00:00,9.9164783935854,22.1,-2.8,19.0,23.0,0
180,2025-03-14 03:01:00+00:00,9.9164783935854,22.0,-2.8,19.0,23.0,0
181,2025-03-14 03:02:00+00:00,9.9164783935854,22.0,-2.8,19.0,23.0,0
182,2025-03-14 03:03:00+00:00,9.9164783935854,22.0,-2.8,19.0,23.0,0
183,2025-03-14 03:04:00+00:00,9.9164783935854,22.0,-2.8,19.0,23.0,0
184,2025-03-14 03:05:00+00:00,9.9164783935854,21.9,-2.8,19.0,23.0,0
185,2025-03-14 03:06:00+00:00,9.9164783935854,22.0,-2.8,19.0,23.0,0
186,2025-03-14 03:07:00+00:00,9.9164783935854,22.0,-2.8,19.0,23.0,0
187,2025-03-14 03:08:00+00:00,9.9164783935854,21.9,-2.8,19.0,23.0,0
188,2025-03-14 03:09:00+00:00,9.9164783935854,21.9,-2.8,19.0,23.0,0
189,2025-03-14 03:10:00+00:00,9.9164783935854,22.0,-2.8,19.0,23.0,0
190,2025-03-14 03:11:00+00:00,9.9164783935854,22.0,-2.8,19.0,23.0,0
191,2025-03-14 03:12:00+00:00,9.9164783935854,21.9,-2.8,19.0,23.0,0
192,2025-03-14 03:13:00+00:00,9.9164783935854,21.9,-2.8,19.0,23.0,0
193,2025-03-14 03:14:00+00:00,9.9164783935854,21.9,-2.8,19.0,23.0,0
194,2025-03-14 03:15:00+00:00,9.9164783935854,22.0,-2.8,19.0,23.0,0
195,2025-03-14 03:16:00+00:00,9.9164783935854,22.0,-2.8,19.0,23.0,0
196,2025-03-14 03:17:00+00:00,9.9164783935854,22.0,-2.8,19.0,23.0,0
197,2025-03-14 03:18:00+00:00,9.9164783935854,22.0,-2.8,19.0,23.0,0
198,2025-03-14 03:19:00+00:00,9.9164783935854,21.9,-2.8,19.0,23.0,0
199,2025-03-14 03:20:00+00:00,9.9164783935854,22.0,-2.8,19.0,23.0,0
200,2025-03-14 03:21:00+00:00,9.9164783935854,21.9,-2.8,19.0,23.0,0
201,2025-03-14 03:22:00+00:00,9.9164783935854,22.0,-2.8,19.0,23.0,0
202,2025-03-14 03:23:00+00:00,9.9164783935854,21.9,-2.8,19.0,23.0,0
203,2025-03-14 03:24:00+00:00,9.9164783935854,22.0,-2.8,19.0,23.0,0
204,2025-03-14 03:25:00+00:00,9.9164783935854,22.0,-2.8,19.0,23.0,0
205,2025-03-14 03:26:00+00:00,9.9164783935854,22.0,-2.8,19.0,23.0,0
206,2025-03-14 03:28:00+00:00,9.9164783935854,21.9,-2.8,19.0,23.0,0
207,2025-03-14 03:29:00+00:00,9.9164783935854,21.9,-2.8,19.0,23.0,0
208,2025-03-14 03:30:00+00:00,9.9164783935854,22.0,-3.6,19.0,23.0,0
209,2025-03-14 03:31:00+00:00,9.9164783935854,22.0,-3.6,19.0,23.0,0
210,2025-03-14 03:32:00+00:00,9.9164783935854,21.9,-3.6,19.0,23.0,0
211,2025-03-14 03:33:00+00:00,9.9164783935854,21.9,-3.6,19.0,23.0,0
212,2025-03-14 03:34:00+00:00,9.9164783935854,21.8,-3.6,19.0,23.0,0
213,2025-03-14 03:35:00+00:00,9.9164783935854,21.8,-3.6,19.0,23.0,0
214,2025-03-14 03:36:00+00:00,9.9164783935854,22.0,-3.6,19.0,23.0,0
215,2025-03-14 03:37:00+00:00,9.9164783935854,22.0,-3.6,19.0,23.0,0
216,2025-03-14 03:38:00+00:00,9.9164783935854,22.0,-3.6,19.0,23.0,0
217,2025-03-14 03:39:00+00:00,9.9164783935854,22.1,-3.6,19.0,23.0,0
218,2025-03-14 03:40:00+00:00,9.9164783935854,21.9,-3.6,19.0,23.0,0
219,2025-03-14 03:41:00+00:00,9.9164783935854,21.9,-3.6,19.0,23.0,0
220,2025-03-14 03:42:00+00:00,9.9164783935854,21.9,-3.6,19.0,23.0,0
221,2025-03-14 03:43:00+00:00,9.9164783935854,21.9,-3.6,19.0,23.0,0
222,2025-03-14 03:44:00+00:00,9.9164783935854,21.9,-3.6,19.0,23.0,0
223,2025-03-14 03:45:00+00:00,9.9164783935854,21.9,-3.6,19.0,23.0,0
224,2025-03-14 03:46:00+00:00,9.9164783935854,21.8,-3.6,19.0,23.0,0
225,2025-03-14 03:47:00+00:00,9.9164783935854,22.0,-3.6,19.0,23.0,0
226,2025-03-14 03:48:00+00:00,9.9164783935854,21.9,-3.6,19.0,23.0,0
227,2025-03-14 03:49:00+00:00,9.9164783935854,21.9,-3.6,19.0,23.0,0
228,2025-03-14 03:50:00+00:00,9.9164783935854,21.8,-3.6,19.0,23.0,0
229,2025-03-14 03:51:00+00:00,9.9164783935854,22.0,-3.6,19.0,23.0,0
230,2025-03-14 03:52:00+00:00,9.9164783935854,22.0,-3.6,19.0,23.0,0
231,2025-03-14 03:53:00+00:00,9.9164783935854,21.9,-3.6,19.0,23.0,0
232,2025-03-14 03:54:00+00:00,9.9164783935854,21.9,-3.6,19.0,23.0,0
233,2025-03-14 03:55:00+00:00,9.9164783935854,21.8,-3.6,19.0,23.0,0
234,2025-03-14 03:56:00+00:00,9.9164783935854,22.0,-3.6,19.0,23.0,0
235,2025-03-14 03:57:00+00:00,9.9164783935854,21.9,-3.6,19.0,23.0,0
236,2025-03-14 03:58:00+00:00,9.9164783935854,21.9,-3.6,19.0,23.0,0
237,2025-03-14 03:59:00+00:00,9.9164783935854,22.0,-3.6,19.0,23.0,0
238,2025-03-14 04:00:00+00:00,9.9164783935854,22.0,-3.6,19.0,23.0,0
239,2025-03-14 04:01:00+00:00,9.9164783935854,21.8,-3.6,19.0,23.0,0
240,2025-03-14 04:02:00+00:00,9.9164783935854,21.8,-3.6,19.0,23.0,0
241,2025-03-14 04:03:00+00:00,9.9164783935854,21.9,-3.6,19.0,23.0,0
242,2025-03-14 04:04:00+00:00,9.9164783935854,21.9,-3.6,19.0,23.0,0
243,2025-03-14 04:05:00+00:00,9.9164783935854,21.8,-3.6,19.0,23.0,0
244,2025-03-14 04:06:00+00:00,9.9164783935854,21.8,-3.6,19.0,23.0,0
245,2025-03-14 04:07:00+00:00,9.9164783935854,21.8,-3.6,19.0,23.0,0
246,2025-03-14 04:08:00+00:00,9.9164783935854,22.0,-3.6,19.0,23.0,0
247,2025-03-14 04:09:00+00:00,9.9164783935854,21.9,-3.6,19.0,23.0,0
248,2025-03-14 04:10:00+00:00,9.9164783935854,21.8,-3.6,19.0,23.0,0
249,2025-03-14 04:11:00+00:00,9.9164783935854,22.6,-3.6,19.0,23.0,0
250,2025-03-14 04:12:00+00:00,9.9164783935854,21.8,-3.6,19.0,23.0,0
251,2025-03-14 04:13:00+00:00,9.9164783935854,21.9,-3.6,19.0,23.0,0
252,2025-03-14 04:14:00+00:00,9.9164783935854,22.0,-3.6,19.0,23.0,0
253,2025-03-14 04:15:00+00:00,9.9164783935854,21.9,-3.6,19.0,23.0,0
254,2025-03-14 04:16:00+00:00,9.9164783935854,21.8,-3.6,19.0,23.0,0
255,2025-03-14 04:17:00+00:00,9.9164783935854,21.9,-3.6,19.0,23.0,0
256,2025-03-14 04:18:00+00:00,9.9164783935854,21.7,-3.6,19.0,23.0,0
257,2025-03-14 04:19:00+00:00,9.9164783935854,21.8,-3.6,19.0,23.0,0
258,2025-03-14 04:20:00+00:00,9.9164783935854,21.9,-3.6,19.0,23.0,0
259,2025-03-14 04:21:00+00:00,9.9164783935854,21.9,-3.6,19.0,23.0,0
260,2025-03-14 04:22:00+00:00,9.9164783935854,21.9,-3.6,19.0,23.0,0
261,2025-03-14 04:23:00+00:00,9.9164783935854,21.9,-3.6,19.0,23.0,0
262,2025-03-14 04:24:00+00:00,9.9164783935854,21.9,-3.6,19.0,23.0,0
263,2025-03-14 04:25:00+00:00,9.9164783935854,21.9,-3.6,19.0,23.0,0
264,2025-03-14 04:27:00+00:00,9.9164783935854,21.8,-3.6,19.0,23.0,0
265,2025-03-14 04:28:00+00:00,9.9164783935854,22.0,-3.6,19.0,23.0,0
266,2025-03-14 04:29:00+00:00,9.9164783935854,21.8,-3.6,19.0,23.0,0
267,2025-03-14 04:30:00+00:00,9.9164783935854,21.8,-4.2,19.0,23.0,0
268,2025-03-14 04:31:00+00:00,9.9164783935854,21.8,-4.2,19.0,23.0,0
269,2025-03-14 04:32:00+00:00,9.9164783935854,21.8,-4.2,19.0,23.0,0
270,2025-03-14 04:33:00+00:00,9.9164783935854,21.8,-4.2,19.0,23.0,0
271,2025-03-14 04:34:00+00:00,9.9164783935854,21.9,-4.2,19.0,23.0,0
272,2025-03-14 04:35:00+00:00,9.9164783935854,21.8,-4.2,19.0,23.0,0
273,2025-03-14 04:36:00+00:00,9.9164783935854,21.8,-4.2,19.0,23.0,0
274,2025-03-14 04:37:00+00:00,9.9164783935854,21.8,-4.2,19.0,23.0,0
275,2025-03-14 04:38:00+00:00,9.9164783935854,21.8,-4.2,19.0,23.0,0
276,2025-03-14 04:39:00+00:00,9.9164783935854,21.8,-4.2,19.0,23.0,0
277,2025-03-14 04:40:00+00:00,9.9164783935854,21.8,-4.2,19.0,23.0,0
278,2025-03-14 04:41:00+00:00,9.9164783935854,21.9,-4.2,19.0,23.0,0
279,2025-03-14 04:42:00+00:00,9.9164783935854,21.8,-4.2,19.0,23.0,0
280,2025-03-14 04:43:00+00:00,9.9164783935854,21.8,-4.2,19.0,23.0,0
281,2025-03-14 04:44:00+00:00,9.9164783935854,21.8,-4.2,19.0,23.0,0
282,2025-03-14 04:45:00+00:00,9.9164783935854,21.8,-4.2,19.0,23.0,0
283,2025-03-14 04:46:00+00:00,9.9164783935854,21.8,-4.2,19.0,23.0,0
284,2025-03-14 04:47:00+00:00,9.9164783935854,21.8,-4.2,19.0,23.0,0
285,2025-03-14 04:48:00+00:00,9.9164783935854,21.9,-4.2,19.0,23.0,0
286,2025-03-14 04:49:00+00:00,9.9164783935854,21.9,-4.2,19.0,23.0,0
287,2025-03-14 04:50:00+00:00,9.9164783935854,21.7,-4.2,19.0,23.0,0
288,2025-03-14 04:51:00+00:00,9.9164783935854,21.7,-4.2,19.0,23.0,0
289,2025-03-14 04:52:00+00:00,9.9164783935854,21.7,-4.2,19.0,23.0,0
290,2025-03-14 04:53:00+00:00,9.9164783935854,21.8,-4.2,19.0,23.0,0
291,2025-03-14 04:54:00+00:00,9.9164783935854,21.7,-4.2,19.0,23.0,0
292,2025-03-14 04:55:00+00:00,9.9164783935854,21.8,-4.2,19.0,23.0,0
293,2025-03-14 04:56:00+00:00,9.9164783935854,21.8,-4.2,19.0,23.0,0
294,2025-03-14 04:57:00+00:00,9.9164783935854,21.8,-4.2,19.0,23.0,0
295,2025-03-14 04:58:00+00:00,9.9164783935854,21.9,-4.2,19.0,23.0,0
296,2025-03-14 04:59:00+00:00,9.9164783935854,21.8,-4.2,19.0,23.0,0
297,2025-03-14 05:00:00+00:00,9.9164783935854,21.9,-4.2,19.0,23.0,0
298,2025-03-14 05:01:00+00:00,9.9164783935854,21.8,-4.2,20.0,22.0,0
299,2025-03-14 05:02:00+00:00,9.9164783935854,21.8,-4.2,20.0,22.0,0
300,2025-03-14 05:03:00+00:00,9.9164783935854,21.8,-4.2,20.0,22.0,0
301,2025-03-14 05:04:00+00:00,9.9164783935854,21.6,-4.2,20.0,22.0,0
302,2025-03-14 05:05:00+00:00,9.9164783935854,21.7,-4.2,20.0,22.0,0
303,2025-03-14 05:06:00+00:00,9.9164783935854,21.7,-4.2,20.0,22.0,0
304,2025-03-14 05:07:00+00:00,9.9164783935854,21.6,-4.2,20.0,22.0,0
305,2025-03-14 05:08:00+00:00,9.9164783935854,21.7,-4.2,20.0,22.0,0
306,2025-03-14 05:09:00+00:00,9.9164783935854,21.7,-4.2,20.0,22.0,0
307,2025-03-14 05:10:00+00:00,9.9164783935854,21.7,-4.2,20.0,22.0,0
308,2025-03-14 05:11:00+00:00,9.9164783935854,21.8,-4.2,20.0,22.0,0
309,2025-03-14 05:12:00+00:00,9.9164783935854,21.8,-4.2,20.0,22.0,0
310,2025-03-14 05:13:00+00:00,9.9164783935854,21.6,-4.2,20.0,22.0,0
311,2025-03-14 05:14:00+00:00,9.9164783935854,21.9,-4.2,20.0,22.0,0
312,2025-03-14 05:15:00+00:00,9.9164783935854,21.8,-4.2,20.0,22.0,0
313,2025-03-14 05:16:00+00:00,9.9164783935854,21.8,-4.2,20.0,22.0,0
314,2025-03-14 05:17:00+00:00,9.9164783935854,21.7,-4.2,20.0,22.0,0
315,2025-03-14 05:18:00+00:00,9.9164783935854,21.7,-4.2,20.0,22.0,0
316,2025-03-14 05:19:00+00:00,9.9164783935854,21.8,-4.2,20.0,22.0,0
317,2025-03-14 05:20:00+00:00,9.9164783935854,21.7,-4.2,20.0,22.0,0
318,2025-03-14 05:21:00+00:00,9.9164783935854,21.7,-4.2,20.0,22.0,0
319,2025-03-14 05:22:00+00:00,9.9164783935854,21.6,-4.2,20.0,22.0,0
320,2025-03-14 05:23:00+00:00,9.9164783935854,21.7,-4.2,20.0,22.0,0
321,2025-03-14 05:24:00+00:00,9.9164783935854,21.7,-4.2,20.0,22.0,0
322,2025-03-14 05:25:00+00:00,9.9164783935854,21.7,-4.2,20.0,22.0,0
323,2025-03-14 05:26:00+00:00,9.9164783935854,21.7,-4.2,20.0,22.0,0
324,2025-03-14 05:27:00+00:00,9.9164783935854,21.7,-4.2,20.0,22.0,0
325,2025-03-14 05:28:00+00:00,9.9164783935854,21.7,-4.2,20.0,22.0,0
326,2025-03-14 05:29:00+00:00,9.9164783935854,21.7,-4.2,20.0,22.0,0
327,2025-03-14 05:30:00+00:00,9.9164783935854,21.8,-2.9,20.0,22.0,0
328,2025-03-14 05:31:00+00:00,9.9164783935854,21.6,-2.9,20.0,22.0,0
329,2025-03-14 05:32:00+00:00,9.9164783935854,21.8,-2.9,20.0,22.0,0
330,2025-03-14 05:35:00+00:00,9.9164783935854,21.5,-2.9,20.0,22.0,0
331,2025-03-14 05:36:00+00:00,9.9164783935854,21.5,-2.9,20.0,22.0,0
332,2025-03-14 05:37:00+00:00,9.9164783935854,21.6,-2.9,20.0,22.0,0
333,2025-03-14 05:38:00+00:00,9.9164783935854,21.6,-2.9,20.0,22.0,0
334,2025-03-14 05:39:00+00:00,9.9164783935854,21.8,-2.9,20.0,22.0,0
335,2025-03-14 05:40:00+00:00,9.9164783935854,21.6,-2.9,20.0,22.0,0
336,2025-03-14 05:41:00+00:00,9.9164783935854,21.6,-2.9,20.0,22.0,0
337,2025-03-14 05:42:00+00:00,9.9164783935854,21.7,-2.9,20.0,22.0,0
338,2025-03-14 05:43:00+00:00,15.193689697204201,21.7,-2.9,20.0,22.0,0
339,2025-03-14 05:44:00+00:00,15.193689697204201,21.7,-2.9,20.0,22.0,0
340,2025-03-14 05:45:00+00:00,15.193689697204201,21.7,-2.9,20.0,22.0,0
341,2025-03-14 05:46:00+00:00,20.392320190460403,21.7,-2.9,20.0,22.0,0
342,2025-03-14 05:47:00+00:00,20.392320190460403,21.8,-2.9,20.0,22.0,0
343,2025-03-14 05:48:00+00:00,25.7721064453125,21.7,-2.9,20.0,22.0,0
344,2025-03-14 05:49:00+00:00,25.7721064453125,21.8,-2.9,20.0,22.0,0
345,2025-03-14 05:50:00+00:00,31.2439702149666,21.7,-2.9,20.0,22.0,0
346,2025-03-14 05:51:00+00:00,31.2439702149666,21.7,-2.9,20.0,22.0,0
347,2025-03-14 05:52:00+00:00,36.5379774170229,21.7,-2.9,20.0,22.0,0
348,2025-03-14 05:53:00+00:00,36.5379774170229,21.7,-2.9,20.0,22.0,0
349,2025-03-14 05:54:00+00:00,41.753403808716605,21.6,-2.9,20.0,22.0,0
350,2025-03-14 05:55:00+00:00,46.967030639556306,21.6,-2.9,20.0,22.0,0
351,2025-03-14 05:56:00+00:00,46.967030639556306,21.7,-2.9,20.0,22.0,0
352,2025-03-14 05:57:00+00:00,52.503978515625,21.7,-2.9,20.0,22.0,0
353,2025-03-14 05:58:00+00:00,57.9326528319084,21.7,-2.9,20.0,22.0,0
354,2025-03-14 05:59:00+00:00,63.3946190185854,21.7,-2.9,20.0,22.0,0
355,2025-03-14 06:00:00+00:00,63.3946190185854,21.7,-2.9,20.0,22.0,0
356,2025-03-14 06:01:00+00:00,68.63853845205631,21.7,-2.9,20.0,22.0,0
357,2025-03-14 06:02:00+00:00,74.2135770263979,21.9,-2.9,20.0,22.0,0
358,2025-03-14 06:03:00+00:00,79.30153454580629,21.7,-2.9,20.0,22.0,0
359,2025-03-14 06:04:00+00:00,85.3981457518917,21.6,-2.9,20.0,22.0,0
360,2025-03-14 06:05:00+00:00,91.7379975587166,21.4,-2.9,20.0,22.0,0
361,2025-03-14 06:06:00+00:00,97.1927655029604,21.4,-2.9,20.0,22.0,0
362,2025-03-14 06:07:00+00:00,103.7899544676813,21.4,-2.9,20.0,22.0,0
363,2025-03-14 06:08:00+00:00,115.3233380126646,21.4,-2.9,20.0,22.0,0
364,2025-03-14 06:09:00+00:00,120.24183691406252,21.4,-2.9,20.0,22.0,0
365,2025-03-14 06:10:00+00:00,131.2038599854437,21.4,-2.9,20.0,22.0,0
366,2025-03-14 06:11:00+00:00,137.3738032837989,21.4,-2.9,20.0,22.0,0
367,2025-03-14 06:12:00+00:00,142.3906781615136,21.3,-2.9,20.0,22.0,0
368,2025-03-14 06:13:00+00:00,154.05138061529578,21.3,-2.9,20.0,22.0,0
369,2025-03-14 06:14:00+00:00,159.31554510493442,21.3,-2.9,20.0,22.0,0
370,2025-03-14 06:15:00+00:00,164.8838353270563,21.2,-2.9,20.0,22.0,0
371,2025-03-14 06:16:00+00:00,172.15376000970423,21.1,-2.9,20.0,22.0,0
372,2025-03-14 06:17:00+00:00,183.9680249634864,21.1,-2.9,20.0,22.0,0
373,2025-03-14 06:18:00+00:00,189.08822460937503,21.2,-2.9,20.0,22.0,0
374,2025-03-14 06:19:00+00:00,195.7935371703948,21.4,-2.9,20.0,22.0,0
375,2025-03-14 06:20:00+00:00,206.64488726817393,21.3,-2.9,20.0,22.0,0
376,2025-03-14 06:21:00+00:00,211.5635361328125,21.2,-2.9,20.0,22.0,0
377,2025-03-14 06:22:00+00:00,222.55690155024692,21.2,-2.9,20.0,22.0,0
378,2025-03-14 06:23:00+00:00,228.498150695724,21.3,-2.9,20.0,22.0,0
379,2025-03-14 06:24:00+00:00,234.5362761841281,21.3,-2.9,20.0,22.0,0
380,2025-03-14 06:25:00+00:00,240.4428837890625,21.4,-2.9,20.0,22.0,0
381,2025-03-14 06:26:00+00:00,246.71840130616772,21.2,-2.9,20.0,22.0,0
382,2025-03-14 06:27:00+00:00,253.42686309819058,21.4,-2.9,20.0,22.0,0
383,2025-03-14 06:28:00+00:00,264.0447202149666,21.2,-2.9,20.0,22.0,0
384,2025-03-14 06:29:00+00:00,268.9612695922698,21.4,-2.9,20.0,22.0,0
385,2025-03-14 06:30:00+00:00,268.9612695922698,21.5,-1.1,20.0,22.0,0
386,2025-03-14 06:31:00+00:00,263.6251226807562,21.4,-1.1,20.0,22.0,0
387,2025-03-14 06:32:00+00:00,253.28154858404582,21.4,-1.1,20.0,22.0,0
388,2025-03-14 06:33:00+00:00,246.2173736573187,21.2,-1.1,20.0,22.0,0
389,2025-03-14 06:34:00+00:00,234.6640449828948,21.2,-1.1,20.0,22.0,0
390,2025-03-14 06:35:00+00:00,229.17418560789483,21.4,-1.1,20.0,22.0,0
391,2025-03-14 06:36:00+00:00,229.17418560789483,21.2,-1.1,20.0,22.0,0
392,2025-03-14 06:37:00+00:00,229.17418560789483,21.4,-1.1,20.0,22.0,0
393,2025-03-14 06:38:00+00:00,229.17418560789483,21.3,-1.1,20.0,22.0,0
394,2025-03-14 06:39:00+00:00,229.17418560789483,21.2,-1.1,20.0,22.0,0
395,2025-03-14 06:40:00+00:00,229.17418560789483,21.3,-1.1,20.0,22.0,0
396,2025-03-14 06:41:00+00:00,224.1627094115136,21.4,-1.1,20.0,22.0,0
397,2025-03-14 06:42:00+00:00,224.1627094115136,21.2,-1.1,20.0,22.0,0
398,2025-03-14 06:43:00+00:00,237.1541868895563,21.4,-1.1,20.0,22.0,0
399,2025-03-14 06:44:00+00:00,250.9076282958063,21.4,-1.1,20.0,22.0,0
400,2025-03-14 06:45:00+00:00,272.17858392335523,21.2,-1.1,20.0,22.0,0
401,2025-03-14 06:46:00+00:00,295.3813677979437,21.2,-1.1,20.0,22.0,0
402,2025-03-14 06:48:00+00:00,351.5664973754115,21.2,-1.1,20.0,22.0,0
403,2025-03-14 06:49:00+00:00,377.6374808348689,21.3,-1.1,20.0,22.0,0
404,2025-03-14 06:50:00+00:00,400.09824591069065,21.3,-1.1,20.0,22.0,0
405,2025-03-14 06:51:00+00:00,421.3841978760687,21.3,-1.1,20.0,22.0,0
406,2025-03-14 06:52:00+00:00,88.4799231811677,21.2,-1.1,20.0,22.0,0
407,2025-03-14 06:53:00+00:00,92.20291402588812,21.2,-1.1,20.0,22.0,0
408,2025-03-14 06:54:00+00:00,95.34860584717106,21.3,-1.1,20.0,22.0,0
409,2025-03-14 06:55:00+00:00,97.59721673585521,21.3,-1.1,20.0,22.0,0
410,2025-03-14 06:56:00+00:00,99.95994975587168,21.3,-1.1,20.0,22.0,0
411,2025-03-14 06:57:00+00:00,102.73301257322379,21.2,-1.1,20.0,22.0,0
412,2025-03-14 06:58:00+00:00,106.18648923340459,21.2,-1.1,20.0,22.0,0
413,2025-03-14 06:59:00+00:00,110.46452453615123,21.2,-1.1,20.0,22.0,0
414,2025-03-14 07:00:00+00:00,116.33151181638169,21.1,-1.1,20.0,22.0,0
415,2025-03-14 07:01:00+00:00,120.41876370848689,21.1,-1.1,20.0,22.0,0
416,2025-03-14 07:02:00+00:00,120.41876370848689,21.1,-1.1,20.0,22.0,0
417,2025-03-14 07:03:00+00:00,113.8986559203948,21.0,-1.1,20.0,22.0,0
418,2025-03-14 07:04:00+00:00,107.21229873049332,21.1,-1.1,20.0,22.0,0
419,2025-03-14 07:05:00+00:00,101.81541665037834,21.1,-1.1,20.0,22.0,0
420,2025-03-14 07:06:00+00:00,96.57821557618416,21.1,-1.1,20.0,22.0,0
421,2025-03-14 07:07:00+00:00,92.11386577149668,21.0,-1.1,20.0,22.0,0
422,2025-03-14 07:08:00+00:00,89.38987097166127,21.1,-1.1,20.0,22.0,0
423,2025-03-14 07:09:00+00:00,88.12196059569084,21.1,-1.1,20.0,22.0,0
424,2025-03-14 07:10:00+00:00,85.96044843750002,21.0,-1.1,20.0,22.0,0
425,2025-03-14 07:11:00+00:00,85.96044843750002,21.1,-1.1,20.0,22.0,0
426,2025-03-14 07:12:00+00:00,87.0410545532073,21.1,-1.1,20.0,22.0,0
427,2025-03-14 07:13:00+00:00,87.0410545532073,21.2,-1.1,20.0,22.0,0
428,2025-03-14 07:14:00+00:00,88.06935344240125,21.2,-1.1,20.0,22.0,0
429,2025-03-14 07:15:00+00:00,88.06935344240125,21.2,-1.1,20.0,22.0,0
430,2025-03-14 07:16:00+00:00,86.95857469480273,21.2,-1.1,20.0,22.0,0
431,2025-03-14 07:18:00+00:00,90.63264748534542,21.3,-1.1,20.5,21.5,0
432,2025-03-14 07:19:00+00:00,92.75837838133229,21.3,-1.1,20.5,21.5,0
433,2025-03-14 07:20:00+00:00,94.83624096680917,21.3,-1.1,20.5,21.5,0
434,2025-03-14 07:21:00+00:00,98.64111181638168,21.4,-1.1,20.5,21.5,0
435,2025-03-14 07:22:00+00:00,102.56577341309207,21.6,-1.1,20.5,21.5,150
436,2025-03-14 07:23:00+00:00,105.49887714843751,21.6,-1.1,20.5,21.5,150
437,2025-03-14 07:24:00+00:00,110.31294155274666,21.6,-1.1,20.5,21.5,150
438,2025-03-14 07:25:00+00:00,114.50486788332228,21.7,-1.1,20.5,21.5,150
439,2025-03-14 07:26:00+00:00,118.80494780274667,21.6,-1.1,20.5,21.5,150
440,2025-03-14 07:27:00+00:00,123.81195509032896,21.7,-1.1,20.5,21.5,450
441,2025-03-14 07:28:00+00:00,130.87340068361834,21.7,-1.1,20.5,21.5,450
442,2025-03-14 07:29:00+00:00,136.83672443847044,21.9,-1.1,20.5,21.5,450
443,2025-03-14 07:30:00+00:00,139.51923936769728,21.7,0.1,20.5,21.5,450
444,2025-03-14 07:31:00+00:00,144.11552695312503,21.8,0.1,20.5,21.5,450
445,2025-03-14 07:32:00+00:00,147.18803664552627,21.9,0.1,20.5,21.5,300
446,2025-03-14 07:33:00+00:00,147.18803664552627,21.8,0.1,20.5,21.5,300
447,2025-03-14 07:34:00+00:00,148.51362293699023,22.0,0.1,20.5,21.5,300
448,2025-03-14 07:35:00+00:00,148.51362293699023,22.0,0.1,20.5,21.5,300
449,2025-03-14 07:36:00+00:00,148.51362293699023,22.1,0.1,20.5,21.5,300
450,2025-03-14 07:37:00+00:00,149.80657719725332,22.1,0.1,20.5,21.5,450
451,2025-03-14 07:38:00+00:00,151.13636246338817,22.2,0.1,20.5,21.5,450
452,2025-03-14 07:39:00+00:00,151.13636246338817,22.1,0.1,20.5,21.5,450
453,2025-03-14 07:40:00+00:00,150.07177243652959,22.3,0.1,20.5,21.5,450
454,2025-03-14 07:41:00+00:00,152.4971001709046,22.2,0.1,20.5,21.5,450
455,2025-03-14 07:42:00+00:00,157.88540434569086,22.3,0.1,20.5,21.5,300
456,2025-03-14 07:43:00+00:00,161.78268262939147,22.3,0.1,20.5,21.5,300
457,2025-03-14 07:44:00+00:00,164.44702199708877,22.3,0.1,20.5,21.5,300
458,2025-03-14 07:45:00+00:00,161.29980054932562,22.3,0.1,20.5,21.5,300
459,2025-03-14 07:46:00+00:00,154.21727010498356,22.3,0.1,20.5,21.5,300
460,2025-03-14 07:47:00+00:00,147.38106950684207,22.3,0.1,20.5,21.5,300
461,2025-03-14 07:48:00+00:00,141.24924689940792,22.3,0.1,20.5,21.5,300
462,2025-03-14 07:49:00+00:00,135.88622655029607,22.4,0.1,20.5,21.5,300
463,2025-03-14 07:50:00+00:00,130.6153736938323,22.4,0.1,20.5,21.5,300
464,2025-03-14 07:51:00+00:00,127.61298687745062,22.4,0.1,20.5,21.5,300
465,2025-03-14 07:52:00+00:00,126.31745324708875,22.5,0.1,20.5,21.5,150
466,2025-03-14 07:53:00+00:00,126.31745324708875,22.5,0.1,20.5,21.5,150
467,2025-03-14 07:54:00+00:00,127.52273891600333,22.5,0.1,20.5,21.5,150
468,2025-03-14 07:56:00+00:00,126.5387092162994,22.4,0.1,20.5,21.5,150
469,2025-03-14 07:57:00+00:00,125.53560417478626,22.5,0.1,20.5,21.5,150
470,2025-03-14 07:58:00+00:00,129.3796454589967,22.5,0.1,20.5,21.5,900
471,2025-03-14 07:59:00+00:00,130.3849699584869,22.6,0.1,20.5,21.5,900
472,2025-03-14 08:00:00+00:00,130.3849699584869,22.5,0.1,20.5,21.5,900
473,2025-03-14 08:01:00+00:00,130.3849699584869,22.4,0.1,20.5,21.5,900
474,2025-03-14 08:02:00+00:00,138.57563979493418,22.5,0.1,20.5,21.5,900
475,2025-03-14 08:03:00+00:00,149.5276753051973,22.5,0.1,20.5,21.5,450
476,2025-03-14 08:04:00+00:00,157.28570079345397,22.5,0.1,20.5,21.5,450
477,2025-03-14 08:05:00+00:00,160.8580984130921,22.7,0.1,20.5,21.5,450
478,2025-03-14 08:06:00+00:00,159.82662030029604,22.7,0.1,20.5,21.5,450
479,2025-03-14 08:07:00+00:00,155.5913845459046,22.5,0.1,20.5,21.5,450
480,2025-03-14 08:08:00+00:00,148.7622322265625,22.5,0.1,20.5,21.5,150
481,2025-03-14 08:09:00+00:00,140.91314897462166,22.4,0.1,20.5,21.5,150
482,2025-03-14 08:10:00+00:00,134.3723762328948,22.4,0.1,20.5,21.5,150
483,2025-03-14 08:11:00+00:00,127.84809946287834,22.5,0.1,20.5,21.5,150
484,2025-03-14 08:12:00+00:00,121.72782403564145,22.6,0.1,20.5,21.5,150
485,2025-03-14 08:13:00+00:00,115.99958287351981,22.5,0.1,20.5,21.5,450
486,2025-03-14 08:14:00+00:00,110.10632200929273,22.5,0.1,20.5,21.5,450
487,2025-03-14 08:15:00+00:00,107.1889344360198,22.5,0.1,20.5,21.5,450
488,2025-03-14 08:16:00+00:00,104.56409542238478,22.5,0.1,20.5,21.5,450
489,2025-03-14 08:17:00+00:00,102.45564030759877,22.4,0.1,20.5,21.5,450
490,2025-03-14 08:18:00+00:00,101.4538549438323,22.4,0.1,20.5,21.5,1050
491,2025-03-14 08:19:00+00:00,101.4538549438323,22.2,0.1,20.5,21.5,1050
492,2025-03-14 08:20:00+00:00,103.02274182128292,22.1,0.1,20.5,21.5,1050
493,2025-03-14 08:21:00+00:00,105.46390568847045,22.2,0.1,20.5,21.5,1050
494,2025-03-14 08:22:00+00:00,107.73249169924333,22.1,0.1,20.5,21.5,1050
495,2025-03-14 08:23:00+00:00,118.24210524902958,22.1,0.1,20.5,21.5,600
496,2025-03-14 08:24:00+00:00,132.3880608032073,22.0,0.1,20.5,21.5,600
497,2025-03-14 08:25:00+00:00,141.1952000976317,22.1,0.1,20.5,21.5,600
498,2025-03-14 08:26:00+00:00,146.0317290161348,22.0,0.1,20.5,21.5,600
499,2025-03-14 08:27:00+00:00,148.89815903319086,22.1,0.1,20.5,21.5,600
500,2025-03-14 08:28:00+00:00,148.89815903319086,22.1,0.1,20.5,21.5,1050
501,2025-03-14 08:29:00+00:00,148.89815903319086,22.2,0.1,20.5,21.5,1050
502,2025-03-14 08:30:00+00:00,146.7149021850494,22.1,1.7,20.5,21.5,1050
503,2025-03-14 08:32:00+00:00,144.4979335693421,22.2,1.7,20.5,21.5,1050
504,2025-03-14 08:33:00+00:00,145.71140723876647,22.1,1.7,20.5,21.5,1050
505,2025-03-14 08:34:00+00:00,151.26497105713813,22.1,1.7,20.5,21.5,900
506,2025-03-14 08:35:00+00:00,157.9558871337829,22.1,1.7,20.5,21.5,900
507,2025-03-14 08:36:00+00:00,168.48565576174335,22.1,1.7,20.5,21.5,900
508,2025-03-14 08:37:00+00:00,174.68178266600336,22.2,1.7,20.5,21.5,900
509,2025-03-14 08:38:00+00:00,181.70714707031254,22.3,1.7,20.5,21.5,900
510,2025-03-14 08:39:00+00:00,196.06035201414483,22.3,1.7,20.5,21.5,450
511,2025-03-14 08:40:00+00:00,212.84698271486832,22.2,1.7,20.5,21.5,450
512,2025-03-14 08:41:00+00:00,216.37388144531252,22.3,1.7,20.5,21.5,450
513,2025-03-14 08:42:00+00:00,217.58903470460524,22.4,1.7,20.5,21.5,450
514,2025-03-14 08:43:00+00:00,235.051400390625,22.4,1.7,20.5,21.5,450
515,2025-03-14 08:44:00+00:00,257.19766226807565,22.4,1.7,20.5,21.5,1050
516,2025-03-14 08:45:00+00:00,273.8714605224671,22.4,1.7,20.5,21.5,1050
517,2025-03-14 08:46:00+00:00,283.06901447753296,22.4,1.7,20.5,21.5,1050
518,2025-03-14 08:47:00+00:00,291.45124753416127,22.4,1.7,20.5,21.5,1050
519,2025-03-14 08:48:00+00:00,292.47387780759874,22.5,1.7,20.5,21.5,1050
520,2025-03-14 08:49:00+00:00,299.39162849121715,22.6,1.7,20.5,21.5,150
521,2025-03-14 08:50:00+00:00,305.07710009763167,22.6,1.7,20.5,21.5,150
522,2025-03-14 08:51:00+00:00,305.07710009763167,22.6,1.7,20.5,21.5,150
523,2025-03-14 08:52:00+00:00,302.2373935546875,22.6,1.7,20.5,21.5,150
524,2025-03-14 08:53:00+00:00,291.4863689575165,22.7,1.7,20.5,21.5,150
525,2025-03-14 08:54:00+00:00,268.7006932250823,22.7,1.7,20.5,21.5,150
526,2025-03-14 08:55:00+00:00,251.11805690916128,22.6,1.7,20.5,21.5,150
527,2025-03-14 08:56:00+00:00,232.53432506101979,22.7,1.7,20.5,21.5,150
528,2025-03-14 08:57:00+00:00,214.57360107424336,22.7,1.7,20.5,21.5,150
529,2025-03-14 08:58:00+00:00,208.1218465942598,22.7,1.7,20.5,21.5,150
530,2025-03-14 08:59:00+00:00,201.98210592039482,22.7,1.7,20.5,21.5,150
531,2025-03-14 09:00:00+00:00,197.74063168944087,22.8,1.7,20.5,21.5,150
532,2025-03-14 09:01:00+00:00,194.88679859620063,22.7,1.7,20.5,21.5,150
533,2025-03-14 09:02:00+00:00,198.60430078125,22.8,1.7,20.5,21.5,150
534,2025-03-14 09:03:00+00:00,205.80524230958878,22.8,1.7,20.5,21.5,150
535,2025-03-14 09:04:00+00:00,207.69478088378293,22.9,1.7,20.5,21.5,600
536,2025-03-14 09:05:00+00:00,204.56447530519733,22.9,1.7,20.5,21.5,600
537,2025-03-14 09:06:00+00:00,194.82474375000004,22.9,1.7,20.5,21.5,600
538,2025-03-14 09:07:00+00:00,185.2607092895723,22.9,1.7,20.5,21.5,600
539,2025-03-14 09:08:00+00:00,182.05614184569083,23.1,1.7,20.5,21.5,600
540,2025-03-14 09:09:00+00:00,176.25699799805918,22.9,1.7,20.5,21.5,600
541,2025-03-14 09:10:00+00:00,166.86092252195732,23.1,1.7,20.5,21.5,600
542,2025-03-14 09:11:00+00:00,156.49869298095396,23.0,1.7,20.5,21.5,600
543,2025-03-14 09:12:00+00:00,147.95956823728625,23.0,1.7,20.5,21.5,600
544,2025-03-14 09:13:00+00:00,139.86892397462168,23.0,1.7,20.5,21.5,600
545,2025-03-14 09:14:00+00:00,132.22415083006584,23.0,1.7,20.5,21.5,600
546,2025-03-14 09:15:00+00:00,128.15648415527957,23.1,1.7,20.5,21.5,600
547,2025-03-14 09:16:00+00:00,129.3807551880098,23.1,1.7,20.5,21.5,600
548,2025-03-14 09:17:00+00:00,133.3617130371217,23.1,1.7,20.5,21.5,600
549,2025-03-14 09:18:00+00:00,139.90587495118416,23.1,1.7,20.5,21.5,600
550,2025-03-14 09:19:00+00:00,147.68117622069084,23.0,1.7,20.5,21.5,900
551,2025-03-14 09:20:00+00:00,156.1314926513488,23.0,1.7,20.5,21.5,900
552,2025-03-14 09:21:00+00:00,165.01733272707233,23.0,1.7,20.5,21.5,900
553,2025-03-14 09:22:00+00:00,175.5194481078948,23.0,1.7,20.5,21.5,900
554,2025-03-14 09:23:00+00:00,186.34914349366773,23.1,1.7,20.5,21.5,900
555,2025-03-14 09:24:00+00:00,198.4294134887665,23.1,1.7,20.5,21.5,1050
556,2025-03-14 09:25:00+00:00,212.6242571044738,23.1,1.7,20.5,21.5,1050
557,2025-03-14 09:26:00+00:00,225.80213906250003,23.1,1.7,20.5,21.5,1050
558,2025-03-14 09:27:00+00:00,240.47710543213813,23.0,1.7,20.5,21.5,1050
559,2025-03-14 09:28:00+00:00,255.0407389892763,23.0,1.7,20.5,21.5,1050
560,2025-03-14 09:29:00+00:00,263.6106362182402,23.0,1.7,20.5,21.5,450
561,2025-03-14 09:30:00+00:00,266.5719930541777,23.0,3.1,20.5,21.5,450
562,2025-03-14 09:31:00+00:00,266.5719930541777,23.0,3.1,20.5,21.5,450
563,2025-03-14 09:32:00+00:00,262.86339869383227,23.0,3.1,20.5,21.5,450
564,2025-03-14 09:33:00+00:00,258.89317822263166,23.0,3.1,20.5,21.5,450
565,2025-03-14 09:34:00+00:00,256.38747011718755,23.0,3.1,20.5,21.5,150
566,2025-03-14 09:35:00+00:00,256.38747011718755,23.2,3.1,20.5,21.5,150
567,2025-03-14 09:36:00+00:00,253.16373735350336,23.1,3.1,20.5,21.5,150
568,2025-03-14 09:37:00+00:00,258.9219711913817,23.1,3.1,20.5,21.5,150
569,2025-03-14 09:38:00+00:00,269.21158846435856,23.1,3.1,20.5,21.5,150
570,2025-03-14 09:39:00+00:00,278.7714239502138,23.2,3.1,20.5,21.5,1050
571,2025-03-14 09:40:00+00:00,286.4968473999177,23.2,3.1,20.5,21.5,1050
572,2025-03-14 09:41:00+00:00,292.6179626220887,23.2,3.1,20.5,21.5,1050
573,2025-03-14 09:42:00+00:00,297.30569787597045,23.2,3.1,20.5,21.5,1050
574,2025-03-14 09:43:00+00:00,301.12262578125,23.2,3.1,20.5,21.5,1050
575,2025-03-14 09:44:00+00:00,304.9472318115296,23.2,3.1,20.5,21.5,750
576,2025-03-14 09:45:00+00:00,306.33517287597044,23.2,3.1,20.5,21.5,750
577,2025-03-14 09:46:00+00:00,307.4552793456909,23.1,3.1,20.5,21.5,750
578,2025-03-14 09:47:00+00:00,311.2755064453125,23.2,3.1,20.5,21.5,750
579,2025-03-14 09:48:00+00:00,319.69649003906255,23.2,3.1,20.5,21.5,750
580,2025-03-14 09:49:00+00:00,331.5287206054934,23.3,3.1,20.5,21.5,900
581,2025-03-14 09:50:00+00:00,340.81493291013174,23.2,3.1,20.5,21.5,900
582,2025-03-14 09:51:00+00:00,350.1307779785034,23.2,3.1,20.5,21.5,900
583,2025-03-14 09:52:00+00:00,357.8839746459869,23.2,3.1,20.5,21.5,900
584,2025-03-14 09:53:00+00:00,367.33247731934216,23.3,3.1,20.5,21.5,900
585,2025-03-14 09:54:00+00:00,376.45411981199027,23.2,3.1,20.5,21.5,1050
586,2025-03-14 09:55:00+00:00,383.2460512206909,23.2,3.1,20.5,21.5,1050
587,2025-03-14 09:56:00+00:00,388.1098434814637,23.3,3.1,20.5,21.5,1050
588,2025-03-14 09:57:00+00:00,393.14129479978624,23.3,3.1,20.5,21.5,1050
589,2025-03-14 09:58:00+00:00,397.87668841554273,23.3,3.1,20.5,21.5,1050
590,2025-03-14 09:59:00+00:00,403.5043641357238,23.3,3.1,20.5,21.5,300
591,2025-03-14 10:00:00+00:00,410.33903510743426,23.4,3.1,20.5,21.5,300
592,2025-03-14 10:01:00+00:00,416.72402589113483,23.3,3.1,20.5,21.5,300
593,2025-03-14 10:02:00+00:00,422.77399848631586,23.4,3.1,20.5,21.5,300
594,2025-03-14 10:03:00+00:00,428.0504899658388,23.3,3.1,20.5,21.5,300
595,2025-03-14 10:04:00+00:00,432.4747095703125,23.4,3.1,20.5,21.5,600
596,2025-03-14 10:05:00+00:00,434.9924747314638,23.4,3.1,20.5,21.5,600
597,2025-03-14 10:06:00+00:00,437.94408394776315,23.4,3.1,20.5,21.5,600
598,2025-03-14 10:07:00+00:00,440.9512096069244,23.3,3.1,20.5,21.5,600
599,2025-03-14 10:08:00+00:00,444.67549013674335,23.4,3.1,20.5,21.5,600
600,2025-03-14 10:09:00+00:00,449.03540544434213,23.3,3.1,20.5,21.5,300
601,2025-03-14 10:10:00+00:00,452.3894563842927,23.4,3.1,20.5,21.5,300
602,2025-03-14 10:11:00+00:00,453.5511626953125,23.4,3.1,20.5,21.5,300
603,2025-03-14 10:12:00+00:00,453.5511626953125,23.5,3.1,20.5,21.5,300
604,2025-03-14 10:13:00+00:00,453.5511626953125,23.5,3.1,20.5,21.5,300
605,2025-03-14 10:14:00+00:00,452.17437890625,23.5,3.1,20.5,21.5,450
606,2025-03-14 10:15:00+00:00,450.0207848144409,23.5,3.1,20.5,21.5,450
607,2025-03-14 10:16:00+00:00,448.9857375732238,23.7,3.1,20.5,21.5,450
608,2025-03-14 10:17:00+00:00,448.9857375732238,23.5,3.1,20.5,21.5,450
609,2025-03-14 10:18:00+00:00,450.3897847046053,23.5,3.1,20.5,21.5,450
610,2025-03-14 10:19:00+00:00,452.9941387206909,23.5,3.1,20.5,21.5,1050
611,2025-03-14 10:20:00+00:00,454.0788538330263,23.4,3.1,20.5,21.5,1050
612,2025-03-14 10:21:00+00:00,456.7262473388488,23.4,3.1,20.5,21.5,1050
613,2025-03-14 10:23:00+00:00,460.3878731689638,23.3,3.1,20.5,21.5,1050
614,2025-03-14 10:24:00+00:00,461.4378867553619,23.5,3.1,20.5,21.5,1050
615,2025-03-14 10:25:00+00:00,463.69495557863485,23.5,3.1,20.5,21.5,450
616,2025-03-14 10:26:00+00:00,464.79301743162836,23.5,3.1,20.5,21.5,450
617,2025-03-14 10:27:00+00:00,466.00208217774673,23.5,3.1,20.5,21.5,450
618,2025-03-14 10:28:00+00:00,467.21594575194086,23.5,3.1,20.5,21.5,450
619,2025-03-14 10:29:00+00:00,468.2884838378784,23.6,3.1,20.5,21.5,450
620,2025-03-14 10:30:00+00:00,468.2884838378784,23.5,3.8,20.5,21.5,300
621,2025-03-14 10:31:00+00:00,467.2036787475494,23.5,3.8,20.5,21.5,300
622,2025-03-14 10:32:00+00:00,465.6107077514802,23.5,3.8,20.5,21.5,300
623,2025-03-14 10:33:00+00:00,462.9773808105592,23.5,3.8,20.5,21.5,300
624,2025-03-14 10:34:00+00:00,461.84851647947374,23.5,3.8,20.5,21.5,300
625,2025-03-14 10:35:00+00:00,460.6821912963652,23.4,3.8,20.5,21.5,750
626,2025-03-14 10:36:00+00:00,458.42857163087166,23.5,3.8,20.5,21.5,750
627,2025-03-14 10:37:00+00:00,458.42857163087166,23.5,3.8,20.5,21.5,750
628,2025-03-14 10:38:00+00:00,457.34781555177625,23.6,3.8,20.5,21.5,750
629,2025-03-14 10:39:00+00:00,457.34781555177625,23.6,3.8,20.5,21.5,750
630,2025-03-14 10:40:00+00:00,456.3632759765625,23.6,3.8,20.5,21.5,450
631,2025-03-14 10:41:00+00:00,456.3632759765625,23.7,3.8,20.5,21.5,450
632,2025-03-14 10:42:00+00:00,456.3632759765625,23.6,3.8,20.5,21.5,450
633,2025-03-14 10:43:00+00:00,456.3632759765625,23.6,3.8,20.5,21.5,450
634,2025-03-14 10:44:00+00:00,457.44445195312505,23.6,3.8,20.5,21.5,450
635,2025-03-14 10:45:00+00:00,457.44445195312505,23.6,3.8,20.5,21.5,150
636,2025-03-14 10:46:00+00:00,458.64901779784543,23.7,3.8,20.5,21.5,150
637,2025-03-14 10:47:00+00:00,459.6711981811677,23.7,3.8,20.5,21.5,150
638,2025-03-14 10:48:00+00:00,460.70072677001644,23.7,3.8,20.5,21.5,150
639,2025-03-14 10:49:00+00:00,460.70072677001644,23.6,3.8,20.5,21.5,150
640,2025-03-14 10:50:00+00:00,460.70072677001644,23.8,3.8,20.5,21.5,450
641,2025-03-14 10:51:00+00:00,463.49877348631594,23.6,3.8,20.5,21.5,450
642,2025-03-14 10:52:00+00:00,464.7441893554934,23.7,3.8,20.5,21.5,450
643,2025-03-14 10:53:00+00:00,467.4414606811677,23.5,3.8,20.5,21.5,450
644,2025-03-14 10:54:00+00:00,468.44792490236836,23.4,3.8,20.5,21.5,450
645,2025-03-14 10:56:00+00:00,472.83834276123355,23.6,3.8,20.5,21.5,900
646,2025-03-14 10:57:00+00:00,475.05882052001647,23.6,3.8,20.5,21.5,900
647,2025-03-14 10:58:00+00:00,479.1998792724671,23.6,3.8,20.5,21.5,900
648,2025-03-14 10:59:00+00:00,474.18465399167775,23.7,3.8,20.5,21.5,900
649,2025-03-14 11:00:00+00:00,457.87880588378295,23.7,3.8,20.5,21.5,900
650,2025-03-14 11:01:00+00:00,424.9229137206909,23.7,3.8,20.5,21.5,750
651,2025-03-14 11:02:00+00:00,381.1360664794738,23.6,3.8,20.5,21.5,750
652,2025-03-14 11:03:00+00:00,378.39455595700673,23.5,3.8,20.5,21.5,750
653,2025-03-14 11:04:00+00:00,396.97240924070735,23.8,3.8,20.5,21.5,750
654,2025-03-14 11:05:00+00:00,413.9984414794738,23.7,3.8,20.5,21.5,750
655,2025-03-14 11:06:00+00:00,428.68189577634877,24.0,3.8,20.5,21.5,600
656,2025-03-14 11:07:00+00:00,441.28127900388176,23.9,3.8,20.5,21.5,600
657,2025-03-14 11:08:00+00:00,451.37732354738483,24.0,3.8,20.5,21.5,600
658,2025-03-14 11:09:00+00:00,460.72310130616773,24.1,3.8,20.5,21.5,600
659,2025-03-14 11:10:00+00:00,467.07204089353627,24.1,3.8,20.5,21.5,600
660,2025-03-14 11:11:00+00:00,473.71352904054265,24.2,3.8,20.5,21.5,1050
661,2025-03-14 11:12:00+00:00,479.5422756591613,24.4,3.8,20.5,21.5,1050
662,2025-03-14 11:13:00+00:00,484.63920098876656,24.5,3.8,20.5,21.5,1050
663,2025-03-14 11:14:00+00:00,488.89744112550983,24.5,3.8,20.5,21.5,1050
664,2025-03-14 11:15:00+00:00,492.39803627930917,24.4,3.8,20.5,21.5,1050
665,2025-03-14 11:16:00+00:00,494.9319674926973,24.4,3.8,20.5,21.5,600
666,2025-03-14 11:17:00+00:00,495.9385216918914,24.4,3.8,20.5,21.5,600
667,2025-03-14 11:18:00+00:00,497.0363136108552,24.4,3.8,20.5,21.5,600
668,2025-03-14 11:19:00+00:00,498.1123008544738,24.3,3.8,20.5,21.5,600
669,2025-03-14 11:20:00+00:00,498.1123008544738,24.4,3.8,20.5,21.5,600
670,2025-03-14 11:21:00+00:00,499.1304622192598,24.3,3.8,20.5,21.5,750
671,2025-03-14 11:22:00+00:00,499.1304622192598,24.2,3.8,20.5,21.5,750
672,2025-03-14 11:23:00+00:00,499.1304622192598,24.1,3.8,20.5,21.5,750
673,2025-03-14 11:24:00+00:00,499.1304622192598,24.1,3.8,20.5,21.5,750
674,2025-03-14 11:25:00+00:00,499.1304622192598,24.3,3.8,20.5,21.5,750
675,2025-03-14 11:26:00+00:00,500.1642497680757,24.2,3.8,20.5,21.5,600
676,2025-03-14 11:27:00+00:00,500.1642497680757,24.3,3.8,20.5,21.5,600
677,2025-03-14 11:28:00+00:00,500.1642497680757,24.6,3.8,20.5,21.5,600
678,2025-03-14 11:29:00+00:00,500.1642497680757,24.8,3.8,20.5,21.5,600
679,2025-03-14 11:30:00+00:00,500.1642497680757,24.9,4.3,20.5,21.5,600
680,2025-03-14 11:31:00+00:00,499.0695470947204,24.8,4.3,20.5,21.5,450
681,2025-03-14 11:32:00+00:00,498.0088561157073,24.8,4.3,20.5,21.5,450
682,2025-03-14 11:33:00+00:00,498.0088561157073,24.8,4.3,20.5,21.5,450
683,2025-03-14 11:35:00+00:00,495.4856622802796,25.0,4.3,20.5,21.5,450
684,2025-03-14 11:36:00+00:00,494.3818118408388,24.7,4.3,20.5,21.5,450
685,2025-03-14 11:37:00+00:00,494.3818118408388,24.7,4.3,20.5,21.5,750
686,2025-03-14 11:38:00+00:00,495.3894157837006,24.8,4.3,20.5,21.5,750
687,2025-03-14 11:39:00+00:00,495.3894157837006,24.6,4.3,20.5,21.5,750
688,2025-03-14 11:41:00+00:00,475.7225584350494,24.3,4.3,20.5,21.5,750
689,2025-03-14 11:42:00+00:00,432.4225223144408,24.2,4.3,20.5,21.5,750
690,2025-03-14 11:43:00+00:00,385.82626113281253,24.6,4.3,20.5,21.5,600
691,2025-03-14 11:44:00+00:00,343.23600168458876,24.3,4.3,20.5,21.5,600
692,2025-03-14 11:45:00+00:00,337.00775262449025,24.4,4.3,20.5,21.5,600
693,2025-03-14 11:46:00+00:00,356.3443006347534,23.8,4.3,20.5,21.5,600
694,2025-03-14 11:47:00+00:00,377.7155217773684,24.3,4.3,20.5,21.5,600
695,2025-03-14 11:48:00+00:00,398.6399420287994,24.5,4.3,20.5,21.5,450
696,2025-03-14 11:49:00+00:00,410.79882282715465,24.5,4.3,20.5,21.5,450
697,2025-03-14 11:50:00+00:00,423.20280377195735,24.6,4.3,20.5,21.5,450
698,2025-03-14 11:51:00+00:00,432.98956384277955,25.0,4.3,20.5,21.5,450
699,2025-03-14 11:52:00+00:00,442.28051499024673,25.1,4.3,20.5,21.5,450
700,2025-03-14 11:53:00+00:00,447.6768572021546,24.6,4.3,20.5,21.5,150
701,2025-03-14 11:54:00+00:00,453.43955994873363,24.7,4.3,20.5,21.5,150
702,2025-03-14 11:55:00+00:00,458.30572163087174,24.9,4.3,20.5,21.5,150
703,2025-03-14 11:56:00+00:00,461.68340679932567,25.0,4.3,20.5,21.5,150
704,2025-03-14 11:57:00+00:00,465.2767692993256,25.2,4.3,20.5,21.5,150
705,2025-03-14 11:58:00+00:00,468.1896279785034,25.5,4.3,20.5,21.5,300
706,2025-03-14 11:59:00+00:00,470.3167685302796,25.7,4.3,20.5,21.5,300
707,2025-03-14 12:00:00+00:00,472.37630559083874,25.2,4.3,20.5,21.5,300
708,2025-03-14 12:01:00+00:00,473.86592182618426,25.2,4.3,20.5,21.5,300
709,2025-03-14 12:02:00+00:00,476.2457206787171,24.8,4.3,20.5,21.5,300
710,2025-03-14 12:03:00+00:00,478.92322683103635,25.1,4.3,20.5,21.5,900
711,2025-03-14 12:04:00+00:00,481.24453996583884,25.4,4.3,20.5,21.5,900
712,2025-03-14 12:05:00+00:00,483.8801463500823,25.4,4.3,20.5,21.5,900
713,2025-03-14 12:06:00+00:00,486.3943123901152,25.4,4.3,20.5,21.5,900
714,2025-03-14 12:08:00+00:00,489.9551928222534,25.4,4.3,20.5,21.5,900
715,2025-03-14 12:09:00+00:00,492.36981317136525,25.6,4.3,20.5,21.5,750
716,2025-03-14 12:10:00+00:00,494.80035963133236,25.2,4.3,20.5,21.5,750
717,2025-03-14 12:11:00+00:00,496.0404368041777,25.1,4.3,20.5,21.5,750
718,2025-03-14 12:12:00+00:00,496.0404368041777,25.1,4.3,20.5,21.5,750
719,2025-03-14 12:13:00+00:00,489.5083319458223,25.4,4.3,20.5,21.5,750
720,2025-03-14 12:15:00+00:00,400.28680986325674,25.4,4.3,20.5,21.5,150
721,2025-03-14 12:16:00+00:00,401.7181803222534,25.3,4.3,20.5,21.5,150
722,2025-03-14 12:17:00+00:00,394.5425826049835,25.1,4.3,20.5,21.5,150
723,2025-03-14 12:18:00+00:00,411.6358584228455,24.9,4.3,20.5,21.5,150
724,2025-03-14 12:19:00+00:00,426.2840713256744,24.8,4.3,20.5,21.5,150
725,2025-03-14 12:20:00+00:00,435.8588431640626,24.5,4.3,20.5,21.5,600
726,2025-03-14 12:22:00+00:00,452.5949661987336,24.6,4.3,20.5,21.5,600
727,2025-03-14 12:23:00+00:00,457.14962395021377,24.5,4.3,20.5,21.5,600
728,2025-03-14 12:24:00+00:00,460.82846557618416,24.8,4.3,20.5,21.5,600
729,2025-03-14 12:25:00+00:00,463.9933527099671,24.7,4.3,20.5,21.5,600
730,2025-03-14 12:26:00+00:00,465.1208073852631,24.7,4.3,20.5,21.5,450
731,2025-03-14 12:27:00+00:00,466.12613188475336,24.7,4.3,20.5,21.5,450
732,2025-03-14 12:28:00+00:00,466.12613188475336,24.9,4.3,20.5,21.5,450
733,2025-03-14 12:29:00+00:00,466.12613188475336,24.9,4.3,20.5,21.5,450
734,2025-03-14 12:30:00+00:00,468.53904265134884,24.9,4.6,20.5,21.5,450
735,2025-03-14 12:31:00+00:00,469.5951447509704,25.1,4.6,20.5,21.5,750
736,2025-03-14 12:32:00+00:00,472.0819574706909,24.9,4.6,20.5,21.5,750
737,2025-03-14 12:33:00+00:00,476.376788671875,25.0,4.6,20.5,21.5,750
738,2025-03-14 12:34:00+00:00,481.2872495361513,25.0,4.6,20.5,21.5,750
739,2025-03-14 12:35:00+00:00,483.9556079223848,24.7,4.6,20.5,21.5,750
740,2025-03-14 12:36:00+00:00,469.5529750488158,24.7,4.6,20.5,21.5,600
741,2025-03-14 12:37:00+00:00,425.8174152831908,24.6,4.6,20.5,21.5,600
742,2025-03-14 12:38:00+00:00,389.120386706546,24.6,4.6,20.5,21.5,600
743,2025-03-14 12:39:00+00:00,345.83447713623355,24.5,4.6,20.5,21.5,600
744,2025-03-14 12:40:00+00:00,309.9064307739473,24.2,4.6,20.5,21.5,600
745,2025-03-14 12:41:00+00:00,283.9550581054934,24.2,4.6,20.5,21.5,750
746,2025-03-14 12:42:00+00:00,257.10783420409547,24.2,4.6,20.5,21.5,750
747,2025-03-14 12:43:00+00:00,236.940219140625,24.2,4.6,20.5,21.5,750
748,2025-03-14 12:44:00+00:00,217.03866910401317,24.3,4.6,20.5,21.5,750
749,2025-03-14 12:45:00+00:00,201.2272802490296,24.3,4.6,20.5,21.5,750
750,2025-03-14 12:46:00+00:00,196.93505841064146,24.3,4.6,20.5,21.5,1050
751,2025-03-14 12:47:00+00:00,219.06473433838815,24.4,4.6,20.5,21.5,1050
752,2025-03-14 12:48:00+00:00,215.5443440185363,24.4,4.6,20.5,21.5,1050
753,2025-03-14 12:49:00+00:00,245.3985136230592,24.5,4.6,20.5,21.5,1050
754,2025-03-14 12:50:00+00:00,272.4272232055757,24.7,4.6,20.5,21.5,1050
755,2025-03-14 12:51:00+00:00,304.4259591064637,24.7,4.6,20.5,21.5,750
756,2025-03-14 12:52:00+00:00,326.6382348632567,25.0,4.6,20.5,21.5,750
757,2025-03-14 12:53:00+00:00,342.2138512939637,24.9,4.6,20.5,21.5,750
758,2025-03-14 12:54:00+00:00,358.44288815916127,24.6,4.6,20.5,21.5,750
759,2025-03-14 12:55:00+00:00,370.89239798585527,24.7,4.6,20.5,21.5,750
760,2025-03-14 12:56:00+00:00,381.51343432618415,25.0,4.6,20.5,21.5,750
761,2025-03-14 12:57:00+00:00,390.0944888305757,24.9,4.6,20.5,21.5,750
762,2025-03-14 12:58:00+00:00,396.9482651367434,25.1,4.6,20.5,21.5,750
763,2025-03-14 12:59:00+00:00,401.8781912475494,25.2,4.6,20.5,21.5,750
764,2025-03-14 13:00:00+00:00,407.24349104003295,25.2,4.6,20.5,21.5,750
765,2025-03-14 13:01:00+00:00,411.2256785888488,25.1,4.6,20.5,21.5,450
766,2025-03-14 13:02:00+00:00,414.2093499755921,25.2,4.6,20.5,21.5,450
767,2025-03-14 13:03:00+00:00,416.3644137084869,25.4,4.6,20.5,21.5,450
768,2025-03-14 13:04:00+00:00,417.5155625976317,25.4,4.6,20.5,21.5,450
769,2025-03-14 13:05:00+00:00,418.68536693116766,25.5,4.6,20.5,21.5,450
770,2025-03-14 13:06:00+00:00,418.68536693116766,25.7,4.6,20.5,21.5,450
771,2025-03-14 13:07:00+00:00,419.7609942627138,25.8,4.6,20.5,21.5,450
772,2025-03-14 13:08:00+00:00,420.9000561035034,25.6,4.6,20.5,21.5,450
773,2025-03-14 13:09:00+00:00,418.0260379394408,25.7,4.6,20.5,21.5,450
774,2025-03-14 13:10:00+00:00,411.4826258422698,25.7,4.6,20.5,21.5,450
775,2025-03-14 13:11:00+00:00,411.63054971925976,25.4,4.6,20.5,21.5,1050
776,2025-03-14 13:12:00+00:00,412.63239506837175,25.1,4.6,20.5,21.5,1050
777,2025-03-14 13:13:00+00:00,413.8571459838652,25.2,4.6,20.5,21.5,1050
778,2025-03-14 13:14:00+00:00,415.0662407226317,25.2,4.6,20.5,21.5,1050
779,2025-03-14 13:15:00+00:00,415.0662407226317,25.4,4.6,20.5,21.5,1050
780,2025-03-14 13:16:00+00:00,416.0557290893586,25.4,4.6,20.5,21.5,450
781,2025-03-14 13:17:00+00:00,416.0557290893586,25.3,4.6,20.5,21.5,450
782,2025-03-14 13:18:00+00:00,416.0557290893586,25.0,4.6,20.5,21.5,450
783,2025-03-14 13:19:00+00:00,416.0557290893586,25.1,4.6,20.5,21.5,450
784,2025-03-14 13:20:00+00:00,415.0123138915955,25.4,4.6,20.5,21.5,450
785,2025-03-14 13:21:00+00:00,415.0123138915955,25.3,4.6,20.5,21.5,900
786,2025-03-14 13:22:00+00:00,414.0199162353454,25.4,4.6,20.5,21.5,900
787,2025-03-14 13:23:00+00:00,413.00499407960524,25.5,4.6,20.5,21.5,900
788,2025-03-14 13:24:00+00:00,411.8964647827303,25.5,4.6,20.5,21.5,900
789,2025-03-14 13:25:00+00:00,410.71490332031254,25.3,4.6,20.5,21.5,900
790,2025-03-14 13:26:00+00:00,408.32328735350336,25.2,4.6,20.5,21.5,1050
791,2025-03-14 13:27:00+00:00,407.05723652343755,25.1,4.6,20.5,21.5,1050
792,2025-03-14 13:28:00+00:00,399.1825995117433,25.0,4.6,20.5,21.5,1050
793,2025-03-14 13:29:00+00:00,397.9490007568421,24.8,4.6,20.5,21.5,1050
794,2025-03-14 13:30:00+00:00,394.2932534912172,24.8,4.5,20.5,21.5,1050
795,2025-03-14 13:31:00+00:00,375.27873684083875,24.9,4.5,20.5,21.5,600
796,2025-03-14 13:32:00+00:00,371.6054438598848,24.9,4.5,20.5,21.5,600
797,2025-03-14 13:33:00+00:00,375.1321326415955,24.9,4.5,20.5,21.5,600
798,2025-03-14 13:34:00+00:00,379.26860251465456,24.9,4.5,20.5,21.5,600
799,2025-03-14 13:35:00+00:00,382.17342315675984,25.0,4.5,20.5,21.5,600
800,2025-03-14 13:36:00+00:00,385.35993500975337,25.4,4.5,20.5,21.5,750
801,2025-03-14 13:37:00+00:00,386.50793466799337,25.2,4.5,20.5,21.5,750
802,2025-03-14 13:38:00+00:00,387.61514428712167,25.0,4.5,20.5,21.5,750
803,2025-03-14 13:39:00+00:00,388.59992380371705,24.9,4.5,20.5,21.5,750
804,2025-03-14 13:40:00+00:00,388.59992380371705,24.8,4.5,20.5,21.5,750
805,2025-03-14 13:41:00+00:00,388.59992380371705,24.8,4.5,20.5,21.5,900
806,2025-03-14 13:42:00+00:00,388.59992380371705,24.8,4.5,20.5,21.5,900
807,2025-03-14 13:43:00+00:00,388.59992380371705,24.8,4.5,20.5,21.5,900
808,2025-03-14 13:44:00+00:00,388.59992380371705,24.9,4.5,20.5,21.5,900
809,2025-03-14 13:45:00+00:00,388.59992380371705,24.9,4.5,20.5,21.5,900
810,2025-03-14 13:46:00+00:00,388.59992380371705,25.1,4.5,20.5,21.5,150
811,2025-03-14 13:47:00+00:00,388.59992380371705,25.0,4.5,20.5,21.5,150
812,2025-03-14 13:48:00+00:00,387.53626354978627,25.0,4.5,20.5,21.5,150
813,2025-03-14 13:49:00+00:00,386.4742229003784,25.0,4.5,20.5,21.5,150
814,2025-03-14 13:50:00+00:00,386.4742229003784,24.9,4.5,20.5,21.5,150
815,2025-03-14 13:51:00+00:00,386.4742229003784,24.8,4.5,20.5,21.5,750
816,2025-03-14 13:52:00+00:00,386.4742229003784,24.6,4.5,20.5,21.5,750
817,2025-03-14 13:53:00+00:00,385.3490776611513,24.6,4.5,20.5,21.5,750
818,2025-03-14 13:54:00+00:00,383.0660951660034,24.8,4.5,20.5,21.5,750
819,2025-03-14 13:55:00+00:00,380.8978046630921,24.6,4.5,20.5,21.5,750
820,2025-03-14 13:56:00+00:00,378.353585961908,24.6,4.5,20.5,21.5,450
821,2025-03-14 13:57:00+00:00,375.97771614991774,24.4,4.5,20.5,21.5,450
822,2025-03-14 13:58:00+00:00,373.73555368652956,24.4,4.5,20.5,21.5,450
823,2025-03-14 13:59:00+00:00,371.5698425537171,24.4,4.5,20.5,21.5,450
824,2025-03-14 14:00:00+00:00,370.57027664792776,24.4,4.5,20.5,21.5,450
825,2025-03-14 14:01:00+00:00,368.0598596924013,24.4,4.5,20.5,21.5,300
826,2025-03-14 14:02:00+00:00,366.6312185668915,24.4,4.5,20.5,21.5,300
827,2025-03-14 14:03:00+00:00,364.4241475341613,24.4,4.5,20.5,21.5,300
828,2025-03-14 14:04:00+00:00,362.08840792238476,24.5,4.5,20.5,21.5,300
829,2025-03-14 14:05:00+00:00,361.001443359375,24.6,4.5,20.5,21.5,300
830,2025-03-14 14:06:00+00:00,359.851914074704,24.5,4.5,20.5,21.5,750
831,2025-03-14 14:07:00+00:00,357.27650299070734,24.5,4.5,20.5,21.5,750
832,2025-03-14 14:08:00+00:00,356.2082238647369,24.5,4.5,20.5,21.5,750
833,2025-03-14 14:09:00+00:00,355.18826293944085,24.5,4.5,20.5,21.5,750
834,2025-03-14 14:10:00+00:00,354.1539955078125,24.5,4.5,20.5,21.5,750
835,2025-03-14 14:11:00+00:00,351.9376267456086,24.5,4.5,20.5,21.5,150
836,2025-03-14 14:12:00+00:00,350.9342817627138,24.5,4.5,20.5,21.5,150
837,2025-03-14 14:13:00+00:00,348.60184134523024,24.5,4.5,20.5,21.5,150
838,2025-03-14 14:14:00+00:00,347.5638848144409,24.6,4.5,20.5,21.5,150
839,2025-03-14 14:15:00+00:00,346.5048434325988,24.7,4.5,20.5,21.5,150
840,2025-03-14 14:16:00+00:00,345.4955898925659,24.8,4.5,20.5,21.5,1050
841,2025-03-14 14:17:00+00:00,343.42255612791126,24.9,4.5,20.5,21.5,1050
842,2025-03-14 14:18:00+00:00,342.13874963378294,25.0,4.5,20.5,21.5,1050
843,2025-03-14 14:19:00+00:00,341.0081457275329,25.3,4.5,20.5,21.5,1050
844,2025-03-14 14:20:00+00:00,339.85441746824023,25.5,4.5,20.5,21.5,1050
845,2025-03-14 14:21:00+00:00,337.5805827392762,25.5,4.5,20.5,21.5,150
846,2025-03-14 14:22:00+00:00,335.2740260009705,25.4,4.5,20.5,21.5,150
847,2025-03-14 14:24:00+00:00,303.54837341309207,25.5,4.5,20.5,21.5,150
848,2025-03-14 14:25:00+00:00,302.4895719726317,25.3,4.5,20.5,21.5,150
849,2025-03-14 14:26:00+00:00,305.15136196287835,25.2,4.5,20.5,21.5,150
850,2025-03-14 14:27:00+00:00,307.70583815916126,25.1,4.5,20.5,21.5,900
851,2025-03-14 14:28:00+00:00,308.73194758302634,25.5,4.5,20.5,21.5,900
852,2025-03-14 14:29:00+00:00,309.81024426271375,25.0,4.5,20.5,21.5,900
853,2025-03-14 14:30:00+00:00,310.87582404784547,24.9,4.2,20.5,21.5,900
854,2025-03-14 14:31:00+00:00,310.87582404784547,25.0,4.2,20.5,21.5,900
855,2025-03-14 14:32:00+00:00,310.87582404784547,25.2,4.2,20.5,21.5,600
856,2025-03-14 14:33:00+00:00,310.87582404784547,25.2,4.2,20.5,21.5,600
857,2025-03-14 14:34:00+00:00,310.87582404784547,25.0,4.2,20.5,21.5,600
858,2025-03-14 14:35:00+00:00,310.87582404784547,25.2,4.2,20.5,21.5,600
859,2025-03-14 14:36:00+00:00,309.8648309325988,25.2,4.2,20.5,21.5,600
860,2025-03-14 14:37:00+00:00,308.7536022949342,25.3,4.2,20.5,21.5,600
861,2025-03-14 14:38:00+00:00,307.5737504150329,25.3,4.2,20.5,21.5,600
862,2025-03-14 14:39:00+00:00,302.9831314453125,25.4,4.2,20.5,21.5,600
863,2025-03-14 14:40:00+00:00,301.9652400146546,25.5,4.2,20.5,21.5,600
864,2025-03-14 14:41:00+00:00,300.91864559324017,25.4,4.2,20.5,21.5,600
865,2025-03-14 14:42:00+00:00,300.91864559324017,25.4,4.2,20.5,21.5,600
866,2025-03-14 14:43:00+00:00,298.77785837402956,25.2,4.2,20.5,21.5,600
867,2025-03-14 14:44:00+00:00,297.7624563354277,25.0,4.2,20.5,21.5,600
868,2025-03-14 14:45:00+00:00,296.7516731689638,25.1,4.2,20.5,21.5,600
869,2025-03-14 14:46:00+00:00,293.9741714355592,25.1,4.2,20.5,21.5,600
870,2025-03-14 14:47:00+00:00,292.6218016845888,25.0,4.2,20.5,21.5,600
871,2025-03-14 14:48:00+00:00,291.520440637204,25.1,4.2,20.5,21.5,600
872,2025-03-14 14:49:00+00:00,288.9573865356415,25.2,4.2,20.5,21.5,600
873,2025-03-14 14:50:00+00:00,287.6097256347534,25.1,4.2,20.5,21.5,600
874,2025-03-14 14:51:00+00:00,284.9408873657073,25.0,4.2,20.5,21.5,600
875,2025-03-14 14:52:00+00:00,282.83984044189145,25.1,4.2,20.5,21.5,1050
876,2025-03-14 14:53:00+00:00,280.7024723877137,25.0,4.2,20.5,21.5,1050
877,2025-03-14 14:54:00+00:00,278.4307671386842,25.0,4.2,20.5,21.5,1050
878,2025-03-14 14:55:00+00:00,276.3235717162994,25.3,4.2,20.5,21.5,1050
879,2025-03-14 14:56:00+00:00,274.1205197021546,25.2,4.2,20.5,21.5,1050
880,2025-03-14 14:57:00+00:00,271.85100391845396,24.9,4.2,20.5,21.5,600
881,2025-03-14 14:58:00+00:00,269.5656220092927,24.7,4.2,20.5,21.5,600
882,2025-03-14 14:59:00+00:00,266.96240771486833,24.9,4.2,20.5,21.5,600
883,2025-03-14 15:00:00+00:00,265.78411545409546,25.0,4.2,20.5,21.5,600
884,2025-03-14 15:01:00+00:00,262.65506956786186,25.1,4.2,20.5,21.5,600
885,2025-03-14 15:02:00+00:00,260.56631964113484,25.2,4.2,20.5,21.5,600
886,2025-03-14 15:03:00+00:00,259.46654820557563,25.4,4.2,20.5,21.5,600
887,2025-03-14 15:04:00+00:00,256.977516027829,25.4,4.2,20.5,21.5,600
888,2025-03-14 15:05:00+00:00,254.5768422729277,25.4,4.2,20.5,21.5,600
889,2025-03-14 15:06:00+00:00,253.20053836667773,25.3,4.2,20.5,21.5,600
890,2025-03-14 15:07:00+00:00,250.71582513429271,25.3,4.2,20.5,21.5,600
891,2025-03-14 15:08:00+00:00,249.61503394776315,25.4,4.2,20.5,21.5,600
892,2025-03-14 15:09:00+00:00,248.5259698974671,25.3,4.2,20.5,21.5,600
893,2025-03-14 15:10:00+00:00,247.50465930177626,25.2,4.2,20.5,21.5,600
894,2025-03-14 15:11:00+00:00,244.9665890991119,25.1,4.2,20.5,21.5,600
895,2025-03-14 15:12:00+00:00,242.58496069337167,24.9,4.2,20.5,21.5,750
896,2025-03-14 15:13:00+00:00,240.43163653564147,24.8,4.2,20.5,21.5,750
897,2025-03-14 15:14:00+00:00,238.26721508787833,25.1,4.2,20.5,21.5,750
898,2025-03-14 15:15:00+00:00,237.2204107177796,25.2,4.2,20.5,21.5,750
899,2025-03-14 15:16:00+00:00,234.786505078125,24.9,4.2,20.5,21.5,750
900,2025-03-14 15:17:00+00:00,231.9720823608552,24.6,4.2,20.5,21.5,600
901,2025-03-14 15:18:00+00:00,229.4085483764802,24.7,4.2,20.5,21.5,600
902,2025-03-14 15:19:00+00:00,227.11332886963817,24.7,4.2,20.5,21.5,600
903,2025-03-14 15:20:00+00:00,225.8983255737336,24.7,4.2,20.5,21.5,600
904,2025-03-14 15:21:00+00:00,223.16950195312504,24.6,4.2,20.5,21.5,600
905,2025-03-14 15:22:00+00:00,221.78099102782895,25.0,4.2,20.5,21.5,750
906,2025-03-14 15:23:00+00:00,219.63882414552623,25.1,4.2,20.5,21.5,750
907,2025-03-14 15:24:00+00:00,217.49293817136524,25.0,4.2,20.5,21.5,750
908,2025-03-14 15:25:00+00:00,215.21547432863483,25.1,4.2,20.5,21.5,750
909,2025-03-14 15:26:00+00:00,212.6114802246217,25.1,4.2,20.5,21.5,750
910,2025-03-14 15:27:00+00:00,210.52228040773022,25.0,4.2,20.5,21.5,750
911,2025-03-14 15:28:00+00:00,208.35893869628296,24.9,4.2,20.5,21.5,750
912,2025-03-14 15:29:00+00:00,206.13288229978627,25.0,4.2,20.5,21.5,750
913,2025-03-14 15:30:00+00:00,203.55495183103625,24.8,3.3,20.5,21.5,750
914,2025-03-14 15:31:00+00:00,202.31592440185855,24.8,3.3,20.5,21.5,750
915,2025-03-14 15:32:00+00:00,199.7680465942598,24.6,3.3,20.5,21.5,900
916,2025-03-14 15:33:00+00:00,197.7081196288817,24.8,3.3,20.5,21.5,900
917,2025-03-14 15:34:00+00:00,195.45953873289483,24.9,3.3,20.5,21.5,900
918,2025-03-14 15:35:00+00:00,193.28740916748356,25.0,3.3,20.5,21.5,900
919,2025-03-14 15:36:00+00:00,191.77376879881584,25.0,3.3,20.5,21.5,900
920,2025-03-14 15:37:00+00:00,188.5239124145723,24.9,3.3,20.5,21.5,1050
921,2025-03-14 15:38:00+00:00,186.4795216552796,24.8,3.3,20.5,21.5,1050
922,2025-03-14 15:39:00+00:00,185.48379481199024,25.0,3.3,20.5,21.5,1050
923,2025-03-14 15:40:00+00:00,183.44672226562503,25.0,3.3,20.5,21.5,1050
924,2025-03-14 15:41:00+00:00,180.98723287351982,24.6,3.3,20.5,21.5,1050
925,2025-03-14 15:42:00+00:00,179.58015648192438,24.7,3.3,20.5,21.5,300
926,2025-03-14 15:43:00+00:00,177.1175478515625,24.7,3.3,20.5,21.5,300
927,2025-03-14 15:44:00+00:00,175.82903250730274,24.5,3.3,20.5,21.5,300
928,2025-03-14 15:45:00+00:00,173.22245903319083,24.4,3.3,20.5,21.5,300
929,2025-03-14 15:46:00+00:00,171.23688391115127,24.1,3.3,20.5,21.5,300
930,2025-03-14 15:47:00+00:00,169.12078066406252,24.1,3.3,20.5,21.5,450
931,2025-03-14 15:48:00+00:00,167.88616215819084,24.1,3.3,20.5,21.5,450
932,2025-03-14 15:49:00+00:00,165.7129228637665,23.9,3.3,20.5,21.5,450
933,2025-03-14 15:51:00+00:00,161.1441985473848,24.0,3.3,20.5,21.5,450
934,2025-03-14 15:52:00+00:00,159.0672057494902,24.0,3.3,20.5,21.5,450
935,2025-03-14 15:53:00+00:00,157.0007403808717,24.0,3.3,20.5,21.5,300
936,2025-03-14 15:54:00+00:00,154.7518295654113,24.3,3.3,20.5,21.5,300
937,2025-03-14 15:55:00+00:00,152.58431887208877,24.3,3.3,20.5,21.5,300
938,2025-03-14 15:56:00+00:00,150.58686665037834,24.6,3.3,20.5,21.5,300
939,2025-03-14 15:57:00+00:00,148.55279337157899,24.6,3.3,20.5,21.5,300
940,2025-03-14 15:58:00+00:00,147.5231148193421,24.6,3.3,20.5,21.5,900
941,2025-03-14 15:59:00+00:00,145.3151440063323,24.5,3.3,20.5,21.5,900
942,2025-03-14 16:00:00+00:00,143.23152282715458,24.5,3.3,20.5,21.5,900
943,2025-03-14 16:01:00+00:00,140.7174167724671,24.4,3.3,19.0,23.0,900
944,2025-03-14 16:02:00+00:00,138.7157955688323,24.4,3.3,19.0,23.0,900
945,2025-03-14 16:03:00+00:00,136.66453648682565,24.5,3.3,19.0,23.0,0
946,2025-03-14 16:04:00+00:00,134.30945159911187,24.3,3.3,19.0,23.0,0
947,2025-03-14 16:05:00+00:00,133.17533854978626,24.5,3.3,19.0,23.0,0
948,2025-03-14 16:06:00+00:00,131.69786934814144,24.4,3.3,19.0,23.0,0
949,2025-03-14 16:07:00+00:00,129.3134816162171,24.5,3.3,19.0,23.0,0
950,2025-03-14 16:08:00+00:00,126.90614948728626,24.5,3.3,19.0,23.0,0
951,2025-03-14 16:09:00+00:00,125.64807670899668,24.5,3.3,19.0,23.0,0
952,2025-03-14 16:10:00+00:00,123.14107891845397,24.6,3.3,19.0,23.0,0
953,2025-03-14 16:11:00+00:00,121.91902734375002,24.7,3.3,19.0,23.0,0
954,2025-03-14 16:12:00+00:00,120.39644915773022,24.7,3.3,19.0,23.0,0
955,2025-03-14 16:13:00+00:00,118.18634886473689,24.7,3.3,19.0,23.0,0
956,2025-03-14 16:14:00+00:00,115.67674171144729,24.8,3.3,19.0,23.0,0
957,2025-03-14 16:15:00+00:00,114.61233164062502,24.6,3.3,19.0,23.0,0
958,2025-03-14 16:16:00+00:00,112.10977276613478,24.5,3.3,19.0,23.0,0
959,2025-03-14 16:17:00+00:00,111.10915711667775,24.5,3.3,19.0,23.0,0
960,2025-03-14 16:18:00+00:00,108.45675483399667,24.4,3.3,19.0,23.0,0
961,2025-03-14 16:19:00+00:00,107.46816624754939,24.4,3.3,19.0,23.0,0
962,2025-03-14 16:20:00+00:00,105.20536882322376,24.4,3.3,19.0,23.0,0
963,2025-03-14 16:21:00+00:00,102.43245596925979,24.4,3.3,19.0,23.0,0
964,2025-03-14 16:22:00+00:00,100.0516373657073,24.5,3.3,19.0,23.0,0
965,2025-03-14 16:23:00+00:00,97.69772219240123,24.4,3.3,19.0,23.0,0
966,2025-03-14 16:24:00+00:00,95.16409090574024,24.3,3.3,19.0,23.0,0
967,2025-03-14 16:25:00+00:00,92.8919657592927,24.3,3.3,19.0,23.0,0
968,2025-03-14 16:26:00+00:00,90.55715592039479,24.2,3.3,19.0,23.0,0
969,2025-03-14 16:27:00+00:00,88.23857211912834,24.3,3.3,19.0,23.0,0
970,2025-03-14 16:28:00+00:00,86.01872420654604,24.3,3.3,19.0,23.0,0
971,2025-03-14 16:29:00+00:00,83.8696290161348,24.3,3.3,19.0,23.0,0
972,2025-03-14 16:30:00+00:00,81.60800130616771,24.4,1.6,19.0,23.0,0
973,2025-03-14 16:32:00+00:00,78.42832778319084,24.5,1.6,19.0,23.0,0
974,2025-03-14 16:33:00+00:00,75.87589108884877,24.5,1.6,19.0,23.0,0
975,2025-03-14 16:34:00+00:00,73.11140617677624,24.3,1.6,19.0,23.0,0
976,2025-03-14 16:35:00+00:00,71.84430560304271,24.2,1.6,19.0,23.0,0
977,2025-03-14 16:36:00+00:00,69.36253165282896,24.2,1.6,19.0,23.0,0
978,2025-03-14 16:37:00+00:00,68.05988975832229,24.2,1.6,19.0,23.0,0
979,2025-03-14 16:38:00+00:00,66.44289462888169,24.3,1.6,19.0,23.0,0
980,2025-03-14 16:39:00+00:00,64.12125157470396,24.5,1.6,19.0,23.0,0
981,2025-03-14 16:40:00+00:00,61.76502696532896,24.4,1.6,19.0,23.0,0
982,2025-03-14 16:41:00+00:00,60.4202153686677,24.3,1.6,19.0,23.0,0
983,2025-03-14 16:42:00+00:00,59.045950964358546,24.3,1.6,19.0,23.0,0
984,2025-03-14 16:43:00+00:00,284.0370880736844,24.3,1.6,19.0,23.0,0
985,2025-03-14 16:44:00+00:00,272.8996078490136,24.4,1.6,19.0,23.0,0
986,2025-03-14 16:45:00+00:00,267.6050007935031,24.3,1.6,19.0,23.0,0
987,2025-03-14 16:46:00+00:00,254.9270967407073,24.4,1.6,19.0,23.0,0
988,2025-03-14 16:47:00+00:00,248.0452772827302,24.3,1.6,19.0,23.0,0
989,2025-03-14 16:48:00+00:00,242.5957580565792,24.3,1.6,19.0,23.0,0
990,2025-03-14 16:49:00+00:00,230.5571478880761,24.5,1.6,19.0,23.0,0
991,2025-03-14 16:50:00+00:00,223.82769122319058,24.3,1.6,19.0,23.0,0
992,2025-03-14 16:51:00+00:00,218.6858968504938,24.4,1.6,19.0,23.0,0
993,2025-03-14 16:52:00+00:00,212.2164766845396,24.4,1.6,19.0,23.0,0
994,2025-03-14 16:53:00+00:00,200.742628601151,24.3,1.6,19.0,23.0,0
995,2025-03-14 16:54:00+00:00,195.15559295649692,24.3,1.6,19.0,23.0,0
996,2025-03-14 16:55:00+00:00,189.4659823608552,24.5,1.6,19.0,23.0,0
997,2025-03-14 16:56:00+00:00,178.26041876225307,25.0,1.6,19.0,23.0,0
998,2025-03-14 16:57:00+00:00,173.1823588255761,24.7,1.6,19.0,23.0,0
999,2025-03-14 16:58:00+00:00,166.949280944901,24.8,1.6,19.0,23.0,0
1000,2025-03-14 16:59:00+00:00,159.345087890625,24.9,1.6,19.0,23.0,0
1001,2025-03-14 17:00:00+00:00,148.0399486083063,25.0,1.6,19.0,23.0,0
1002,2025-03-14 17:01:00+00:00,142.6570131224511,25.0,1.6,19.0,23.0,0
1003,2025-03-14 17:02:00+00:00,137.182150085526,25.3,1.6,19.0,23.0,0
1004,2025-03-14 17:03:00+00:00,126.3819375,25.2,1.6,19.0,23.0,0
1005,2025-03-14 17:04:00+00:00,120.29342431628339,25.3,1.6,19.0,23.0,0
1006,2025-03-14 17:05:00+00:00,114.8884442138979,25.3,1.6,19.0,23.0,0
1007,2025-03-14 17:06:00+00:00,108.60227929687501,25.4,1.6,19.0,23.0,0
1008,2025-03-14 17:07:00+00:00,102.4150902098688,25.3,1.6,19.0,23.0,0
1009,2025-03-14 17:08:00+00:00,96.81065881356871,25.4,1.6,19.0,23.0,0
1010,2025-03-14 17:09:00+00:00,91.0070760498354,25.3,1.6,19.0,23.0,0
1011,2025-03-14 17:10:00+00:00,85.45123278799379,25.2,1.6,19.0,23.0,0
1012,2025-03-14 17:11:00+00:00,80.0159600829771,25.3,1.6,19.0,23.0,0
1013,2025-03-14 17:12:00+00:00,73.10804699703961,25.4,1.6,19.0,23.0,0
1014,2025-03-14 17:13:00+00:00,66.19023632812501,25.4,1.6,19.0,23.0,0
1015,2025-03-14 17:14:00+00:00,59.9223669434208,25.4,1.6,19.0,23.0,0
1016,2025-03-14 17:15:00+00:00,54.360525146545804,25.3,1.6,19.0,23.0,0
1017,2025-03-14 17:16:00+00:00,49.3052596435854,25.3,1.6,19.0,23.0,0
1018,2025-03-14 17:17:00+00:00,44.195407470641705,25.4,1.6,19.0,23.0,0
1019,2025-03-14 17:18:00+00:00,44.195407470641705,25.4,1.6,19.0,23.0,0
1020,2025-03-14 17:19:00+00:00,38.6818538817438,25.2,1.6,19.0,23.0,0
1021,2025-03-14 17:20:00+00:00,33.2663763426813,25.4,1.6,19.0,23.0,0
1022,2025-03-14 17:21:00+00:00,33.2663763426813,25.4,1.6,19.0,23.0,0
1023,2025-03-14 17:22:00+00:00,33.2663763426813,25.4,1.6,19.0,23.0,0
1024,2025-03-14 17:23:00+00:00,28.0086602782896,25.4,1.6,19.0,23.0,0
1025,2025-03-14 17:24:00+00:00,28.0086602782896,25.4,1.6,19.0,23.0,0
1026,2025-03-14 17:25:00+00:00,23.079364013733304,25.4,1.6,19.0,23.0,0
1027,2025-03-14 17:26:00+00:00,23.079364013733304,25.4,1.6,19.0,23.0,0
1028,2025-03-14 17:27:00+00:00,23.079364013733304,25.3,1.6,19.0,23.0,0
1029,2025-03-14 17:28:00+00:00,18.1389704590458,25.2,1.6,19.0,23.0,0
1030,2025-03-14 17:29:00+00:00,18.1389704590458,25.2,1.6,19.0,23.0,0
1031,2025-03-14 17:30:00+00:00,18.1389704590458,25.4,0.2,19.0,23.0,0
1032,2025-03-14 17:31:00+00:00,18.1389704590458,25.2,0.2,19.0,23.0,0
1033,2025-03-14 17:32:00+00:00,18.1389704590458,25.2,0.2,19.0,23.0,0
1034,2025-03-14 17:33:00+00:00,18.1389704590458,25.2,0.2,19.0,23.0,0
1035,2025-03-14 17:34:00+00:00,13.1883793944084,25.2,0.2,19.0,23.0,0
1036,2025-03-14 17:35:00+00:00,13.1883793944084,25.2,0.2,19.0,23.0,0
1037,2025-03-14 17:36:00+00:00,13.1883793944084,25.2,0.2,19.0,23.0,0
1038,2025-03-14 17:37:00+00:00,13.1883793944084,25.2,0.2,19.0,23.0,0
1039,2025-03-14 17:38:00+00:00,13.1883793944084,25.4,0.2,19.0,23.0,0
1040,2025-03-14 17:39:00+00:00,13.1883793944084,25.2,0.2,19.0,23.0,0
1041,2025-03-14 17:40:00+00:00,13.1883793944084,25.2,0.2,19.0,23.0,0
1042,2025-03-14 17:41:00+00:00,8.2380882567438,25.2,0.2,19.0,23.0,0
1043,2025-03-14 17:42:00+00:00,8.2380882567438,25.2,0.2,19.0,23.0,0
1044,2025-03-14 17:43:00+00:00,8.2380882567438,25.4,0.2,19.0,23.0,0
1045,2025-03-14 17:44:00+00:00,8.2380882567438,25.2,0.2,19.0,23.0,0
1046,2025-03-14 17:45:00+00:00,8.2380882567438,25.2,0.2,19.0,23.0,0
1047,2025-03-14 17:46:00+00:00,8.2380882567438,25.1,0.2,19.0,23.0,0
1048,2025-03-14 17:47:00+00:00,8.2380882567438,25.4,0.2,19.0,23.0,0
1049,2025-03-14 17:48:00+00:00,8.2380882567438,25.2,0.2,19.0,23.0,0
1050,2025-03-14 17:49:00+00:00,8.2380882567438,25.2,0.2,19.0,23.0,0
1051,2025-03-14 17:51:00+00:00,8.2380882567438,25.2,0.2,19.0,23.0,0
1052,2025-03-14 17:52:00+00:00,8.2380882567438,25.2,0.2,19.0,23.0,0
1053,2025-03-14 17:53:00+00:00,8.2380882567438,25.1,0.2,19.0,23.0,0
1054,2025-03-14 17:54:00+00:00,8.2380882567438,25.2,0.2,19.0,23.0,0
1055,2025-03-14 17:55:00+00:00,8.2380882567438,25.1,0.2,19.0,23.0,0
1056,2025-03-14 17:56:00+00:00,8.2380882567438,24.8,0.2,19.0,23.0,0
1057,2025-03-14 17:57:00+00:00,8.2380882567438,24.8,0.2,19.0,23.0,0
1058,2025-03-14 17:58:00+00:00,8.2380882567438,25.0,0.2,19.0,23.0,0
1059,2025-03-14 17:59:00+00:00,8.2380882567438,25.1,0.2,19.0,23.0,0
1060,2025-03-14 18:00:00+00:00,8.2380882567438,25.2,0.2,19.0,23.0,0
1061,2025-03-14 18:01:00+00:00,8.2380882567438,25.3,0.2,19.0,23.0,0
1062,2025-03-14 18:02:00+00:00,8.2380882567438,25.2,0.2,19.0,23.0,0
1063,2025-03-14 18:03:00+00:00,8.2380882567438,25.2,0.2,19.0,23.0,0
1064,2025-03-14 18:04:00+00:00,8.2380882567438,25.1,0.2,19.0,23.0,0
1065,2025-03-14 18:05:00+00:00,8.2380882567438,25.1,0.2,19.0,23.0,0
1066,2025-03-14 18:06:00+00:00,8.2380882567438,25.1,0.2,19.0,23.0,0
1067,2025-03-14 18:07:00+00:00,8.2380882567438,25.2,0.2,19.0,23.0,0
1068,2025-03-14 18:08:00+00:00,8.2380882567438,25.1,0.2,19.0,23.0,0
1069,2025-03-14 18:09:00+00:00,8.2380882567438,25.1,0.2,19.0,23.0,0
1070,2025-03-14 18:10:00+00:00,8.2380882567438,25.2,0.2,19.0,23.0,0
1071,2025-03-14 18:11:00+00:00,8.2380882567438,25.4,0.2,19.0,23.0,0
1072,2025-03-14 18:12:00+00:00,8.2380882567438,25.2,0.2,19.0,23.0,0
1073,2025-03-14 18:13:00+00:00,8.2380882567438,25.2,0.2,19.0,23.0,0
1074,2025-03-14 18:14:00+00:00,8.2380882567438,25.2,0.2,19.0,23.0,0
1075,2025-03-14 18:15:00+00:00,8.2380882567438,25.2,0.2,19.0,23.0,0
1076,2025-03-14 18:16:00+00:00,8.2380882567438,25.1,0.2,19.0,23.0,0
1077,2025-03-14 18:17:00+00:00,8.2380882567438,25.2,0.2,19.0,23.0,0
1078,2025-03-14 18:18:00+00:00,8.2380882567438,25.4,0.2,19.0,23.0,0
1079,2025-03-14 18:19:00+00:00,8.2380882567438,25.2,0.2,19.0,23.0,0
1080,2025-03-14 18:20:00+00:00,8.2380882567438,25.2,0.2,19.0,23.0,0
1081,2025-03-14 18:21:00+00:00,8.2380882567438,25.3,0.2,19.0,23.0,0
1082,2025-03-14 18:22:00+00:00,8.2380882567438,25.2,0.2,19.0,23.0,0
1083,2025-03-14 18:23:00+00:00,8.2380882567438,25.3,0.2,19.0,23.0,0
1084,2025-03-14 18:24:00+00:00,8.2380882567438,25.2,0.2,19.0,23.0,0
1085,2025-03-14 18:25:00+00:00,8.2380882567438,25.3,0.2,19.0,23.0,0
1086,2025-03-14 18:26:00+00:00,8.2380882567438,25.2,0.2,19.0,23.0,0
1087,2025-03-14 18:27:00+00:00,8.2380882567438,25.3,0.2,19.0,23.0,0
1088,2025-03-14 18:28:00+00:00,8.2380882567438,25.2,0.2,19.0,23.0,0
1089,2025-03-14 18:29:00+00:00,8.2380882567438,25.3,0.2,19.0,23.0,0
1090,2025-03-14 18:30:00+00:00,8.2380882567438,25.2,-0.8,19.0,23.0,0
1091,2025-03-14 18:31:00+00:00,8.2380882567438,25.3,-0.8,19.0,23.0,0
1092,2025-03-14 18:32:00+00:00,8.2380882567438,25.3,-0.8,19.0,23.0,0
1093,2025-03-14 18:33:00+00:00,8.2380882567438,25.2,-0.8,19.0,23.0,0
1094,2025-03-14 18:34:00+00:00,8.2380882567438,25.4,-0.8,19.0,23.0,0
1095,2025-03-14 18:35:00+00:00,8.2380882567438,25.2,-0.8,19.0,23.0,0
1096,2025-03-14 18:36:00+00:00,8.2380882567438,25.4,-0.8,19.0,23.0,0
1097,2025-03-14 18:37:00+00:00,8.2380882567438,25.4,-0.8,19.0,23.0,0
1098,2025-03-14 18:38:00+00:00,8.2380882567438,25.2,-0.8,19.0,23.0,0
1099,2025-03-14 18:39:00+00:00,8.2380882567438,25.2,-0.8,19.0,23.0,0
1100,2025-03-14 18:40:00+00:00,8.2380882567438,25.2,-0.8,19.0,23.0,0
1101,2025-03-14 18:41:00+00:00,8.2380882567438,25.2,-0.8,19.0,23.0,0
1102,2025-03-14 18:42:00+00:00,8.2380882567438,25.2,-0.8,19.0,23.0,0
1103,2025-03-14 18:43:00+00:00,8.2380882567438,25.1,-0.8,19.0,23.0,0
1104,2025-03-14 18:44:00+00:00,8.2380882567438,25.2,-0.8,19.0,23.0,0
1105,2025-03-14 18:45:00+00:00,8.2380882567438,25.2,-0.8,19.0,23.0,0
1106,2025-03-14 18:46:00+00:00,8.2380882567438,25.2,-0.8,19.0,23.0,0
1107,2025-03-14 18:47:00+00:00,8.2380882567438,25.2,-0.8,19.0,23.0,0
1108,2025-03-14 18:48:00+00:00,8.2380882567438,25.2,-0.8,19.0,23.0,0
1109,2025-03-14 18:49:00+00:00,8.2380882567438,25.2,-0.8,19.0,23.0,0
1110,2025-03-14 18:50:00+00:00,8.2380882567438,25.2,-0.8,19.0,23.0,0
1111,2025-03-14 18:51:00+00:00,8.2380882567438,25.1,-0.8,19.0,23.0,0
1112,2025-03-14 18:52:00+00:00,8.2380882567438,25.1,-0.8,19.0,23.0,0
1113,2025-03-14 18:53:00+00:00,8.2380882567438,25.1,-0.8,19.0,23.0,0
1114,2025-03-14 18:54:00+00:00,8.2380882567438,25.1,-0.8,19.0,23.0,0
1115,2025-03-14 18:55:00+00:00,8.2380882567438,25.2,-0.8,19.0,23.0,0
1116,2025-03-14 18:56:00+00:00,8.2380882567438,24.8,-0.8,19.0,23.0,0
1117,2025-03-14 18:57:00+00:00,8.2380882567438,24.8,-0.8,19.0,23.0,0
1118,2025-03-14 18:58:00+00:00,8.2380882567438,24.6,-0.8,19.0,23.0,0
1119,2025-03-14 18:59:00+00:00,8.2380882567438,24.5,-0.8,19.0,23.0,0
1120,2025-03-14 19:00:00+00:00,8.2380882567438,24.3,-0.8,19.0,23.0,0
1121,2025-03-14 19:01:00+00:00,8.2380882567438,24.4,-0.8,19.0,23.0,0
1122,2025-03-14 19:02:00+00:00,8.2380882567438,24.2,-0.8,19.0,23.0,0
1123,2025-03-14 19:03:00+00:00,8.2380882567438,24.2,-0.8,19.0,23.0,0
1124,2025-03-14 19:04:00+00:00,8.2380882567438,24.1,-0.8,19.0,23.0,0
1125,2025-03-14 19:05:00+00:00,8.2380882567438,24.1,-0.8,19.0,23.0,0
1126,2025-03-14 19:06:00+00:00,8.2380882567438,24.1,-0.8,19.0,23.0,0
1127,2025-03-14 19:07:00+00:00,8.2380882567438,24.2,-0.8,19.0,23.0,0
1128,2025-03-14 19:08:00+00:00,8.2380882567438,24.1,-0.8,19.0,23.0,0
1129,2025-03-14 19:09:00+00:00,8.2380882567438,24.1,-0.8,19.0,23.0,0
1130,2025-03-14 19:10:00+00:00,8.2380882567438,24.0,-0.8,19.0,23.0,0
1131,2025-03-14 19:11:00+00:00,8.2380882567438,23.8,-0.8,19.0,23.0,0
1132,2025-03-14 19:12:00+00:00,8.2380882567438,24.0,-0.8,19.0,23.0,0
1133,2025-03-14 19:13:00+00:00,8.2380882567438,23.9,-0.8,19.0,23.0,0
1134,2025-03-14 19:14:00+00:00,8.2380882567438,23.9,-0.8,19.0,23.0,0
1135,2025-03-14 19:15:00+00:00,8.2380882567438,23.9,-0.8,19.0,23.0,0
1136,2025-03-14 19:16:00+00:00,8.2380882567438,23.9,-0.8,19.0,23.0,0
1137,2025-03-14 19:17:00+00:00,8.2380882567438,23.9,-0.8,19.0,23.0,0
1138,2025-03-14 19:18:00+00:00,8.2380882567438,23.9,-0.8,19.0,23.0,0
1139,2025-03-14 19:19:00+00:00,8.2380882567438,23.8,-0.8,19.0,23.0,0
1140,2025-03-14 19:20:00+00:00,8.2380882567438,23.8,-0.8,19.0,23.0,0
1141,2025-03-14 19:21:00+00:00,8.2380882567438,23.7,-0.8,19.0,23.0,0
1142,2025-03-14 19:22:00+00:00,8.2380882567438,23.9,-0.8,19.0,23.0,0
1143,2025-03-14 19:23:00+00:00,8.2380882567438,23.8,-0.8,19.0,23.0,0
1144,2025-03-14 19:24:00+00:00,8.2380882567438,23.8,-0.8,19.0,23.0,0
1145,2025-03-14 19:25:00+00:00,8.2380882567438,23.8,-0.8,19.0,23.0,0
1146,2025-03-14 19:26:00+00:00,8.2380882567438,23.8,-0.8,19.0,23.0,0
1147,2025-03-14 19:27:00+00:00,8.2380882567438,23.8,-0.8,19.0,23.0,0
1148,2025-03-14 19:28:00+00:00,8.2380882567438,23.6,-0.8,19.0,23.0,0
1149,2025-03-14 19:29:00+00:00,8.2380882567438,23.8,-0.8,19.0,23.0,0
1150,2025-03-14 19:30:00+00:00,8.2380882567438,23.8,-1.6,19.0,23.0,0
1151,2025-03-14 19:31:00+00:00,8.2380882567438,23.8,-1.6,19.0,23.0,0
1152,2025-03-14 19:32:00+00:00,8.2380882567438,23.7,-1.6,19.0,23.0,0
1153,2025-03-14 19:33:00+00:00,8.2380882567438,23.7,-1.6,19.0,23.0,0
1154,2025-03-14 19:34:00+00:00,8.2380882567438,23.7,-1.6,19.0,23.0,0
1155,2025-03-14 19:35:00+00:00,8.2380882567438,23.7,-1.6,19.0,23.0,0
1156,2025-03-14 19:36:00+00:00,8.2380882567438,23.7,-1.6,19.0,23.0,0
1157,2025-03-14 19:37:00+00:00,8.2380882567438,23.8,-1.6,19.0,23.0,0
1158,2025-03-14 19:38:00+00:00,8.2380882567438,23.8,-1.6,19.0,23.0,0
1159,2025-03-14 19:39:00+00:00,8.2380882567438,23.8,-1.6,19.0,23.0,0
1160,2025-03-14 19:40:00+00:00,8.2380882567438,23.7,-1.6,19.0,23.0,0
1161,2025-03-14 19:41:00+00:00,8.2380882567438,23.7,-1.6,19.0,23.0,0
1162,2025-03-14 19:42:00+00:00,8.2380882567438,23.7,-1.6,19.0,23.0,0
1163,2025-03-14 19:43:00+00:00,8.2380882567438,23.7,-1.6,19.0,23.0,0
1164,2025-03-14 19:44:00+00:00,8.2380882567438,23.7,-1.6,19.0,23.0,0
1165,2025-03-14 19:45:00+00:00,8.2380882567438,23.6,-1.6,19.0,23.0,0
1166,2025-03-14 19:46:00+00:00,8.2380882567438,23.7,-1.6,19.0,23.0,0
1167,2025-03-14 19:47:00+00:00,8.2380882567438,23.7,-1.6,19.0,23.0,0
1168,2025-03-14 19:48:00+00:00,8.2380882567438,23.6,-1.6,19.0,23.0,0
1169,2025-03-14 19:49:00+00:00,8.2380882567438,23.6,-1.6,19.0,23.0,0
1170,2025-03-14 19:50:00+00:00,8.2380882567438,23.6,-1.6,19.0,23.0,0
1171,2025-03-14 19:51:00+00:00,8.2380882567438,23.8,-1.6,19.0,23.0,0
1172,2025-03-14 19:52:00+00:00,8.2380882567438,23.7,-1.6,19.0,23.0,0
1173,2025-03-14 19:53:00+00:00,8.2380882567438,23.7,-1.6,19.0,23.0,0
1174,2025-03-14 19:54:00+00:00,8.2380882567438,23.7,-1.6,19.0,23.0,0
1175,2025-03-14 19:55:00+00:00,8.2380882567438,23.5,-1.6,19.0,23.0,0
1176,2025-03-14 19:56:00+00:00,8.2380882567438,23.7,-1.6,19.0,23.0,0
1177,2025-03-14 19:57:00+00:00,8.2380882567438,23.6,-1.6,19.0,23.0,0
1178,2025-03-14 19:58:00+00:00,8.2380882567438,23.6,-1.6,19.0,23.0,0
1179,2025-03-14 19:59:00+00:00,8.2380882567438,23.6,-1.6,19.0,23.0,0
1180,2025-03-14 20:00:00+00:00,8.2380882567438,23.6,-1.6,19.0,23.0,0
1181,2025-03-14 20:01:00+00:00,8.2380882567438,23.5,-1.6,19.0,23.0,0
1182,2025-03-14 20:02:00+00:00,8.2380882567438,23.5,-1.6,19.0,23.0,0
1183,2025-03-14 20:03:00+00:00,8.2380882567438,23.6,-1.6,19.0,23.0,0
1184,2025-03-14 20:04:00+00:00,8.2380882567438,23.7,-1.6,19.0,23.0,0
1185,2025-03-14 20:05:00+00:00,8.2380882567438,23.7,-1.6,19.0,23.0,0
1186,2025-03-14 20:06:00+00:00,8.2380882567438,23.5,-1.6,19.0,23.0,0
1187,2025-03-14 20:07:00+00:00,8.2380882567438,23.5,-1.6,19.0,23.0,0
1188,2025-03-14 20:09:00+00:00,8.2380882567438,23.5,-1.6,19.0,23.0,0
1189,2025-03-14 20:10:00+00:00,8.2380882567438,23.5,-1.6,19.0,23.0,0
1190,2025-03-14 20:11:00+00:00,8.2380882567438,23.6,-1.6,19.0,23.0,0
1191,2025-03-14 20:12:00+00:00,8.2380882567438,23.4,-1.6,19.0,23.0,0
1192,2025-03-14 20:13:00+00:00,8.2380882567438,23.4,-1.6,19.0,23.0,0
1193,2025-03-14 20:14:00+00:00,8.2380882567438,23.4,-1.6,19.0,23.0,0
1194,2025-03-14 20:15:00+00:00,8.2380882567438,23.5,-1.6,19.0,23.0,0
1195,2025-03-14 20:16:00+00:00,8.2380882567438,23.5,-1.6,19.0,23.0,0
1196,2025-03-14 20:17:00+00:00,8.2380882567438,23.5,-1.6,19.0,23.0,0
1197,2025-03-14 20:18:00+00:00,8.2380882567438,23.5,-1.6,19.0,23.0,0
1198,2025-03-14 20:19:00+00:00,8.2380882567438,23.5,-1.6,19.0,23.0,0
1199,2025-03-14 20:20:00+00:00,8.2380882567438,23.5,-1.6,19.0,23.0,0
1200,2025-03-14 20:21:00+00:00,8.2380882567438,22.8,-1.6,19.0,23.0,0
1201,2025-03-14 20:22:00+00:00,8.2380882567438,23.6,-1.6,19.0,23.0,0
1202,2025-03-14 20:23:00+00:00,8.2380882567438,23.5,-1.6,19.0,23.0,0
1203,2025-03-14 20:24:00+00:00,8.2380882567438,23.5,-1.6,19.0,23.0,0
1204,2025-03-14 20:25:00+00:00,8.2380882567438,23.5,-1.6,19.0,23.0,0
1205,2025-03-14 20:26:00+00:00,8.2380882567438,23.5,-1.6,19.0,23.0,0
1206,2025-03-14 20:27:00+00:00,8.2380882567438,23.6,-1.6,19.0,23.0,0
1207,2025-03-14 20:28:00+00:00,8.2380882567438,23.4,-1.6,19.0,23.0,0
1208,2025-03-14 20:29:00+00:00,8.2380882567438,23.4,-1.6,19.0,23.0,0
1209,2025-03-14 20:30:00+00:00,8.2380882567438,23.5,-1.9,19.0,23.0,0
1210,2025-03-14 20:31:00+00:00,8.2380882567438,23.5,-1.9,19.0,23.0,0
1211,2025-03-14 20:32:00+00:00,8.2380882567438,23.5,-1.9,19.0,23.0,0
1212,2025-03-14 20:33:00+00:00,8.2380882567438,23.4,-1.9,19.0,23.0,0
1213,2025-03-14 20:34:00+00:00,8.2380882567438,23.4,-1.9,19.0,23.0,0
1214,2025-03-14 20:36:00+00:00,8.2380882567438,23.5,-1.9,19.0,23.0,0
1215,2025-03-14 20:37:00+00:00,8.2380882567438,23.3,-1.9,19.0,23.0,0
1216,2025-03-14 20:38:00+00:00,8.2380882567438,23.3,-1.9,19.0,23.0,0
1217,2025-03-14 20:39:00+00:00,8.2380882567438,23.4,-1.9,19.0,23.0,0
1218,2025-03-14 20:40:00+00:00,8.2380882567438,23.4,-1.9,19.0,23.0,0
1219,2025-03-14 20:41:00+00:00,8.2380882567438,23.4,-1.9,19.0,23.0,0
1220,2025-03-14 20:42:00+00:00,8.2380882567438,23.4,-1.9,19.0,23.0,0
1221,2025-03-14 20:43:00+00:00,8.2380882567438,23.4,-1.9,19.0,23.0,0
1222,2025-03-14 20:44:00+00:00,8.2380882567438,23.4,-1.9,19.0,23.0,0
1223,2025-03-14 20:45:00+00:00,8.2380882567438,23.4,-1.9,19.0,23.0,0
1224,2025-03-14 20:46:00+00:00,8.2380882567438,23.4,-1.9,19.0,23.0,0
1225,2025-03-14 20:47:00+00:00,8.2380882567438,23.4,-1.9,19.0,23.0,0
1226,2025-03-14 20:48:00+00:00,8.2380882567438,23.4,-1.9,19.0,23.0,0
1227,2025-03-14 20:49:00+00:00,8.2380882567438,23.3,-1.9,19.0,23.0,0
1228,2025-03-14 20:50:00+00:00,8.2380882567438,23.3,-1.9,19.0,23.0,0
1229,2025-03-14 20:51:00+00:00,8.2380882567438,23.4,-1.9,19.0,23.0,0
1230,2025-03-14 20:52:00+00:00,8.2380882567438,23.3,-1.9,19.0,23.0,0
1231,2025-03-14 20:53:00+00:00,8.2380882567438,23.3,-1.9,19.0,23.0,0
1232,2025-03-14 20:54:00+00:00,8.2380882567438,23.4,-1.9,19.0,23.0,0
1233,2025-03-14 20:55:00+00:00,8.2380882567438,23.4,-1.9,19.0,23.0,0
1234,2025-03-14 20:57:00+00:00,8.2380882567438,23.4,-1.9,19.0,23.0,0
1235,2025-03-14 20:58:00+00:00,8.2380882567438,23.3,-1.9,19.0,23.0,0
1236,2025-03-14 20:59:00+00:00,8.2380882567438,23.2,-1.9,19.0,23.0,0
1237,2025-03-14 21:00:00+00:00,8.2380882567438,23.4,-1.9,19.0,23.0,0
1238,2025-03-14 21:01:00+00:00,8.2380882567438,23.2,-1.9,19.0,23.0,0
1239,2025-03-14 21:02:00+00:00,8.2380882567438,23.4,-1.9,19.0,23.0,0
1240,2025-03-14 21:03:00+00:00,8.2380882567438,23.4,-1.9,19.0,23.0,0
1241,2025-03-14 21:04:00+00:00,8.2380882567438,23.2,-1.9,19.0,23.0,0
1242,2025-03-14 21:05:00+00:00,8.2380882567438,23.2,-1.9,19.0,23.0,0
1243,2025-03-14 21:06:00+00:00,8.2380882567438,23.4,-1.9,19.0,23.0,0
1244,2025-03-14 21:07:00+00:00,8.2380882567438,23.3,-1.9,19.0,23.0,0
1245,2025-03-14 21:08:00+00:00,8.2380882567438,23.3,-1.9,19.0,23.0,0
1246,2025-03-14 21:09:00+00:00,8.2380882567438,23.2,-1.9,19.0,23.0,0
1247,2025-03-14 21:10:00+00:00,8.2380882567438,23.3,-1.9,19.0,23.0,0
1248,2025-03-14 21:11:00+00:00,8.2380882567438,23.2,-1.9,19.0,23.0,0
1249,2025-03-14 21:12:00+00:00,8.2380882567438,23.3,-1.9,19.0,23.0,0
1250,2025-03-14 21:13:00+00:00,8.2380882567438,23.3,-1.9,19.0,23.0,0
1251,2025-03-14 21:14:00+00:00,8.2380882567438,23.3,-1.9,19.0,23.0,0
1252,2025-03-14 21:15:00+00:00,8.2380882567438,23.2,-1.9,19.0,23.0,0
1253,2025-03-14 21:16:00+00:00,8.2380882567438,23.2,-1.9,19.0,23.0,0
1254,2025-03-14 21:17:00+00:00,8.2380882567438,23.2,-1.9,19.0,23.0,0
1255,2025-03-14 21:18:00+00:00,8.2380882567438,23.3,-1.9,19.0,23.0,0
1256,2025-03-14 21:19:00+00:00,8.2380882567438,23.3,-1.9,19.0,23.0,0
1257,2025-03-14 21:20:00+00:00,8.2380882567438,23.4,-1.9,19.0,23.0,0
1258,2025-03-14 21:21:00+00:00,8.2380882567438,23.4,-1.9,19.0,23.0,0
1259,2025-03-14 21:22:00+00:00,8.2380882567438,23.3,-1.9,19.0,23.0,0
1260,2025-03-14 21:23:00+00:00,8.2380882567438,23.2,-1.9,19.0,23.0,0
1261,2025-03-14 21:24:00+00:00,8.2380882567438,23.3,-1.9,19.0,23.0,0
1262,2025-03-14 21:25:00+00:00,8.2380882567438,23.3,-1.9,19.0,23.0,0
1263,2025-03-14 21:26:00+00:00,8.2380882567438,23.3,-1.9,19.0,23.0,0
1264,2025-03-14 21:27:00+00:00,8.2380882567438,23.3,-1.9,19.0,23.0,0
1265,2025-03-14 21:28:00+00:00,8.2380882567438,23.3,-1.9,19.0,23.0,0
1266,2025-03-14 21:29:00+00:00,8.2380882567438,23.3,-1.9,19.0,23.0,0
1267,2025-03-14 21:30:00+00:00,8.2380882567438,23.1,-2.3,19.0,23.0,0
1268,2025-03-14 21:31:00+00:00,8.2380882567438,23.2,-2.3,19.0,23.0,0
1269,2025-03-14 21:32:00+00:00,8.2380882567438,23.3,-2.3,19.0,23.0,0
1270,2025-03-14 21:34:00+00:00,8.2380882567438,23.2,-2.3,19.0,23.0,0
1271,2025-03-14 21:35:00+00:00,8.2380882567438,23.2,-2.3,19.0,23.0,0
1272,2025-03-14 21:36:00+00:00,8.2380882567438,23.2,-2.3,19.0,23.0,0
1273,2025-03-14 21:37:00+00:00,8.2380882567438,23.2,-2.3,19.0,23.0,0
1274,2025-03-14 21:38:00+00:00,8.2380882567438,23.1,-2.3,19.0,23.0,0
1275,2025-03-14 21:39:00+00:00,8.2380882567438,23.1,-2.3,19.0,23.0,0
1276,2025-03-14 21:40:00+00:00,8.2380882567438,23.2,-2.3,19.0,23.0,0
1277,2025-03-14 21:41:00+00:00,8.2380882567438,23.1,-2.3,19.0,23.0,0
1278,2025-03-14 21:42:00+00:00,8.2380882567438,23.1,-2.3,19.0,23.0,0
1279,2025-03-14 21:43:00+00:00,8.2380882567438,23.2,-2.3,19.0,23.0,0
1280,2025-03-14 21:44:00+00:00,8.2380882567438,23.2,-2.3,19.0,23.0,0
1281,2025-03-14 21:45:00+00:00,8.2380882567438,23.2,-2.3,19.0,23.0,0
1282,2025-03-14 21:46:00+00:00,8.2380882567438,23.2,-2.3,19.0,23.0,0
1283,2025-03-14 21:47:00+00:00,8.2380882567438,23.2,-2.3,19.0,23.0,0
1284,2025-03-14 21:48:00+00:00,8.2380882567438,23.2,-2.3,19.0,23.0,0
1285,2025-03-14 21:49:00+00:00,8.2380882567438,23.2,-2.3,19.0,23.0,0
1286,2025-03-14 21:50:00+00:00,8.2380882567438,23.1,-2.3,19.0,23.0,0
1287,2025-03-14 21:51:00+00:00,8.2380882567438,23.1,-2.3,19.0,23.0,0
1288,2025-03-14 21:52:00+00:00,8.2380882567438,23.1,-2.3,19.0,23.0,0
1289,2025-03-14 21:53:00+00:00,8.2380882567438,23.2,-2.3,19.0,23.0,0
1290,2025-03-14 21:54:00+00:00,8.2380882567438,23.1,-2.3,19.0,23.0,0
1291,2025-03-14 21:55:00+00:00,8.2380882567438,23.1,-2.3,19.0,23.0,0
1292,2025-03-14 21:56:00+00:00,8.2380882567438,23.1,-2.3,19.0,23.0,0
1293,2025-03-14 21:57:00+00:00,8.2380882567438,23.1,-2.3,19.0,23.0,0
1294,2025-03-14 21:58:00+00:00,8.2380882567438,23.1,-2.3,19.0,23.0,0
1295,2025-03-14 21:59:00+00:00,8.2380882567438,23.1,-2.3,19.0,23.0,0
1296,2025-03-14 22:00:00+00:00,8.2380882567438,23.1,-2.3,19.0,23.0,0
1297,2025-03-14 22:01:00+00:00,8.2380882567438,23.2,-2.3,19.0,23.0,0
1298,2025-03-14 22:02:00+00:00,8.2380882567438,23.1,-2.3,19.0,23.0,0
1299,2025-03-14 22:03:00+00:00,8.2380882567438,23.1,-2.3,19.0,23.0,0
1300,2025-03-14 22:04:00+00:00,8.2380882567438,23.2,-2.3,19.0,23.0,0
1301,2025-03-14 22:05:00+00:00,8.2380882567438,23.0,-2.3,19.0,23.0,0
1302,2025-03-14 22:07:00+00:00,8.2380882567438,23.1,-2.3,19.0,23.0,0
1303,2025-03-14 22:08:00+00:00,8.2380882567438,23.0,-2.3,19.0,23.0,0
1304,2025-03-14 22:09:00+00:00,8.2380882567438,23.2,-2.3,19.0,23.0,0
1305,2025-03-14 22:10:00+00:00,8.2380882567438,23.0,-2.3,19.0,23.0,0
1306,2025-03-14 22:11:00+00:00,8.2380882567438,23.1,-2.3,19.0,23.0,0
1307,2025-03-14 22:12:00+00:00,8.2380882567438,23.2,-2.3,19.0,23.0,0
1308,2025-03-14 22:13:00+00:00,8.2380882567438,23.2,-2.3,19.0,23.0,0
1309,2025-03-14 22:14:00+00:00,8.2380882567438,23.1,-2.3,19.0,23.0,0
1310,2025-03-14 22:15:00+00:00,8.2380882567438,23.2,-2.3,19.0,23.0,0
1311,2025-03-14 22:16:00+00:00,8.2380882567438,23.0,-2.3,19.0,23.0,0
1312,2025-03-14 22:17:00+00:00,8.2380882567438,23.0,-2.3,19.0,23.0,0
1313,2025-03-14 22:18:00+00:00,8.2380882567438,23.0,-2.3,19.0,23.0,0
1314,2025-03-14 22:19:00+00:00,8.2380882567438,23.0,-2.3,19.0,23.0,0
1315,2025-03-14 22:20:00+00:00,8.2380882567438,23.0,-2.3,19.0,23.0,0
1316,2025-03-14 22:21:00+00:00,8.2380882567438,23.1,-2.3,19.0,23.0,0
1317,2025-03-14 22:22:00+00:00,8.2380882567438,23.1,-2.3,19.0,23.0,0
1318,2025-03-14 22:23:00+00:00,8.2380882567438,23.1,-2.3,19.0,23.0,0
1319,2025-03-14 22:24:00+00:00,8.2380882567438,22.9,-2.3,19.0,23.0,0
1320,2025-03-14 22:25:00+00:00,8.2380882567438,23.0,-2.3,19.0,23.0,0
1321,2025-03-14 22:26:00+00:00,8.2380882567438,23.1,-2.3,19.0,23.0,0
1322,2025-03-14 22:27:00+00:00,8.2380882567438,22.9,-2.3,19.0,23.0,0
1323,2025-03-14 22:28:00+00:00,8.2380882567438,23.0,-2.3,19.0,23.0,0
1324,2025-03-14 22:29:00+00:00,8.2380882567438,23.2,-2.3,19.0,23.0,0
1325,2025-03-14 22:30:00+00:00,8.2380882567438,22.9,-2.5,19.0,23.0,0
1326,2025-03-14 22:31:00+00:00,8.2380882567438,23.0,-2.5,19.0,23.0,0
1327,2025-03-14 22:32:00+00:00,8.2380882567438,22.9,-2.5,19.0,23.0,0
1328,2025-03-14 22:33:00+00:00,8.2380882567438,23.0,-2.5,19.0,23.0,0
1329,2025-03-14 22:34:00+00:00,8.2380882567438,23.0,-2.5,19.0,23.0,0
1330,2025-03-14 22:35:00+00:00,8.2380882567438,22.9,-2.5,19.0,23.0,0
1331,2025-03-14 22:36:00+00:00,8.2380882567438,23.0,-2.5,19.0,23.0,0
1332,2025-03-14 22:37:00+00:00,8.2380882567438,22.9,-2.5,19.0,23.0,0
1333,2025-03-14 22:38:00+00:00,8.2380882567438,23.0,-2.5,19.0,23.0,0
1334,2025-03-14 22:39:00+00:00,8.2380882567438,22.9,-2.5,19.0,23.0,0
1335,2025-03-14 22:40:00+00:00,8.2380882567438,22.9,-2.5,19.0,23.0,0
1336,2025-03-14 22:41:00+00:00,8.2380882567438,22.9,-2.5,19.0,23.0,0
1337,2025-03-14 22:42:00+00:00,8.2380882567438,23.0,-2.5,19.0,23.0,0
1338,2025-03-14 22:43:00+00:00,8.2380882567438,22.9,-2.5,19.0,23.0,0
1339,2025-03-14 22:44:00+00:00,8.2380882567438,22.9,-2.5,19.0,23.0,0
1340,2025-03-14 22:45:00+00:00,8.2380882567438,22.9,-2.5,19.0,23.0,0
1341,2025-03-14 22:46:00+00:00,8.2380882567438,23.1,-2.5,19.0,23.0,0
1342,2025-03-14 22:47:00+00:00,8.2380882567438,23.1,-2.5,19.0,23.0,0
1343,2025-03-14 22:48:00+00:00,8.2380882567438,22.8,-2.5,19.0,23.0,0
1344,2025-03-14 22:49:00+00:00,8.2380882567438,23.0,-2.5,19.0,23.0,0
1345,2025-03-14 22:50:00+00:00,8.2380882567438,23.0,-2.5,19.0,23.0,0
1346,2025-03-14 22:51:00+00:00,8.2380882567438,23.0,-2.5,19.0,23.0,0
1347,2025-03-14 22:52:00+00:00,8.2380882567438,23.0,-2.5,19.0,23.0,0
1348,2025-03-14 22:53:00+00:00,8.2380882567438,23.0,-2.5,19.0,23.0,0
1349,2025-03-14 22:54:00+00:00,8.2380882567438,23.0,-2.5,19.0,23.0,0
1350,2025-03-14 22:55:00+00:00,8.2380882567438,22.9,-2.5,19.0,23.0,0
1351,2025-03-14 22:56:00+00:00,8.2380882567438,22.9,-2.5,19.0,23.0,0
1352,2025-03-14 22:57:00+00:00,8.2380882567438,22.8,-2.5,19.0,23.0,0
1353,2025-03-14 22:59:00+00:00,8.2380882567438,23.1,-2.5,19.0,23.0,0
1354,2025-03-14 23:00:00+00:00,8.2380882567438,22.9,-2.5,19.0,23.0,0
1355,2025-03-14 23:01:00+00:00,8.2380882567438,22.8,-2.5,19.0,23.0,0
1356,2025-03-14 23:02:00+00:00,8.2380882567438,22.8,-2.5,19.0,23.0,0
1357,2025-03-14 23:03:00+00:00,8.2380882567438,22.9,-2.5,19.0,23.0,0
1358,2025-03-14 23:04:00+00:00,8.2380882567438,22.9,-2.5,19.0,23.0,0
1359,2025-03-14 23:05:00+00:00,8.2380882567438,22.8,-2.5,19.0,23.0,0
1360,2025-03-14 23:06:00+00:00,8.2380882567438,22.9,-2.5,19.0,23.0,0
1361,2025-03-14 23:07:00+00:00,8.2380882567438,22.9,-2.5,19.0,23.0,0
1362,2025-03-14 23:08:00+00:00,8.2380882567438,23.1,-2.5,19.0,23.0,0
1363,2025-03-14 23:09:00+00:00,8.2380882567438,22.8,-2.5,19.0,23.0,0
1364,2025-03-14 23:10:00+00:00,8.2380882567438,22.8,-2.5,19.0,23.0,0
1365,2025-03-14 23:11:00+00:00,8.2380882567438,22.9,-2.5,19.0,23.0,0
1366,2025-03-14 23:13:00+00:00,8.2380882567438,22.9,-2.5,19.0,23.0,0
1367,2025-03-14 23:14:00+00:00,8.2380882567438,22.8,-2.5,19.0,23.0,0
1368,2025-03-14 23:15:00+00:00,8.2380882567438,23.0,-2.5,19.0,23.0,0
1369,2025-03-14 23:16:00+00:00,8.2380882567438,22.8,-2.5,19.0,23.0,0
1370,2025-03-14 23:17:00+00:00,8.2380882567438,22.9,-2.5,19.0,23.0,0
1371,2025-03-14 23:18:00+00:00,8.2380882567438,22.9,-2.5,19.0,23.0,0
1372,2025-03-14 23:19:00+00:00,8.2380882567438,22.8,-2.5,19.0,23.0,0
1373,2025-03-14 23:20:00+00:00,8.2380882567438,22.8,-2.5,19.0,23.0,0
1374,2025-03-14 23:21:00+00:00,8.2380882567438,22.8,-2.5,19.0,23.0,0
1375,2025-03-14 23:22:00+00:00,8.2380882567438,22.8,-2.5,19.0,23.0,0
1376,2025-03-14 23:23:00+00:00,8.2380882567438,22.9,-2.5,19.0,23.0,0
1377,2025-03-14 23:24:00+00:00,8.2380882567438,22.9,-2.5,19.0,23.0,0
1378,2025-03-14 23:25:00+00:00,8.2380882567438,22.9,-2.5,19.0,23.0,0
1379,2025-03-14 23:26:00+00:00,8.2380882567438,22.9,-2.5,19.0,23.0,0
1380,2025-03-14 23:27:00+00:00,8.2380882567438,22.9,-2.5,19.0,23.0,0
1381,2025-03-14 23:28:00+00:00,8.2380882567438,22.9,-2.5,19.0,23.0,0
1382,2025-03-14 23:29:00+00:00,8.2380882567438,22.9,-2.5,19.0,23.0,0
1383,2025-03-14 23:30:00+00:00,8.2380882567438,22.9,-2.1,19.0,23.0,0
1384,2025-03-14 23:31:00+00:00,8.2380882567438,22.9,-2.1,19.0,23.0,0
1385,2025-03-14 23:32:00+00:00,8.2380882567438,22.8,-2.1,19.0,23.0,0
1386,2025-03-14 23:33:00+00:00,8.2380882567438,22.9,-2.1,19.0,23.0,0
1387,2025-03-14 23:34:00+00:00,8.2380882567438,22.8,-2.1,19.0,23.0,0
1388,2025-03-14 23:35:00+00:00,8.2380882567438,22.4,-2.1,19.0,23.0,0
1389,2025-03-14 23:36:00+00:00,8.2380882567438,22.9,-2.1,19.0,23.0,0
1390,2025-03-14 23:37:00+00:00,8.2380882567438,22.8,-2.1,19.0,23.0,0
1391,2025-03-14 23:38:00+00:00,8.2380882567438,22.8,-2.1,19.0,23.0,0
1392,2025-03-14 23:39:00+00:00,8.2380882567438,22.9,-2.1,19.0,23.0,0
1393,2025-03-14 23:40:00+00:00,8.2380882567438,22.9,-2.1,19.0,23.0,0
1394,2025-03-14 23:41:00+00:00,8.2380882567438,22.8,-2.1,19.0,23.0,0
1395,2025-03-14 23:42:00+00:00,8.2380882567438,22.8,-2.1,19.0,23.0,0
1396,2025-03-14 23:43:00+00:00,8.2380882567438,22.9,-2.1,19.0,23.0,0
1397,2025-03-14 23:44:00+00:00,8.2380882567438,22.9,-2.1,19.0,23.0,0
1398,2025-03-14 23:45:00+00:00,8.2380882567438,22.9,-2.1,19.0,23.0,0
1399,2025-03-14 23:46:00+00:00,8.2380882567438,22.9,-2.1,19.0,23.0,0
1400,2025-03-14 23:47:00+00:00,8.2380882567438,22.9,-2.1,19.0,23.0,0
1401,2025-03-14 23:48:00+00:00,8.2380882567438,22.9,-2.1,19.0,23.0,0
1402,2025-03-14 23:49:00+00:00,8.2380882567438,22.8,-2.1,19.0,23.0,0
1403,2025-03-14 23:50:00+00:00,8.2380882567438,22.8,-2.1,19.0,23.0,0
1404,2025-03-14 23:51:00+00:00,8.2380882567438,22.8,-2.1,19.0,23.0,0
1405,2025-03-14 23:52:00+00:00,8.2380882567438,22.9,-2.1,19.0,23.0,0
1406,2025-03-14 23:53:00+00:00,8.2380882567438,22.8,-2.1,19.0,23.0,0
1407,2025-03-14 23:55:00+00:00,8.2380882567438,22.8,-2.1,19.0,23.0,0
1408,2025-03-14 23:56:00+00:00,8.2380882567438,22.9,-2.1,19.0,23.0,0
1409,2025-03-14 23:57:00+00:00,8.2380882567438,22.8,-2.1,19.0,23.0,0
1410,2025-03-14 23:58:00+00:00,8.2380882567438,22.8,-2.1,19.0,23.0,0
1411,2025-03-14 23:59:00+00:00,8.2380882567438,22.8,-2.1,19.0,23.0,0
