0.0,23.4,21,25
1.0,23.39944423187224,21,25
1.564988436704141,23.3981129486561,21,25
2.0,23.39708794485311,21,25
2.567812016046565,23.39575105943486,21,25
3.0,23.39473350869355,21,25
3.567931651365488,23.39339739193816,21,25
4.0,23.39238092192809,21,25
4.567936704860871,23.39104584280391,21,25
5.0,23.39003018310356,21,25
5.56793691829714,23.38869615217361,21,25
6.0,23.38768129076838,21,25
6.567936927311652,23.38634830768951,21,25
7.0,23.38533424347217,21,25
7.567936927692375,23.38400230744154,21,25
8.0,23.38298903976564,21,25
8.56793692770842,23.38165814996167,21,25
9.0,23.38064567820068,21,25
9.567936927709145,23.3793158338016,21,25
10.0,23.37830415733029,21,25
10.56793692770916,23.37697535751494,21,25
11.0,23.37596447570862,21,25
11.56793692770916,23.37463671965649,21,25
12.0,23.37362663189095,21,25
12.56793692770916,23.37229991878216,21,25
13.0,23.3712906244337,21,25
13.56793692770916,23.36996495344904,21,25
14.0,23.36895645189442,21,25
14.56793692770916,23.36763182221531,21,25
15.0,23.36662411283181,21,25
15.56793692770916,23.3653005236403,21,25
16.0,23.36429360580566,21,25
16.56793692770916,23.36297105628447,21,25
17.0,23.36196492937694,21,25
17.56793692770916,23.36064341870939,21,25
18.0,23.35963808210771,21,25
18.56793692770916,23.35831760947781,21,25
19.0,23.35731306256119,21,25
19.56793692770916,23.35599362715356,21,25
20.0,23.35498986930172,21,25
20.56793692770916,23.35367147030163,21,25
21.0,23.35266850089475,21,25
21.56793692770916,23.35135113748811,21,25
22.0,23.35034895590688,21,25
22.56793692770916,23.34903262728023,21,25
23.0,23.34803123290582,21,25
23.56793692770916,23.34671593824637,21,25
24.0,23.34571533046043,21,25
24.56793692770916,23.34440106895598,21,25
25.0,23.34340124714065,21,25
25.56793692770916,23.34208801797967,21,25
26.0,23.34108898151757,21,25
26.56793692770916,23.33977678388917,21,25
27.0,23.33877853216343,21,25
27.56793692770916,23.33746736525734,21,25
28.0,23.33646989765153,21,25
28.56793692770916,23.33515328592666,21,25
29.0,23.33415167618583,21,25
29.56793692770916,23.33283609865052,21,25
30.000002,23.33183527103811,21,25
30.0,23.33183527103811,21,25
31.0,23.33127004529664,21,25
31.56498843670414,23.32996555699915,21,25
32.0,23.32896118358735,21,25
32.56781201604657,23.32765120584405,21,25
33.0,23.32665413548514,21,25
33.56793165136549,23.3253449109337,21,25
34.0,23.32434889955401,21,25
34.56793670486087,23.32304069174925,21,25
35.0,23.32204547437005,21,25
35.56793691829714,23.32073829366237,21,25
36.0,23.31974385851091,21,25
36.56793692731165,23.31843770456406,21,25
37.0,23.31744405055537,21,25
37.56793692769237,23.31613892258269,21,25
38.0,23.31514604908335,21,25
38.567936927708416,23.31384194627978,21,25
39.0,23.31284985267586,21,25
39.56793692770914,23.31154677423617,21,25
40.0,23.31055545991503,21,25
40.56793692770916,23.30925340503459,21,25
41.0,23.3082628693841,21,25
41.56793692770916,23.30696183725892,21,25
42.0,23.30597207966746,21,25
42.56793692770916,23.30467206949416,21,25
43.0,23.30368308935055,21,25
43.56793692770916,23.30238410032641,21,25
44.0,23.30139589701998,21,25
44.56793692770916,23.30009792834288,21,25
45.0,23.29911050126342,21,25
45.56793692770916,23.2978135521319,21,25
46.0,23.2968269006697,21,25
46.567936927709155,23.29553097028289,21,25
47.0,23.2945450938287,21,25
47.567936927709155,23.2932501813864,21,25
48.0,23.29226507933146,21,25
48.567936927709155,23.29097118403408,21,25
49.0,23.28998685577011,21,25
49.567936927709155,23.28869397681868,21,25
50.0,23.28771042173787,21,25
50.567936927709155,23.28641855833407,21,25
51.0,23.28543577582908,21,25
51.567936927709155,23.2841449271752,21,25
52.0,23.28316291663919,21,25
52.567936927709155,23.28187308193815,21,25
53.0,23.28089184276474,21,25
53.567936927709155,23.27960302122008,21,25
54.0,23.27862255280337,21,25
54.567936927709155,23.27733474361927,21,25
55.0,23.27635504535383,21,25
55.567936927709155,23.27506824773509,21,25
56.0,23.27408931901597,21,25
56.567936927709155,23.27280353216801,21,25
57.0,23.27182537239075,21,25
57.567936927709155,23.27054059551961,21,25
58.0,23.2695632040802,21,25
58.567936927709155,23.26831239313687,21,25
59.0,23.26736084120922,21,25
59.567936927709155,23.26611101276939,21,25
60.000001999999995,23.26516020375483,21,25
60.0,23.26516020375483,21,25
61.0,23.26459687831477,21,25
61.56498843670414,23.26331899887816,21,25
62.0,23.26233511260484,21,25
62.56781201604657,23.26108780060037,21,25
63.0,23.26013842735008,21,25
63.56793165136549,23.25889183250685,21,25
64.0,23.25794346757712,21,25
64.56793670486087,23.25669784084219,21,25
65.0,23.25575023193015,21,25
65.56793691829714,23.25450558315881,21,25
66.0,23.25355871905487,21,25
66.56793692731165,23.25231504792693,21,25
67.0,23.25136892759805,21,25
67.56793692769237,23.25012623336449,21,25
68.0,23.24918085620753,21,25
68.56793692770842,23.2479391381018,21,25
69.0,23.2469945035322,21,25
69.56793692770914,23.2457537607876,21,25
70.0,23.24480986822204,21,25
70.56793692770916,23.24357010007243,21,25
71.0,23.24262694892806,21,25
71.56793692770916,23.2413881546079,21,25
72.0,23.24044574430233,21,25
72.56793692770916,23.23920792304668,21,25
73.0,23.238266252998,21,25
73.56793692770916,23.23702940404253,21,25
74.0,23.23608847366927,21,25
74.56793692770916,23.23485259625025,21,25
75.0,23.23391240497139,21,25
75.56793692770916,23.23267749832568,21,25
76.0,23.23173804556068,21,25
76.56793692770916,23.23050410892574,21,25
77.0,23.2295653940945,21,25
77.56793692770916,23.22833242670839,21,25
78.0,23.22739444923127,21,25
78.56793692770916,23.22616245033266,21,25
79.0,23.22522520963047,21,25
79.56793692770916,23.22399417845862,21,25
80.0,23.22305767395262,21,25
80.56793692770916,23.22182760974738,21,25
81.0,23.22089184085931,21,25
81.56793692770916,23.21966274286114,21,25
82.0,23.21872770901317,21,25
82.56793692770916,23.21749957646313,21,25
83.0,23.21656527707788,21,25
83.56793692770916,23.2153381092176,21,25
84.0,23.21440454371817,21,25
84.56793692770916,23.21317833978989,21,25
85.0,23.21224550759981,21,25
85.56793692770916,23.21101217343204,21,25
86.0,23.2100739169265,21,25
86.56793692770916,23.20884155153433,21,25
87.0,23.20790403202289,21,25
87.56793692770916,23.20667263464535,21,25
88.0,23.20573585154912,21,25
88.56793692770916,23.20450542142585,21,25
89.0,23.20356937416636,21,25
89.56793692770916,23.20233991053759,21,25
90.000002,23.20140459421065,21,25
90.0,23.20140459421065,21,25
91.0,23.20082883539991,21,25
91.56498843670414,23.19957418516769,21,25
92.0,23.19860818391128,21,25
92.56781201604656,23.19734825395791,21,25
93.0,23.19638927674075,21,25
93.56793165136548,23.19513007120349,21,25
94.0,23.19417211250717,21,25
94.56793670486087,23.19291388487171,21,25
95.0,23.19195668984105,21,25
95.56793691829714,23.19069945006236,21,25
96.0,23.18974300737437,21,25
96.56793692731165,23.18848675512904,21,25
97.0,23.18753106374021,21,25
97.56793692769237,23.18627579827163,21,25
98.0,23.18532085757273,21,25
98.56793692770842,23.18406657810661,21,25
99.0,23.18311238750717,21,25
99.56793692770914,23.18185909326904,21,25
100.0,23.18090565217982,21,25
100.56793692770916,23.17965334239579,21,25
101.0,23.17870065022807,21,25
101.56793692770916,23.17744932412485,21,25
102.0,23.17649738029035,21,25
102.56793692770916,23.17524703709528,21,25
103.0,23.17429584100618,21,25
103.56793692770916,23.17304647994719,21,25
104.0,23.17209603101616,21,25
104.56793692770916,23.17084765132178,21,25
105.0,23.16989794896191,21,25
105.56793692770916,23.1686505498613,21,25
106.0,23.16770159348618,21,25
106.56793692770916,23.16645517420908,21,25
107.0,23.16550696323274,21,25
107.56793692770916,23.16426152300951,21,25
108.0,23.16331405684645,21,25
108.56793692770916,23.16206959490804,21,25
109.0,23.1611228729732,21,25
109.56793692770916,23.15987938855118,21,25
110.0,23.15893341025998,21,25
110.56793692770916,23.15769090258652,21,25
111.0,23.15674566735484,21,25
111.56793692770916,23.15550413566271,21,25
112.0,23.15455964290687,21,25
112.56793692770916,23.15331908642944,21,25
113.0,23.15237533556624,21,25
113.56793692770916,23.15113575353748,21,25
114.0,23.15019274398417,21,25
114.56793692770916,23.14895413563867,21,25
115.0,23.14801186681295,21,25
115.56793692770916,23.14677423138588,21,25
116.0,23.14583270270592,21,25
116.56793692770916,23.14459603943306,21,25
117.0,23.14365525031747,21,25
117.56793692770916,23.1424195584352,21,25
118.0,23.14147950830307,21,25
118.56793692770916,23.14024478704837,21,25
119.0,23.13930547531922,21,25
119.56793692770916,23.13807172392967,21,25
120.000002,23.13713314576661,21,25
120.0,23.13713314576661,21,25
121.0,23.1365592187519,21,25
121.56498843670414,23.13533011069132,21,25
122.0,23.13438377529019,21,25
122.56781201604656,23.13314949499301,21,25
123.0,23.13221004063573,21,25
123.56793165136548,23.13097647000701,21,25
124.0,23.13003801343552,21,25
124.56793670486087,23.12880540080047,21,25
125.0,23.12786769234793,21,25
125.56793691829714,23.12663604745887,21,25
126.0,23.1256990760328,21,25
126.56793692731165,23.12446839857288,21,25
127.0,23.12353216315103,21,25
127.56793692769237,23.12230245237907,21,25
128.0,23.12136695236459,21,25
128.56793692770842,23.12013820752204,21,25
129.0,23.1192034423365,21,25
129.56793692770916,23.11797566266467,21,25
130.0,23.11704163173082,21,25
130.56793692770916,23.11581481647158,21,25
131.0,23.11488151921268,21,25
131.56793692770916,23.11365566760848,21,25
132.0,23.11272310344824,21,25
132.56793692770916,23.11149821474213,21,25
133.0,23.11056638310469,21,25
133.56793692770916,23.10934245654034,21,25
134.0,23.10841135685031,21,25
134.56793692770916,23.10718839167195,21,25
135.0,23.10625802335439,21,25
135.56793692770916,23.10503601880686,21,25
136.0,23.10410638128729,21,25
136.56793692770916,23.10288533661602,21,25
137.0,23.10195642932041,21,25
137.56793692770916,23.10073634377143,21,25
138.0,23.09980816612618,21,25
138.56793692770916,23.0985890389461,21,25
139.0,23.09766159037808,21,25
139.56793692770916,23.09644342081411,21,25
140.0,23.09551670075063,21,25
140.56793692770916,23.09429948805057,21,25
141.0,23.0933734959194,21,25
141.56793692770916,23.09215723933163,21,25
142.0,23.09123197456099,21,25
142.56793692770916,23.0900166733345,21,25
143.0,23.08909213535304,21,25
143.56793692770916,23.0878777887374,21,25
144.0,23.08695397697423,21,25
144.56793692770916,23.0857405842196,21,25
145.0,23.08481749810429,21,25
145.56793692770916,23.08360020241281,21,25
146.0,23.08267414714609,21,25
146.56793692770916,23.0814578076321,21,25
147.0,23.08053247977549,21,25
147.56793692770916,23.07931709568792,21,25
148.0,23.07839249467004,21,25
148.56793692770916,23.07717806525841,21,25
149.0,23.07625419050835,21,25
149.56793692770916,23.07504071502276,21,25
150.000002,23.07411756170008,21,25
150.0,23.07411756170008,21,25
151.0,23.07353688040921,21,25
151.56498843670414,23.07233091065667,21,25
152.0,23.07140239028802,21,25
152.56781201604656,23.07019134566771,21,25
153.0,23.0692695768053,21,25
153.56793165136548,23.06805922849374,21,25
154.0,23.06713843863353,21,25
154.56793670486087,23.06592903028113,21,25
155.0,23.06500897445631,21,25
155.56793691829714,23.06380051563181,21,25
156.0,23.06288118295873,21,25
156.56793692731165,23.06167367335125,21,25
157.0,23.0607550628269,21,25
157.5679369276924,23.05954850170919,21,25
158.0,23.05863061274797,21,25
158.56793692770842,23.05742499937578,21,25
159.0,23.05650783141014,21,25
159.56793692770916,23.05530316503906,21,25
160.0,23.05438671750261,21,25
160.56793692770916,23.05318299738877,21,25
161.0,23.05226726971564,21,25
161.56793692770916,23.05106449511576,21,25
162.0,23.05014948674048,21,25
162.56793692770916,23.04894765691187,21,25
163.0,23.04803336726945,21,25
163.56793692770916,23.04683248147,21,25
164.0,23.04591890999587,21,25
164.56793692770916,23.04471896748405,21,25
165.0,23.0438061136141,21,25
165.56793692770916,23.04260711364897,21,25
166.0,23.04169497681953,21,25
166.56793692770916,23.04049691866071,21,25
167.0,23.03958549830855,21,25
167.56793692770916,23.03838838121627,21,25
168.0,23.03747767677859,21,25
168.56793692770916,23.03628150001364,21,25
169.0,23.03537151092811,21,25
169.56793692770916,23.03417627375188,21,25
170.0,23.03326699945659,21,25
170.56793692770916,23.03207270113103,21,25
171.0,23.03116414106451,21,25
171.56793692770916,23.02997078085216,21,25
172.0,23.0290629344534,21,25
172.56793692770916,23.02787051161738,21,25
173.0,23.02696337832579,21,25
173.56793692770916,23.02577189212981,21,25
174.0,23.02486547138526,21,25
174.56793692770916,23.02367492109358,21,25
175.0,23.02276921233635,21,25
175.56793692770916,23.02157959721383,21,25
176.0,23.02067459988467,21,25
176.56793692770916,23.01948591919674,21,25
177.0,23.01858163273683,21,25
177.56793692770916,23.0173938857495,21,25
178.0,23.01649030960045,21,25
178.56793692770916,23.01530349558029,21,25
179.0,23.01440062918417,21,25
179.56793692770916,23.01321474739835,21,25
180.000002,23.01231258602479,21,25
180.0,23.01231258602479,21,25
181.0,23.01173366623318,21,25
181.56498843670414,23.01055810509638,21,25
182.0,23.0096529974369,21,25
182.56781201604656,23.00847248939549,21,25
183.0,23.00757396300253,21,25
183.56793165136548,23.00639413371238,21,25
184.0,23.005496561636,21,25
184.56793670486087,23.00431764860389,21,25
185.0,23.00342079205414,21,25
185.56793691829714,23.0022428046075,21,25
186.0,23.00134665297518,21,25
186.56793692731165,23.00016959081098,21,25
187.0,22.99927414311836,21,25
187.5679369276924,22.9980980055277,21,25
188.0,22.99720326120393,21,25
188.56793692770842,22.99602804746132,21,25
189.0,22.99513400595317,21,25
189.56793692770916,22.99395971533296,21,25
190.0,22.99306637608834,21,25
190.56793692770916,22.99189300786542,21,25
191.0,22.9910003703327,21,25
191.56793692770916,22.98982792378255,21,25
192.0,22.98893598741054,21,25
192.56793692770916,22.98776446180917,21,25
193.0,22.98687322604712,21,25
193.56793692770916,22.98570262067115,21,25
194.0,22.98481208496873,21,25
194.56793692770916,22.98364239909532,21,25
195.0,22.98275256290263,21,25
195.56793692770916,22.98158379580953,21,25
196.0,22.98069465857712,21,25
196.56793692770916,22.97952680954262,21,25
197.0,22.97863837072146,21,25
197.56793692770916,22.97747143902443,21,25
198.0,22.97658369806593,21,25
198.56793692770916,22.97541768298582,21,25
199.0,22.9745306393418,21,25
199.56793692770916,22.9733655401586,21,25
200.0,22.97247919328132,21,25
200.56793692770916,22.97131500927561,21,25
201.0,22.97042935861779,21,25
201.56793692770916,22.96926608907069,21,25
202.0,22.96838113408544,21,25
202.56793692770916,22.96721877827866,21,25
203.0,22.96633451841953,21,25
203.56793692770916,22.96517307563533,21,25
204.0,22.9642895103563,21,25
204.56793692770916,22.9631241238289,21,25
205.0,22.96223755835511,21,25
205.56793692770916,22.96107308723091,21,25
206.0,22.96018721814826,21,25
206.56793692770916,22.95902366170821,21,25
207.0,22.95813848846971,21,25
207.56793692770916,22.95697584599533,21,25
208.0,22.95609136805439,21,25
208.56793692770916,22.95492963882777,21,25
209.0,22.95404585563823,21,25
209.56793692770916,22.95288503894202,21,25
210.000002,22.95200194587351,21,25
210.0,22.95200194587351,21,25
211.0,22.95141619471232,21,25
211.56498843670414,22.95025959095736,21,25
212.0,22.94936907928186,21,25
212.56781201604656,22.94820760839728,21,25
213.0,22.94732357185721,21,25
213.56793165136548,22.94616276877819,21,25
214.0,22.94527967116516,21,25
214.56793670486087,22.94411976956837,21,25
215.0,22.94323737594323,21,25
215.56793691829714,22.9420783850057,21,25
216.0,22.9411966849303,21,25
216.56793692731165,22.94003860435389,21,25
217.0,22.93915759686628,21,25
217.5679369276924,22.93800042595351,21,25
218.0,22.93712011049208,21,25
218.56793692770842,22.93596384852916,21,25
219.0,22.93508422454957,21,25
219.56793692770916,22.93392887082256,21,25
220.0,22.93304993778163,21,25
220.56793692770916,22.93189549157712,21,25
221.0,22.93101724893211,21,25
221.56793692770916,22.92986370953724,21,25
222.0,22.92898615674586,21,25
222.56793692770916,22.92783352344834,21,25
223.0,22.92695665996871,21,25
223.56793692770916,22.9258049320568,21,25
224.0,22.92492875734746,21,25
224.56793692770916,22.92377793411,21,25
225.0,22.92290244762994,21,25
225.56793692770916,22.9217525283563,21,25
226.0,22.92087772956492,21,25
226.56793692770916,22.91972871354506,21,25
227.0,22.91885460190217,21,25
227.56793692770916,22.91770648842658,21,25
228.0,22.91683306339245,21,25
228.56793692770916,22.91568585175218,21,25
229.0,22.91481311278748,21,25
229.56793692770916,22.91366680227416,21,25
230.0,22.91279474883998,21,25
230.56793692770916,22.91164933874576,21,25
231.0,22.91077797030362,21,25
231.56793692770916,22.90963345992125,21,25
232.0,22.9087627759331,21,25
232.56793692770916,22.90761916455585,21,25
233.0,22.90674916448405,21,25
233.56793692770916,22.90560645140576,21,25
234.0,22.90473713471311,21,25
234.56793692770916,22.90359531922817,21,25
235.0,22.90272668537786,21,25
235.56793692770916,22.90158576678122,21,25
236.0,22.90071781523689,21,25
236.56793692770916,22.89957779282405,21,25
237.0,22.89871052304976,21,25
237.56793692770916,22.89757139611677,21,25
238.0,22.89670480757699,21,25
238.56793692770916,22.89556657542046,21,25
239.0,22.89470066758009,21,25
239.56793692770916,22.89356332949718,21,25
240.000002,22.89269809781948,21,25
240.0,22.89269809781948,21,25
241.0,22.89211403687309,21,25
241.56498843670414,22.89098375125823,21,25
242.0,22.8901135028846,21,25
242.56781201604656,22.88897846089004,21,25
243.0,22.88811454031225,21,25
243.56793165136548,22.88698015092757,21,25
244.0,22.88611714791184,21,25
244.56793670486087,22.88498363949645,21,25
245.0,22.8841213244496,21,25
245.56793691829714,22.88298870597172,21,25
246.0,22.88212706869312,21,25
246.56793692731165,22.88099533986139,21,25
247.0,22.88013437941097,21,25
247.5679369276924,22.87900353954378,21,25
248.0,22.87814325537271,21,25
248.56793692770842,22.87701330377251,21,25
249.0,22.87615369534883,21,25
249.56793692770916,22.87502463131794,21,25
250.0,22.87416569811083,21,25
250.56793692770916,22.87303752095205,21,25
251.0,22.87217926243114,21,25
251.56793692770916,22.87105197144784,21,25
252.0,22.87019438708315,21,25
252.56793692770916,22.86906798157926,21,25
253.0,22.86821107084127,21,25
253.56793692770916,22.86708555012124,21,25
254.0,22.8662293124808,21,25
254.56793692770916,22.86510467584964,21,25
255.0,22.86424911077805,21,25
255.56793692770916,22.86312535754132,21,25
256.0,22.86227046451027,21,25
256.5679369277092,22.86114759397407,21,25
257.0,22.86029337245568,21,25
257.5679369277092,22.85917138392665,21,25
258.0,22.85831783339345,21,25
258.5679369277092,22.85719672617877,21,25
259.0,22.85634384610372,21,25
259.5679369277092,22.85522361951114,21,25
260.0,22.85437140936758,21,25
260.5679369277092,22.85325206270538,21,25
261.0,22.85240052196709,21,25
261.66259308232736,22.85109564506707,21,25
262.0,22.85043118268525,21,25
262.66259308232736,22.84912733075716,21,25
263.0,22.84846339030602,21,25
263.5679369277092,22.84734344192428,21,25
264.0,22.84649144342907,21,25
264.5679369277092,22.84537237475917,21,25
265.0,22.84452104550298,21,25
265.66259308232736,22.84321649267212,21,25
266.0,22.84255219531106,21,25
266.66259308232736,22.84124866719758,21,25
267.0,22.84058489163757,21,25
267.66259308232736,22.83928238743656,21,25
268.0,22.83861913326774,21,25
268.66259308232736,22.83731765217492,21,25
269.0,22.83665491898775,21,25
269.66259308232736,22.83535446019948,21,25
270.000002,22.83469224367295,21,25
270.0,22.83469224367295,21,25
271.0,22.8341041357614,21,25
271.6594846189683,22.83281457820373,21,25
272.0,22.83214874329089,21,25
272.6624614087364,22.83085438248614,21,25
273.0,22.83019488677795,21,25
273.66258752038294,22.82890129647576,21,25
274.0,22.82824256500643,21,25
274.66259284741665,22.82694998041877,21,25
275.0,22.8262917767704,21,25
275.66259307240585,22.82500020706058,21,25
276.0,22.82434252086526,21,25
276.6625930819083,22.82305196565616,21,25
277.0,22.82239479608738,21,25
277.6625930823097,22.82110525459984,21,25
278.0,22.82044860123407,21,25
278.66259308232657,22.81916007267257,21,25
279.0,22.81850393510358,21,25
279.66259308232736,22.8172164186725,21,25
280.0,22.81656079649511,21,25
280.66259308232736,22.81527429139943,21,25
281.0,22.81461918420881,21,25
281.66259308232736,22.81333368965413,21,25
282.0,22.81267909704574,21,25
282.66259308232736,22.81139461223831,21,25
283.0,22.81074053380796,21,25
283.66259308232736,22.8094570579546,21,25
284.0,22.80880349329842,21,25
284.66259308232736,22.80752102560661,21,25
285.0,22.80686797432102,21,25
285.66259308232736,22.80558651399886,21,25
286.0,22.80493397568062,21,25
286.66259308232736,22.80365352193683,21,25
287.0,22.803001496183,21,25
287.66259308232736,22.80172204822692,21,25
288.0,22.80107053463488,21,25
288.66259308232736,22.79979209167647,21,25
289.0,22.79914108984392,21,25
289.66259308232736,22.79786365109377,21,25
290.0,22.79721316061874,21,25
290.66259308232736,22.79593672528803,21,25
291.0,22.79528674576884,21,25
291.66259308232736,22.7940113130694,21,25
292.0,22.79336184410471,21,25
292.66259308232736,22.79208741324898,21,25
293.0,22.79143845443774,21,25
293.66259308232736,22.79016502463879,21,25
294.0,22.78951657558028,21,25
294.66259308232736,22.78824414605177,21,25
295.0,22.7875962063456,21,25
295.66259308232736,22.78632477630183,21,25
296.0,22.78567734554788,21,25
296.66259308232736,22.78440691420377,21,25
297.0,22.78375999200227,21,25
297.66259308232736,22.78249055857335,21,25
298.0,22.78184414452485,21,25
298.66259308232736,22.78057570822724,21,25
299.0,22.77992980193257,21,25
299.66259308232736,22.77866236198306,21,25
300.000002,22.77801695922067,21,25
300.0,22.77801695922067,21,25
301.0,22.77743046660742,21,25
301.6594846189683,22.77616678831663,21,25
302.0,22.77551431559868,21,25
302.6624614087364,22.77424593045396,21,25
303.0,22.7735996697234,21,25
303.66258752038294,22.77233203961854,21,25
304.0,22.77168652778985,21,25
304.66259284741665,22.77041988321651,21,25
305.0,22.76977488861629,21,25
305.66259307240585,22.7685092385539,21,25
306.0,22.76786475102231,21,25
306.6625930819083,22.7666000951013,21,25
307.0,22.76595611382842,21,25
307.6625930823097,22.76469245128526,21,25
308.0,22.76404897585606,21,25
308.66259308232657,22.76278630591121,21,25
309.0,22.76214333592761,21,25
309.66259308232736,22.76088165780141,21,25
310.0,22.76023919286636,21,25
310.66259308232736,22.75897850577975,21,25
311.0,22.75833654549654,21,25
311.66259308232736,22.75707684867107,21,25
312.0,22.7564353926433,21,25
312.66259308232736,22.75517668530112,21,25
313.0,22.75453573313269,21,25
313.66259308232736,22.75327801449657,21,25
314.0,22.75263756579172,21,25
314.66259308232736,22.75138083508502,21,25
315.0,22.75074088944827,21,25
315.66259308232736,22.749485145895,21,25
316.0,22.74884570293119,21,25
316.66259308232736,22.74759094575595,21,25
317.0,22.74695200507024,21,25
317.66259308232736,22.74569823349822,21,25
318.0,22.74505979469608,21,25
318.66259308232736,22.74380700795311,21,25
319.0,22.7431690706403,21,25
319.66259308232736,22.74192288615611,21,25
320.0,22.74128831080994,21,25
320.66259308232736,22.7400431051952,21,25
321.0,22.73940902830364,21,25
321.66259308232736,22.73816480078944,21,25
322.0,22.73753122196097,21,25
322.66259308232736,22.73629930254382,21,25
323.0,22.7356719911782,21,25
323.66259308232736,22.73444103942537,21,25
324.0,22.73381422080856,21,25
324.66259308232736,22.73258423595997,21,25
325.0,22.73195790970492,21,25
325.66259308232736,22.73073453066741,21,25
326.0,22.73011156818787,21,25
326.66259308232736,22.72888915010628,21,25
327.0,22.72826667695954,21,25
327.66259308232736,22.72704521907903,21,25
328.0,22.72642323488071,21,25
328.66259308232736,22.72520273644707,21,25
329.0,22.72458124081311,21,25
329.66259308232736,22.72336170107268,21,25
330.000002,22.72274068994107,21,25
330.0,22.72274068994107,21,25
331.0,22.72217287331066,21,25
331.6594846189683,22.72097504998718,21,25
332.0,22.72035658004496,21,25
332.6624614087364,22.71915429515918,21,25
333.0,22.71854171347462,21,25
333.66258752038294,22.71734014428078,21,25
334.0,22.71672827247003,21,25
334.66259284741665,22.71552763744799,21,25
335.0,22.71491625591102,21,25
335.66259307240585,22.71372401181099,21,25
336.0,22.71311690366955,21,25
336.6625930819083,22.71192559605207,21,25
337.0,22.71131896480704,21,25
337.6625930823097,22.71012859295287,21,25
338.0,22.70952243821328,21,25
338.66259308232657,22.70834097109901,21,25
339.0,22.70773935078312,21,25
339.66259308232736,22.70655881170323,21,25
340.0,22.70595766395601,21,25
340.66259308232736,22.70478565122938,21,25
341.0,22.7041888452258,21,25
341.66259308232736,22.70301775310719,21,25
342.0,22.70242141589067,21,25
342.66259308232736,22.70125124365696,21,25
343.0,22.70065537485928,21,25
343.66259308232736,22.69949370857115,21,25
344.0,22.69890217112523,21,25
344.66259308232736,22.69774141731806,21,25
345.0,22.69715034452078,21,25
345.66259308232736,22.69599794844545,21,25
346.0,22.69541113152732,21,25
346.66259308232736,22.69426741549153,21,25
347.0,22.69368501857635,21,25
347.66259308232736,22.692550618063,21,25
348.0,22.69197296474794,21,25
348.66259308232736,22.69083945529849,21,25
349.0,22.69026225572619,21,25
349.66259308232736,22.6891296366407,21,25
350.0,22.68855289045474,21,25
350.66259308232736,22.68742860427598,21,25
351.0,22.68685610132787,21,25
351.66259308232736,22.68573269826825,21,25
352.0,22.68516064501732,21,25
352.66259308232736,22.68403812438317,21,25
353.0,22.68346652047617,21,25
353.66259308232736,22.68235238523094,21,25
354.0,22.68178505128649,21,25
354.66259308232736,22.68067179118692,21,25
355.0,22.68010490287944,21,25
355.66259308232736,22.6789925172381,21,25
356.0,22.67842607421752,21,25
356.66259308232736,22.67732209416726,21,25
357.0,22.67675993139647,21,25
357.66259308232736,22.67566510619677,21,25
358.0,22.67510760520963,21,25
358.66259308232736,22.67402144753351,21,25
359.0,22.673468360176,21,25
359.66259308232736,22.67238305566936,21,25
360.000002,22.67183039951294,21,25
360.0,22.67183039951294,21,25
361.0,22.67126403387313,21,25
361.6594846189683,22.6701664123369,21,25
362.0,22.6695996794016,21,25
362.6624614087364,22.66850467215497,21,25
363.0,22.6679467499922,21,25
363.66258752038294,22.66685840690073,21,25
364.0,22.66630419290997,21,25
364.66259284741665,22.66522257171915,21,25
365.0,22.66467179382751,21,25
365.66259307240585,22.6635910218758,21,25
366.0,22.66304067698342,21,25
366.6625930819083,22.66196075395525,21,25
367.0,22.66141084137053,21,25
367.6625930823097,22.6603317666139,21,25
368.0,22.65978228598243,21,25
368.66259308232657,22.65870405883166,21,25
369.0,22.65815500981352,21,25
369.66259308232736,22.65707762960283,21,25
370.0,22.65652901185896,21,25
370.66259308232736,22.65545247792311,21,25
371.0,22.65490429111475,21,25
371.66259308232736,22.65382860278897,21,25
372.0,22.65328084657763,21,25
372.66259308232736,22.65220600319772,21,25
373.0,22.65165867724515,21,25
373.66259308232736,22.65059127325923,21,25
374.0,22.65004773555478,21,25
374.66259308232736,22.64898117000742,21,25
375.0,22.64843805924814,21,25
375.66259308232736,22.64737233148077,21,25
376.0,22.64682964733128,21,25
376.66259308232736,22.64577047011005,21,25
377.0,22.64523112159437,21,25
377.66259308232736,22.64417841703804,21,25
378.0,22.64364236449789,21,25
378.66259308232736,22.64259048683383,21,25
379.0,22.64205485535931,21,25
379.66259308232736,22.6410245770068,21,25
380.0,22.64049994421728,21,25
380.66259308232736,22.63947047514142,21,25
381.0,22.63894625444739,21,25
381.66259308232736,22.63791759401249,21,25
382.0,22.63739378509025,21,25
382.66259308232736,22.63636593266112,21,25
383.0,22.63584253518723,21,25
383.66259308232736,22.6348154901292,21,25
384.0,22.63429250378046,21,25
384.66259308232736,22.63326626545934,21,25
385.0,22.63274368991282,21,25
385.66259308232736,22.63171825769492,21,25
386.0,22.63119609262794,21,25
386.66259308232736,22.63017728781183,21,25
387.0,22.62965849751467,21,25
387.66259308232736,22.62865853451234,21,25
388.0,22.62814933874204,21,25
388.66259308232736,22.62715667182629,21,25
389.0,22.62665119132988,21,25
389.66259308232736,22.6256649955974,21,25
390.000002,22.62516280734759,21,25
390.0,22.62516280734759,21,25
391.0,22.62462912280013,21,25
391.7540207689569,22.6235080462638,21,25
392.0,22.62314233010539,21,25
392.6624614087364,22.62215815622834,21,25
393.0,22.62165670528386,21,25
393.66258752038294,22.62067311726239,21,25
394.0,22.62017224741085,21,25
394.66259284741665,22.61918942408958,21,25
395.0,22.61868895556942,21,25
395.757249226642,22.61757523958456,21,25
396.0,22.61721822168419,21,25
396.7572492365104,22.61614297919948,21,25
397.0,22.61579829455916,21,25
397.7572492369272,22.61474816475213,21,25
398.0,22.61441153034718,21,25
398.75724923694474,22.61336222540995,21,25
399.0,22.61302585542907,21,25
399.75724923694554,22.61197737471373,21,25
400.0,22.61164126894918,21,25
400.75724923694554,22.61059361180831,21,25
401.0,22.61025777005256,21,25
401.75724923694554,22.60921824961198,21,25
402.0,22.60888501619402,21,25
402.75724923694554,22.60786712195785,21,25
403.0,22.6075408211347,21,25
403.75724923694554,22.60653106922695,21,25
404.0,22.60620737854576,21,25
404.75724923694554,22.6052048382503,21,25
405.0,22.60488345935647,21,25
405.75724923694554,22.60388170654959,21,25
406.0,22.60356058009669,21,25
406.75724923694554,22.60255286397335,21,25
407.0,22.60222982589251,21,25
407.75724923694554,22.60122290132333,21,25
408.0,22.6009001169867,21,25
408.75724923694554,22.59989398334992,21,25
409.0,22.59957145255819,21,25
409.75724923694554,22.59855869617517,21,25
410.0,22.59823404236568,21,25
410.75724923694554,22.59721539263229,21,25
411.0,22.5968888496235,21,25
411.75724923694554,22.59587100003255,21,25
412.0,22.59554471352107,21,25
412.75724923694554,22.59452766344405,21,25
413.0,22.59420163322841,21,25
413.75724923694554,22.5931853820373,21,25
414.0,22.59285960791618,21,25
414.75724923694554,22.59185236776877,21,25
415.0,22.59152948226895,21,25
415.75724923694554,22.59053205029258,21,25
416.0,22.59021230894484,21,25
416.75724923694554,22.5892225846711,21,25
417.0,22.5889053141397,21,25
417.75724923694554,22.58791636728765,21,25
418.0,22.5875993459701,21,25
418.75724923694554,22.58660423690712,21,25
419.0,22.5862852402031,21,25
419.75724923694554,22.58529091279152,21,25
420.000002,22.58497216401556,21,25
420.0,22.58497216401556,21,25
421.0,22.58443962493879,21,25
421.7540207689569,22.58344400708773,21,25
422.0,22.58311921790168,21,25
422.75711249186304,22.58212030301072,21,25
423.0,22.58179984804213,21,25
423.7572434608005,22.58080154513278,21,25
424.0,22.58048151453892,21,25
424.7572489929881,22.57948398850223,21,25
425.0,22.57916421657771,21,25
425.757249226642,22.5781674737834,21,25
426.0,22.57784795334509,21,25
426.7572492365104,22.57685199347248,21,25
427.0,22.57653272402829,21,25
427.7572492369272,22.57553754647484,21,25
428.0,22.57521852781517,21,25
428.75724923694474,22.5742241319669,21,25
429.0,22.57390536389424,21,25
429.75724923694554,22.57291174913715,21,25
430.0,22.57259323145465,21,25
430.75724923694554,22.57160039717519,21,25
431.0,22.57128212968616,21,25
431.75724923694554,22.57031738341019,21,25
432.0,22.57000811993979,21,25
432.75724923694554,22.56905909268514,21,25
433.0,22.56875486817597,21,25
433.75724923694554,22.56780658637579,21,25
434.0,22.56750260083291,21,25
434.75724923694554,22.56655506390162,21,25
435.0,22.56625131713731,21,25
435.75724923694554,22.56530452448985,21,25
436.0,22.56500101631656,21,25
436.75724923694554,22.56406199749848,21,25
437.0,22.56376098133942,21,25
437.75724923694554,22.56283426812471,21,25
438.0,22.56253719670605,21,25
438.75724923694554,22.56161121141826,21,25
439.0,22.56131437334717,21,25
439.75724923694554,22.56038911541453,21,25
440.0,22.56009251050774,21,25
440.75724923694554,22.55916797935891,21,25
441.0,22.55887160743325,21,25
441.75724923694554,22.55794780249736,21,25
442.0,22.55765166336983,21,25
442.75724923694554,22.55672858407643,21,25
443.0,22.55643267756417,21,25
443.75724923694554,22.55553690826184,21,25
444.0,22.55524975636499,21,25
444.75724923694554,22.55437008895006,21,25
445.0,22.55408809874775,21,25
445.8519053915637,22.55311565126512,21,25
446.0,22.55294660415287,21,25
446.8519053915637,22.55198220522867,21,25
447.0,22.55181455725168,21,25
447.8519053915637,22.55088954066266,21,25
448.0,22.55072873878291,21,25
448.8519053915637,22.54988756874245,21,25
449.0,22.54974134247441,21,25
449.8519053915637,22.54895375537849,21,25
450.000002,22.54881684208673,21,25
450.0,22.54881684208673,21,25
451.0,22.5483195345858,21,25
452.0,22.54840829925365,21,25
453.0,22.54851395440273,21,25
454.0,22.54879508571896,21,25
455.0,22.54931108884611,21,25
456.0,22.54980817778935,21,25
457.0,22.55028603885499,21,25
458.0,22.55081427098445,21,25
459.0,22.55151760724497,21,25
460.0,22.55217278307478,21,25
461.0,22.55287717161632,21,25
462.0,22.55358082073815,21,25
463.0,22.5543712679151,21,25
463.8519053915637,22.55516214668694,21,25
464.0,22.55529963048417,21,25
464.8519053915637,22.55622173286675,21,25
465.0,22.55638202815031,21,25
465.75724923694554,22.55728574903075,21,25
466.0,22.55757544992177,21,25
466.75724923694554,22.55863637099108,21,25
467.0,22.55897646469229,21,25
467.75724923694554,22.56004524780175,21,25
468.0,22.56038786179444,21,25
468.75724923694554,22.5613649692941,21,25
469.0,22.5616781953348,21,25
469.75724923694554,22.56256887371632,21,25
470.0,22.56285439364435,21,25
470.8519053915637,22.56378316992091,21,25
471.0,22.56394462537252,21,25
471.75724923694554,22.56481973341413,21,25
472.0,22.56510026204292,21,25
472.75724923694554,22.56598097188746,21,25
473.0,22.56626329625577,21,25
473.8519053915637,22.56720244185638,21,25
474.0,22.56736569987761,21,25
474.75724923694554,22.56824472463529,21,25
475.0,22.56852650882446,21,25
475.75724923694554,22.5694594457647,21,25
476.0,22.56975851228923,21,25
476.75724923694554,22.57085348285024,21,25
477.0,22.57120449161195,21,25
477.66259308232736,22.57223429261699,21,25
478.0,22.5727586823342,21,25
478.66259308232736,22.57381441396471,21,25
479.0,22.57435200793526,21,25
479.66259308232736,22.57548153826924,21,25
480.000002,22.57605671536724,21,25
480.0,22.57605671536724,21,25
481.0,22.57555863150461,21,25
482.0,22.57573079176307,21,25
483.0,22.57593515229161,21,25
484.0,22.57612383843322,21,25
485.0,22.57633320385159,21,25
486.0,22.57650317720507,21,25
487.0,22.57654337965187,21,25
488.0,22.57653620914898,21,25
489.0,22.57647549617969,21,25
490.0,22.57643978480971,21,25
491.0,22.57641714428283,21,25
492.0,22.57645495994721,21,25
493.0,22.57650443747734,21,25
494.0,22.57647278711984,21,25
495.0,22.5765079095913,21,25
496.0,22.57665153981619,21,25
497.0,22.57687936105279,21,25
498.0,22.57694131332953,21,25
499.0,22.57704944977707,21,25
500.0,22.57714193677596,21,25
501.0,22.57722227984729,21,25
502.0,22.57737528621665,21,25
503.0,22.5775531435347,21,25
504.0,22.57777972855603,21,25
505.0,22.5780655122555,21,25
506.0,22.57836822037763,21,25
507.0,22.57870311671908,21,25
508.0,22.57902518769571,21,25
509.0,22.57919475280111,21,25
510.000002,22.57933074950344,21,25
510.0,22.57933074950344,21,25
511.0,22.5788696235363,21,25
512.0,22.57901430602518,21,25
513.0,22.57913472459449,21,25
514.0,22.57922114744547,21,25
515.0,22.57937442622375,21,25
516.0,22.5794834102233,21,25
517.0,22.5797170108096,21,25
518.0,22.57992695375784,21,25
519.0,22.58009754017903,21,25
520.0,22.5802046124105,21,25
521.0,22.58020041930889,21,25
522.0,22.5801593138285,21,25
523.0,22.58016285179758,21,25
524.0,22.58018739803251,21,25
525.0,22.58027947453568,21,25
526.0,22.58032421369575,21,25
527.0,22.58042556981888,21,25
528.0,22.5805298436451,21,25
529.0,22.5807149204653,21,25
530.0,22.5809841799069,21,25
531.0,22.58130852693049,21,25
532.0,22.58173277185474,21,25
533.0,22.58216088888287,21,25
534.0,22.58264752209715,21,25
535.0,22.58316499720107,21,25
536.0,22.58375914592037,21,25
537.0,22.58431461400398,21,25
538.0,22.58481499581949,21,25
539.0,22.58530505274425,21,25
540.000002,22.58584222643363,21,25
540.0,22.58584222643363,21,25
541.0,22.58538091488334,21,25
542.0,22.58590397260948,21,25
543.0,22.58642092511101,21,25
544.0,22.5869849265509,21,25
545.0,22.5876544294422,21,25
546.0,22.58842719708224,21,25
547.0,22.58929688224356,21,25
548.0,22.59020397815178,21,25
548.8519053915629,22.59101392198642,21,25
549.0,22.59115471999225,21,25
549.8519053915637,22.59200849101302,21,25
550.0,22.59215690779456,21,25
551.0,22.59304856784343,21,25
551.8519053915637,22.59385677680922,21,25
552.0,22.59399727323109,21,25
553.0,22.59486581671135,21,25
554.0,22.59570683809427,21,25
555.0,22.59645172070736,21,25
556.0,22.59718120361987,21,25
557.0,22.59797222656716,21,25
558.0,22.59862018947388,21,25
559.0,22.59923132802391,21,25
560.0,22.59992553171242,21,25
561.0,22.60069132728393,21,25
562.0,22.60153025549613,21,25
563.0,22.60242547120005,21,25
563.8519053915637,22.60323342873439,21,25
564.0,22.60337388144823,21,25
564.8519053915637,22.60420975096487,21,25
565.0,22.60435505580706,21,25
565.8519053915637,22.60522586224412,21,25
566.0,22.6053772404071,21,25
566.8519053915637,22.60625536107347,21,25
567.0,22.60640801071831,21,25
567.8519053915637,22.607305095357,21,25
568.0,22.6074610416372,21,25
568.8519053915637,22.6083907306199,21,25
569.0,22.60855234473338,21,25
569.8519053915637,22.60950774626996,21,25
570.000002,22.60967383245168,21,25
570.0,22.60967383245168,21,25
571.0,22.60924319270107,21,25
571.7540207689569,22.61012093172391,21,25
572.0,22.6104072666289,21,25
572.757112491863,22.61130501578704,21,25
573.0,22.61159301647746,21,25
573.7572434608005,22.61250598424718,21,25
574.0,22.61279865855953,21,25
574.757248992988,22.61371913078789,21,25
575.0,22.61401420195907,21,25
575.757249226642,22.61491377116531,21,25
576.0,22.61520214119286,21,25
576.7572492365103,22.61610938401174,21,25
577.0,22.61640021391212,21,25
577.7572492369271,22.6173219638475,21,25
578.0,22.61761744421471,21,25
578.7572492369447,22.61854533146813,21,25
579.0,22.61884277924201,21,25
579.7572492369455,22.61978415267389,21,25
580.0,22.62008592363869,21,25
580.7572492369455,22.62104333147362,21,25
581.0,22.62135024249987,21,25
581.7572492369455,22.62232213225785,21,25
582.0,22.62263368567545,21,25
582.7572492369455,22.62361220288496,21,25
583.0,22.62392588082869,21,25
583.7572492369455,22.62489395345147,21,25
584.0,22.62520428323079,21,25
584.7572492369455,22.62617842485861,21,25
585.0,22.62649070014589,21,25
585.7572492369455,22.62747187432871,21,25
586.0,22.62778640400392,21,25
586.7572492369455,22.62877399101576,21,25
587.0,22.62909057641673,21,25
587.7572492369455,22.63009257200377,21,25
588.0,22.63041377628338,21,25
588.7572492369455,22.63142195128092,21,25
589.0,22.63174513646057,21,25
589.7572492369455,22.6327593442908,21,25
590.0,22.63308446338284,21,25
590.7572492369455,22.63410576671407,21,25
591.0,22.6344331603723,21,25
591.7572492369455,22.63547007556141,21,25
592.0,22.63580247382807,21,25
592.7572492369455,22.63683857452735,21,25
593.0,22.63717071169744,21,25
593.7572492369455,22.63820599854667,21,25
594.0,22.63853787482526,21,25
594.7572492369455,22.6395796891017,21,25
595.0,22.63991365784216,21,25
595.7572492369455,22.64096196988942,21,25
596.0,22.64129802158496,21,25
596.7572492369455,22.64234551019023,21,25
597.0,22.64268129791945,21,25
597.7572492369455,22.64374383135947,21,25
598.0,22.64408444192959,21,25
598.7572492369455,22.64513230417885,21,25
599.0,22.64546821168509,21,25
599.7572492369455,22.64651525084568,21,25
600.000002,22.64685089964031,21,25
600.0,22.64685089964031,21,25
601.0,22.64641920030872,21,25
601.7540207689569,22.64747410634727,21,25
602.0,22.64781823645026,21,25
602.757112491863,22.64888343135126,21,25
603.0,22.64922514915087,21,25
603.7572434608005,22.65029753839377,21,25
604.0,22.6506413191872,21,25
604.757248992988,22.65171963615813,21,25
605.0,22.65206530682773,21,25
605.757249226642,22.65315035759888,21,25
606.0,22.65349818644695,21,25
606.7572492365103,22.6545889634147,21,25
607.0,22.65493862785983,21,25
607.7572492369271,22.65603533987738,21,25
608.0,22.65638690688838,21,25
608.7572492369447,22.65744551188956,21,25
609.0,22.6577848631414,21,25
609.7572492369455,22.65883215897275,21,25
610.0,22.65916788490548,21,25
610.7572492369455,22.66022860310073,21,25
611.0,22.6605686317677,21,25
611.7572492369455,22.66162851677602,21,25
612.0,22.66196827835279,21,25
612.7572492369455,22.66303642218554,21,25
613.0,22.66337883124876,21,25
613.7572492369455,22.66445621053115,21,25
614.0,22.66480158015227,21,25
614.7572492369455,22.66587811316056,21,25
615.0,22.66622321149619,21,25
615.7572492369455,22.66730631292586,21,25
616.0,22.66765351686464,21,25
616.7572492369455,22.66874380704939,21,25
617.0,22.66909331544831,21,25
617.7572492369455,22.67010356606089,21,25
618.0,22.67042741660917,21,25
618.7572492369455,22.67144360011279,21,25
619.0,22.6717693525357,21,25
619.7572492369455,22.67279211370839,21,25
620.0,22.67311997469893,21,25
620.7572492369455,22.67412025535644,21,25
621.0,22.67444090989041,21,25
621.7572492369455,22.67544040483426,21,25
622.0,22.67576080749627,21,25
622.7572492369455,22.6767666448117,21,25
623.0,22.67708908061329,21,25
623.7572492369455,22.67810158470975,21,25
624.0,22.67842615764511,21,25
624.7572492369455,22.67944700372686,21,25
625.0,22.6797742508071,21,25
625.7572492369455,22.68080069479134,21,25
626.0,22.68112973636076,21,25
626.7572492369455,22.68216345234459,21,25
627.0,22.68249482505939,21,25
627.7572492369455,22.68353497703868,21,25
628.0,22.68386841290558,21,25
628.7572492369455,22.68491472327887,21,25
629.0,22.68525013330866,21,25
629.7572492369455,22.68630291456003,21,25
630.000002,22.68664040170242,21,25
630.0,22.68664040170242,21,25
631.0,22.68623036907674,21,25
631.7540207689569,22.68728492159977,21,25
632.0,22.68762893637937,21,25
632.757112491863,22.6886685869886,21,25
633.0,22.68900211010087,21,25
633.7572434608005,22.69003379681709,21,25
634.0,22.69036452941276,21,25
634.757248992988,22.69140226430357,21,25
635.0,22.69173492577903,21,25
635.757249226642,22.69277823706042,21,25
636.0,22.69311268570637,21,25
636.7572492365103,22.69416230865432,21,25
637.0,22.69449878057896,21,25
637.7572492369271,22.69555782036226,21,25
638.0,22.69589731098988,21,25
638.7572492369447,22.69695551890466,21,25
639.0,22.69729474286466,21,25
639.7572492369455,22.69835986318109,21,25
640.0,22.69870130301212,21,25
640.7572492369455,22.69977339824237,21,25
641.0,22.70011707398362,21,25
641.7572492369455,22.70119518843669,21,25
642.0,22.70154079372748,21,25
642.7572492369455,22.70262466901281,21,25
643.0,22.7029721210223,21,25
643.7572492369455,22.70406258835775,21,25
644.0,22.70441215354492,21,25
644.7572492369455,22.70550176432569,21,25
645.0,22.70585105493177,21,25
645.7572492369455,22.70694621913995,21,25
646.0,22.70729728997808,21,25
646.7572492369455,22.70839159394223,21,25
647.0,22.7087423890166,21,25
647.7572492369455,22.70984233285656,21,25
648.0,22.71019493587526,21,25
648.7572492369455,22.71129401571682,21,25
649.0,22.71164634176825,21,25
649.7572492369455,22.71274455829006,21,25
650.0,22.71309660759178,21,25
650.7572492369455,22.71419396147198,21,25
651.0,22.71454573424136,21,25
651.7572492369455,22.71564222615755,21,25
652.0,22.71599372261182,21,25
652.7572492369455,22.71708129210817,21,25
653.0,22.7174299283508,21,25
653.7572492369455,22.71851664356872,21,25
654.0,22.71886500595996,21,25
654.7572492369455,22.71994371479455,21,25
655.0,22.720289510623,21,25
655.7572492369455,22.72136737213913,21,25
656.0,22.72171289634731,21,25
656.7572492369455,22.72278252793858,21,25
657.0,22.72312541392447,21,25
657.7572492369455,22.72417264849377,21,25
658.0,22.72450835478805,21,25
658.7572492369455,22.72550981457678,21,25
659.0,22.72583084709844,21,25
659.7572492369455,22.72683152024732,21,25
660.000002,22.7271523032476,21,25
660.0,22.7271523032476,21,25
661.0,22.72674111599507,21,25
661.5649884367042,22.72819469656589,21,25
662.0,22.72931386159026,21,25
662.5678120160466,22.73078551611643,21,25
663.0,22.73190564438891,21,25
663.5679316513655,22.73335603355596,21,25
664.0,22.73445943794429,21,25
664.5679367048609,22.73591853694484,21,25
665.0,22.7370285446042,21,25
665.5679369182972,22.73848649804033,21,25
666.0,22.73959563324831,21,25
666.5679369273116,22.7410616054907,21,25
667.0,22.7421768409488,21,25
667.5679369276924,22.74365819728792,21,25
668.0,22.74478513616517,21,25
668.5679369277084,22.74627207989239,21,25
669.0,22.74740326936391,21,25
669.5679369277092,22.74888904510695,21,25
670.0,22.75001934603683,21,25
670.5679369277092,22.75150395471313,21,25
671.0,22.75263336779932,21,25
671.5679369277092,22.75412592993507,21,25
672.0,22.75526139359966,21,25
672.5679369277092,22.7567592948696,21,25
673.0,22.75789882026986,21,25
673.5679369277092,22.75934732709936,21,25
674.0,22.76044927577767,21,25
674.5679369277092,22.7619033991078,21,25
675.0,22.76300962052776,21,25
675.5679369277092,22.7644626016539,21,25
676.0,22.76556795414445,21,25
676.5679369277092,22.7670197939638,21,25
677.0,22.76812427820749,21,25
677.5679369277092,22.76958146598165,21,25
678.0,22.77069001867129,21,25
678.5679369277092,22.77214606183436,21,25
679.0,22.7732537437634,21,25
679.5679369277092,22.77469935209522,21,25
680.0,22.77579909574721,21,25
680.5679369277092,22.77723590513247,21,25
681.0,22.77832895500344,21,25
681.5679369277092,22.77976463578471,21,25
682.0,22.78085682707243,21,25
682.5679369277092,22.78229964122336,21,25
683.0,22.78339725920783,21,25
683.5679369277092,22.78484546636505,21,25
684.0,22.78594718706827,21,25
684.5679369277092,22.78739425666862,21,25
685.0,22.78849511197773,21,25
685.5679369277092,22.78994104491475,21,25
686.0,22.79104103550949,21,25
686.5679369277092,22.79248583267602,21,25
687.0,22.79358495923564,21,25
687.5679369277092,22.79502862152382,21,25
688.0,22.79612688472699,21,25
688.5679369277092,22.79756941302826,21,25
689.0,22.79866681355316,21,25
689.5679369277092,22.80011480166453,21,25
690.000002,22.80121636082421,21,25
690.0,22.80121636082421,21,25
691.0,22.80082016323495,21,25
691.7540207689569,22.80179731380066,21,25
692.0,22.80211607861242,21,25
692.757112491863,22.80309646506267,21,25
693.0,22.8034109760505,21,25
693.7572434608005,22.80439076187052,21,25
694.0,22.80470485635517,21,25
694.757248992988,22.80568387971239,21,25
695.0,22.80599772032564,21,25
695.757249226642,22.80697597496851,21,25
696.0,22.80728956876026,21,25
696.7572492365103,22.8082670550035,21,25
697.0,22.80858040245672,21,25
697.7572492369271,22.8095571208917,21,25
698.0,22.80987022221208,21,25
698.7572492369447,22.81083596036292,21,25
699.0,22.81114554179326,21,25
699.7572492369455,22.81211052136334,21,25
700.0,22.81241985961957,21,25
700.7572492369455,22.8133772202478,21,25
701.0,22.81368411614125,21,25
701.7572492369455,22.8146407247692,21,25
702.0,22.81494737959801,21,25
702.7572492369455,22.81590323681639,21,25
703.0,22.81620965076992,21,25
703.7572492369455,22.81716475716896,21,25
704.0,22.81747093043641,21,25
704.7572492369455,22.81842528660587,21,25
705.0,22.8187312193763,21,25
705.7572492369455,22.81968482590547,21,25
706.0,22.81999051836779,21,25
706.7572492369455,22.82093662994192,21,25
707.0,22.82123991978722,21,25
707.7572492369455,22.82218528819713,21,25
708.0,22.82248833981033,21,25
708.7572492369455,22.82343296563978,21,25
709.0,22.823735779208,21,25
709.7572492369455,22.82467966304029,21,25
710.0,22.82498223875051,21,25
710.7572492369455,22.82591898529182,21,25
711.0,22.82621927303947,21,25
711.7572492369455,22.8271407177448,21,25
712.0,22.82743610026604,21,25
712.7572492369455,22.82835682118283,21,25
713.0,22.82865197168312,21,25
713.7572492369455,22.82957196937988,21,25
714.0,22.82986688804145,21,25
714.7572492369455,22.83078616308628,21,25
715.0,22.83108085009124,21,25
715.7572492369455,22.83199289153775,21,25
716.0,22.83228525970742,21,25
716.7572492369455,22.83319658475157,21,25
717.0,22.83348872326803,21,25
717.7572492369455,22.83439933247255,21,25
718.0,22.83469124151619,21,25
718.7572492369455,22.83560113544339,21,25
719.0,22.83589281519446,21,25
719.7572492369455,22.83680199440616,21,25
720.000002,22.83709344744417,21,25
720.0,22.83709344744417,21,25
721.0,22.83669622732459,21,25
721.7540207689569,22.8376010545294,21,25
722.0,22.83789622610659,21,25
722.757112491863,22.83880404969339,21,25
723.0,22.83909528229151,21,25
723.7572434608005,22.83999575284665,21,25
724.0,22.84028442086898,21,25
724.757248992988,22.84117685452585,21,25
725.0,22.84146293751263,21,25
725.757249226642,22.84235467044408,21,25
726.0,22.84264052843948,21,25
726.7572492365103,22.84353156093239,21,25
727.0,22.84381719437666,21,25
727.7572492369271,22.84470060099142,21,25
728.0,22.84498378984873,21,25
728.7572492369447,22.84586650255362,21,25
729.0,22.84614946896799,21,25
729.7572492369455,22.84703148830807,21,25
730.0,22.84731423245424,21,25
730.7572492369455,22.84818869256622,21,25
731.0,22.84846901349173,21,25
731.7572492369455,22.84934278672124,21,25
732.0,22.84962288745657,21,25
732.8519053915637,22.85052932334197,21,25
733.0,22.85068689521254,21,25
733.8519053915637,22.85159261909873,21,25
734.0,22.85175006719766,21,25
734.8519053915637,22.85264758906702,21,25
735.0,22.85280361135399,21,25
735.8519053915637,22.85370042822602,21,25
736.0,22.85385632795855,21,25
736.8519053915637,22.85474496316976,21,25
737.0,22.85489944062893,21,25
737.8519053915637,22.85578737782323,21,25
738.0,22.85594173394141,21,25
738.8519053915637,22.8568210717896,21,25
739.0,22.85697393302538,21,25
739.8519053915637,22.85784506242557,21,25
740.0,22.85799649673141,21,25
740.8519053915637,22.85886694186538,21,25
741.0,22.8590182572206,21,25
741.8519053915637,22.85987891306991,21,25
742.0,22.86002852668767,21,25
742.8519053915637,22.86088092503168,21,25
743.0,22.86102910319154,21,25
743.8519053915637,22.86188083198244,21,25
744.0,22.86202889374936,21,25
744.8519053915637,22.8628727631988,21,25
745.0,22.86301945872333,21,25
745.8519053915637,22.86385522730456,21,25
746.0,22.86400051460047,21,25
746.8519053915637,22.86482760041606,21,25
747.0,22.86497137832819,21,25
747.8519053915637,22.86579003283245,21,25
748.0,22.8659323450728,21,25
748.8519053915637,22.86674110379893,21,25
749.0,22.86688169578935,21,25
749.8519053915637,22.86768174960192,21,25
750.000002,22.86782083021538,21,25
750.0,22.86782083021538,21,25
751.0,22.86743698480164,21,25
751.5649884367042,22.86863198200615,21,25
752.0,22.8695520542074,21,25
752.5678120160466,22.87074423209607,21,25
753.0,22.87165164082223,21,25
753.5679316513655,22.87283607649563,21,25
754.0,22.87373715294422,21,25
754.5679367048609,22.87492066878227,21,25
755.0,22.87582102691061,21,25
755.5679369182972,22.87699670137421,21,25
756.0,22.87789109340924,21,25
756.5679369273116,22.87905864352696,21,25
757.0,22.87994685494921,21,25
757.5679369276924,22.88111348796503,21,25
758.0,22.88200100170246,21,25
758.5679369277084,22.88316024359823,21,25
759.0,22.88404213455579,21,25
759.5679369277092,22.88520046587494,21,25
760.0,22.88608166411315,21,25
760.5679369277092,22.88723154478594,21,25
761.0,22.8881063142118,21,25
761.5679369277092,22.88924857591413,21,25
762.0,22.89011754922345,21,25
762.5679369277092,22.89125891368699,21,25
763.0,22.89212720442367,21,25
763.5679369277092,22.89326068600618,21,25
764.0,22.89412297985686,21,25
764.5679369277092,22.89524851505621,21,25
765.0,22.89610476371176,21,25
765.6625930823274,22.89740874777107,21,25
766.0,22.89807275550535,21,25
766.6625930823274,22.89937571529404,21,25
767.0,22.90003920145476,21,25
767.6625930823274,22.90133254597932,21,25
768.0,22.90199113590705,21,25
768.6625930823274,22.90327472781635,21,25
769.0,22.90392835156992,21,25
769.6625930823274,22.90520263959549,21,25
770.0,22.90585152567553,21,25
770.6625930823274,22.90711652053236,21,25
771.0,22.9077606743951,21,25
771.6625930823274,22.9090159809227,21,25
772.0,22.90965520134665,21,25
772.6625930823274,22.91090169544256,21,25
773.0,22.91153642844755,21,25
773.6625930823274,22.91277331483897,21,25
774.0,22.91340315546046,21,25
774.6625930823274,22.91463039059173,21,25
775.0,22.91525531665054,21,25
775.6625930823274,22.91647366986983,21,25
776.0,22.91709407312931,21,25
776.6625930823274,22.91831146934043,21,25
777.0,22.91893138527737,21,25
777.6625930823274,22.92013926409543,21,25
778.0,22.92075433363676,21,25
778.6625930823274,22.92195373412573,21,25
779.0,22.92256448637801,21,25
779.6625930823274,22.92375514901055,21,25
780.000002,22.92436145538552,21,25
780.0,22.92436145538552,21,25
781.0,22.92397599851141,21,25
782.0,22.92463499099308,21,25
783.0,22.92528231105451,21,25
784.0,22.92591872008913,21,25
785.0,22.92654391148524,21,25
786.0,22.92715868792307,21,25
787.0,22.92776455328585,21,25
788.0,22.92835981526197,21,25
789.0,22.92894607685921,21,25
790.0,22.92952253611063,21,25
791.0,22.93008922308203,21,25
792.0,22.93058194145586,21,25
793.0,22.93107427280275,21,25
794.0,22.93155527756443,21,25
795.0,22.93202581480765,21,25
796.0,22.93248717790686,21,25
797.0,22.93293811385292,21,25
798.0,22.93337955427441,21,25
799.0,22.9338109901525,21,25
800.0,22.93423279902943,21,25
801.0,22.93464328529969,21,25
802.0,22.93503457649796,21,25
803.0,22.935413476463,21,25
804.0,22.9357801856828,21,25
805.0,22.93613510861089,21,25
806.0,22.93647869411531,21,25
807.0,22.93681146526531,21,25
808.0,22.93713362619479,21,25
809.0,22.93744540581426,21,25
810.000002,22.93774637067642,21,25
810.0,22.93774637067642,21,25
811.0,22.93737193269163,21,25
812.0,22.93764157347506,21,25
813.0,22.93789966771604,21,25
814.0,22.93814658182947,21,25
815.0,22.93838185310913,21,25
816.0,22.93860802398523,21,25
817.0,22.93882212151293,21,25
818.0,22.93902466008458,21,25
819.0,22.93921638711882,21,25
820.0,22.93939771909698,21,25
821.0,22.9395698956065,21,25
822.0,22.93972332465867,21,25
823.0,22.93986789138113,21,25
824.0,22.94000362690091,21,25
825.0,22.94012809484865,21,25
826.0,22.94022878264497,21,25
827.0,22.94030915977907,21,25
828.0,22.94038087130363,21,25
829.0,22.94044350832405,21,25
830.0,22.94048577433514,21,25
831.0,22.9405190146795,21,25
832.0,22.94053458152822,21,25
833.0,22.94054153676043,21,25
834.0,22.94053836727242,21,25
835.0,22.9405143059443,21,25
836.0,22.94048131012559,21,25
837.0,22.94043002931094,21,25
838.0,22.94036958833074,21,25
839.0,22.94029075254376,21,25
840.000002,22.94020330736977,21,25
840.0,22.94020330736977,21,25
841.0,22.93982879936,21,25
842.0,22.9397214170303,21,25
843.0,22.93959428209727,21,25
844.0,22.93945712725682,21,25
845.0,22.93930932615847,21,25
846.0,22.93914393181456,21,25
847.0,22.93896852987705,21,25
848.0,22.93878250992491,21,25
849.0,22.93858806163825,21,25
850.0,22.93839048202396,21,25
851.0,22.9381826244532,21,25
852.0,22.93796380159277,21,25
853.0,22.93773144146793,21,25
854.0,22.93747677382344,21,25
855.0,22.93721158847511,21,25
856.0,22.9369381272119,21,25
857.0,22.93663569115992,21,25
858.0,22.93632464571071,21,25
859.0,22.93599619334375,21,25
860.0,22.93565886716847,21,25
861.0,22.93530411564235,21,25
862.0,22.93494117809319,21,25
863.0,22.93455891362369,21,25
864.0,22.93416793792923,21,25
865.0,22.93375762777379,21,25
866.0,22.93333908063011,21,25
867.0,22.93290214360658,21,25
868.0,22.93245658020735,21,25
869.0,22.93199371375374,21,25
870.000002,22.93152111713869,21,25
870.0,22.93152111713869,21,25
871.0,22.93114400648645,21,25
871.3761735721952,22.93346900007203,21,25
871.7540207689569,22.93580431262158,21,25
872.0,22.93732459174753,21,25
872.3785207434794,22.93963449273816,21,25
872.757112491863,22.94194480210465,21,25
873.0,22.94342697979392,21,25
873.378620230664,22.94572188576724,21,25
873.7572434608005,22.94801678515613,21,25
874.0,22.94948816034901,21,25
874.3786244331519,22.95175064936626,21,25
874.757248992988,22.95401311472544,21,25
875.0,22.95546365668237,21,25
875.3786246106457,22.9576964992721,21,25
875.757249226642,22.95992931779823,21,25
876.0,22.96136085059204,21,25
876.3786246181422,22.96356455961066,21,25
876.7572492365103,22.96576824484983,21,25
877.0,22.96718109927672,21,25
877.3786246184588,22.96935567887712,21,25
877.7572492369271,22.97153023501114,21,25
878.0,22.97292441381662,21,25
878.3786246184721,22.97506695348818,21,25
878.7572492369447,22.97720947003905,21,25
879.0,22.97858310722351,21,25
879.3786246184727,22.98069474685257,21,25
879.7572492369455,22.9828063636944,21,25
880.0,22.98416019006837,21,25
880.3786246184727,22.98625468253371,21,25
880.7572492369455,22.98834915239686,21,25
881.0,22.98969198528399,21,25
881.3786246184727,22.99174743279288,21,25
881.7572492369455,22.99380285812093,21,25
882.0,22.99512065828416,21,25
882.3786246184727,22.99714290066148,21,25
882.7572492369455,22.99916512121628,21,25
883.0,23.00046163271724,21,25
883.3786246184727,23.00246781280719,21,25
883.7572492369455,23.00447397124794,21,25
884.0,23.00576018480414,21,25
884.3786246184727,23.00773024443616,21,25
884.7572492369455,23.00970028280878,21,25
885.0,23.01096333861216,21,25
885.3786246184727,23.01291712853842,21,25
885.7572492369455,23.01487089738084,21,25
886.0,23.01612352225819,21,25
886.3786246184727,23.01804015008636,21,25
886.7572492369455,23.01995675723173,21,25
887.0,23.02118555653401,21,25
887.3786246184727,23.02307195702965,21,25
887.7572492369455,23.02495833716867,21,25
888.0,23.02616775695209,21,25
888.3786246184727,23.02803965337335,21,25
888.7572492369455,23.0299115295945,21,25
889.0,23.03111165044351,21,25
889.3786246184727,23.03295156169525,21,25
889.7572492369455,23.03479145309204,21,25
890.0,23.03597106742778,21,25
890.3786246184727,23.03778075125752,21,25
890.7572492369455,23.03959041555851,21,25
891.0,23.04075065031805,21,25
891.3786246184727,23.04254192866123,21,25
891.7572492369455,23.04433318767427,21,25
892.0,23.04548162220388,21,25
892.3786246184727,23.04722104302082,21,25
892.7572492369455,23.04896044506722,21,25
893.0,23.05007563240553,21,25
893.3786246184727,23.05177937396751,21,25
893.7572492369455,23.053483097144,21,25
894.0,23.05457540959603,21,25
894.3786246184727,23.0562631467102,21,25
894.7572492369455,23.05795086561158,21,25
895.0,23.05903291720128,21,25
895.3786246184727,23.06068354312248,21,25
895.7572492369455,23.06233415123136,21,25
896.0,23.06339240988256,21,25
896.3786246184727,23.06502585595865,21,25
896.7572492369455,23.06665928440782,21,25
897.0,23.0677065286193,21,25
897.3786246184727,23.06930647418381,21,25
897.7572492369455,23.07090640248292,21,25
898.0,23.07193216865643,21,25
898.3786246184727,23.0735171362653,21,25
898.7572492369455,23.07510208677039,21,25
899.0,23.07611825019205,21,25
899.473280773091,23.07805647023498,21,25
900.0,23.08021350515259,21,25
900.000002,23.08021350290914,21,25
900.0,23.08021350290914,21,25
901.0,23.07983215438568,21,25
901.8485869058321,23.07886234173693,21,25
902.0,23.07868930087335,21,25
902.757112491863,23.07781822050634,21,25
903.0,23.07753877524611,21,25
903.7572434608005,23.07664997646958,21,25
904.0,23.07636505012346,21,25
904.757248992988,23.07546885851283,21,25
905.0,23.07518157085764,21,25
905.757249226642,23.07427008077248,21,25
906.0,23.07397788933335,21,25
906.7572492365103,23.0730600914997,21,25
907.0,23.07276587803559,21,25
907.7572492369271,23.07188188362313,21,25
908.0,23.07159850633871,21,25
908.7572492369447,23.07070613382449,21,25
909.0,23.07042007081755,21,25
909.7572492369455,23.06951064015652,21,25
910.0,23.06921910891215,21,25
910.7572492369455,23.06830332548413,21,25
911.0,23.06800975776778,21,25
911.7572492369455,23.06707800724535,21,25
912.0,23.06677932104433,21,25
912.7572492369455,23.06584023932595,21,25
913.0,23.06553920300328,21,25
913.7572492369455,23.06458296413884,21,25
914.0,23.06427642784312,21,25
914.7572492369455,23.06331274970022,21,25
915.0,23.06300382863543,21,25
915.7572492369455,23.0620257108725,21,25
916.0,23.0617121609772,21,25
916.7572492369455,23.06072021375904,21,25
917.0,23.06040223063044,21,25
917.7572492369455,23.05940361487043,21,25
918.0,23.05908349404361,21,25
918.7572492369455,23.05806770249008,21,25
919.0,23.05774207571247,21,25
919.7572492369455,23.05671851632389,21,25
920.0,23.05639039945362,21,25
920.7572492369455,23.05535243268598,21,25
921.0,23.05501969732051,21,25
921.7572492369455,23.05396938403685,21,25
922.0,23.05363269081584,21,25
922.7572492369455,23.05256795203829,21,25
923.0,23.0522266345151,21,25
923.7572492369455,23.05115446323072,21,25
924.0,23.05081076310921,21,25
924.7572492369455,23.04972410952346,21,25
925.0,23.04937576688932,21,25
925.7572492369455,23.0482743620449,21,25
926.0,23.04792129067993,21,25
926.7572492369455,23.04681168259638,21,25
927.0,23.04645598156363,21,25
927.6625930823274,23.04547214990538,21,25
928.0,23.04497116845117,21,25
928.6625930823274,23.04397659245657,21,25
929.0,23.04347013982931,21,25
929.6625930823274,23.04246474889949,21,25
930.000002,23.04195278608186,21,25
930.0,23.04195278608186,21,25
931.0,23.04156112765254,21,25
931.6594846189682,23.04053719852473,21,25
932.0,23.04000851505689,21,25
932.6624614087364,23.03896819178944,21,25
933.0,23.03843813191163,21,25
933.662587520383,23.03739065036694,21,25
934.0,23.03685724419045,21,25
934.6625928474167,23.0357971283937,21,25
935.0,23.03525730137441,21,25
935.6625930724059,23.03418494371084,21,25
936.0,23.03363888349711,21,25
936.6625930819083,23.03255468009093,21,25
937.0,23.0320025878752,21,25
937.6625930823096,23.03091350360031,21,25
938.0,23.0303589259759,21,25
938.6625930823266,23.0292560968587,21,25
939.0,23.02869452015982,21,25
939.6625930823274,23.02758532324461,21,25
940.0,23.02702050396996,21,25
940.6625930823274,23.02589834693234,21,25
941.0,23.02532692817401,21,25
941.6625930823274,23.0241988617489,21,25
942.0,23.02362443384413,21,25
942.6625930823274,23.02248362652829,21,25
943.0,23.02190271077581,21,25
943.6625930823274,23.02075686741365,21,25
944.0,23.02017338723281,21,25
944.6625930823274,23.01901442362506,21,25
945.0,23.01842426242347,21,25
945.6625930823274,23.01726006291178,21,25
946.0,23.01666723551142,21,25
946.6625930823274,23.01548949409853,21,25
947.0,23.01488977096422,21,25
947.6625930823274,23.01370625921624,21,25
948.0,23.01310359774299,21,25
948.6625930823274,23.01191526456575,21,25
949.0,23.01131014795029,21,25
949.6625930823274,23.01010696520908,21,25
950.0,23.00949428697869,21,25
950.6625930823274,23.00828622075427,21,25
951.0,23.00767105578288,21,25
951.6625930823274,23.00644770851858,21,25
952.0,23.00582476221842,21,25
952.6625930823274,23.00459638701865,21,25
953.0,23.00397088042029,21,25
953.6625930823274,23.00272977413333,21,25
954.0,23.00209778467938,21,25
954.6625930823274,23.00084579511985,21,25
955.0,23.0002082637445,21,25
955.6625930823274,22.998945306114,21,25
956.0,22.99830218963667,21,25
956.6625930823274,22.99702780700723,21,25
957.0,22.99637887275352,21,25
957.6625930823274,22.99509379941349,21,25
958.0,22.99443942129376,21,25
958.6625930823274,22.99313438782054,21,25
959.0,22.99246984570937,21,25
959.5679369277092,22.99134061021314,21,25
960.000002,22.99048154255192,21,25
960.0,22.99048154255192,21,25
961.0,22.99009135110089,21,25
961.5649884367042,22.98895252461411,21,25
962.0,22.98807570030976,21,25
962.5678120160466,22.98691952618532,21,25
963.0,22.9860395211966,21,25
963.5679316513655,22.98487867531882,21,25
964.0,22.98399554514602,21,25
964.5679367048609,22.98282325865426,21,25
965.0,22.98193144323644,21,25
965.5679369182972,22.98075430312705,21,25
966.0,22.97985879610487,21,25
966.6625930819083,22.97864369589514,21,25
967.0,22.97802494911451,21,25
967.6625930823096,22.97680416736321,21,25
968.0,22.97618252745971,21,25
968.6625930823266,22.97494973874027,21,25
969.0,22.97432198471321,21,25
969.6625930823274,22.97308444989465,21,25
970.0,22.97245427908459,21,25
970.6625930823274,22.97120474722083,21,25
971.0,22.97056846734008,21,25
971.6625930823274,22.96931350532109,21,25
972.0,22.96867446032595,21,25
972.6625930823274,22.96740799071453,21,25
973.0,22.9667630858852,21,25
973.6625930823274,22.96549066880924,21,25
974.0,22.96484273544408,21,25
974.6625930823274,22.96356478865342,21,25
975.0,22.96291403947675,21,25
975.6625930823274,22.96162432821686,21,25
976.0,22.96096758840057,21,25
976.6625930823274,22.95967244720324,21,25
977.0,22.95901294238348,21,25
977.6625930823274,22.9577123923777,21,25
978.0,22.95705013331365,21,25
978.5679369277092,22.95593012544161,21,25
979.0,22.95507808168927,21,25
979.5679369277092,22.95395276053456,21,25
980.0,22.95309667471303,21,25
980.5679369277092,22.95195980264156,21,25
981.0,22.95109492948318,21,25
981.5679369277092,22.94995395974502,21,25
982.0,22.94908596929489,21,25
982.5679369277092,22.94794075793348,21,25
983.0,22.94706954067693,21,25
983.5679369277092,22.94591956028787,21,25
984.0,22.94504471500306,21,25
984.5679369277092,22.94388951933821,21,25
985.0,22.94301070654276,21,25
985.5679369277092,22.94184518535863,21,25
986.0,22.94095851744499,21,25
986.5679369277092,22.93978348320583,21,25
987.0,22.93888957825457,21,25
987.5679369277092,22.93770511786075,21,25
988.0,22.93680404198116,21,25
988.5679369277092,22.93560929365601,21,25
989.0,22.93470039125321,21,25
989.5679369277092,22.93349996741476,21,25
990.000002,22.93258674313121,21,25
990.0,22.93258674313121,21,25
991.0,22.93215260024838,21,25
991.5649884367042,22.93099938894728,21,25
992.0,22.93011148924651,21,25
992.5678120160466,22.92894559927009,21,25
993.0,22.92805819920304,21,25
993.5679316513655,22.92688601139563,21,25
994.0,22.92599425268699,21,25
994.5679367048609,22.92481316118738,21,25
995.0,22.92391464737134,21,25
995.5679369182972,22.92272717015391,21,25
996.0,22.92182379919713,21,25
996.5679369273116,22.92062894534928,21,25
997.0,22.91971996266882,21,25
997.5679369276924,22.91851708486401,21,25
998.0,22.91760199797573,21,25
998.5679369277084,22.91639296381723,21,25
999.0,22.91547319349522,21,25
999.5679369277092,22.91425717849797,21,25
1000.0,22.91333209751682,21,25
1000.5679369277092,22.91210973149099,21,25
1001.0,22.91117981897753,21,25
1001.5679369277092,22.90995065214805,21,25
1002.0,22.9090155659368,21,25
1002.5679369277092,22.9077742613397,21,25
1003.0,22.90682994134596,21,25
1003.5679369277092,22.90558293633617,21,25
1004.0,22.90463427976486,21,25
1004.5679369277092,22.90338139893915,21,25
1005.0,22.90242827235261,21,25
1005.5679369277092,22.90117637565627,21,25
1006.0,22.90022399774419,21,25
1006.5679369277092,22.89896562129502,21,25
1007.0,22.89800831392391,21,25
1007.5679369277092,22.89674401374555,21,25
1008.0,22.89578219990929,21,25
1008.5679369277092,22.89451889283012,21,25
1009.0,22.89355783449207,21,25
1009.5679369277092,22.89228882831956,21,25
1010.0,22.89132343440764,21,25
1010.5679369277092,22.89005542503085,21,25
1011.0,22.88909078942928,21,25
1011.5679369277092,22.88781694331781,21,25
1012.0,22.88684786743199,21,25
1012.5679369277092,22.88557502191797,21,25
1013.0,22.88460670723466,21,25
1013.5679369277092,22.88332833754126,21,25
1014.0,22.88235582034953,21,25
1014.5679369277092,22.88107845480683,21,25
1015.0,22.88010670152073,21,25
1015.5679369277092,22.87882344935772,21,25
1016.0,22.87784721783699,21,25
1016.5679369277092,22.87656497365983,21,25
1017.0,22.87558950896232,21,25
1017.5679369277092,22.87430827197925,21,25
1018.0,22.87333357350261,21,25
1018.5679369277092,22.8720461850657,21,25
1019.0,22.87106680688284,21,25
1019.5679369277092,22.86978042968078,21,25
1020.000002,22.86880181621896,21,25
1020.0,22.86880181621896,21,25
1021.0,22.86836949126585,21,25
1021.5649884367042,22.86707226967877,21,25
1022.0,22.86607349117398,21,25
1022.5678120160466,22.86495336016798,21,25
1023.0,22.86410078887058,21,25
1023.5679316513655,22.86298130190115,21,25
1024.0,22.86212963611185,21,25
1024.5679367048608,22.86100601574986,21,25
1025.0,22.86015122302672,21,25
1025.5679369182972,22.85902848483895,21,25
1026.0,22.85817436397161,21,25
1026.5679369273116,22.85705250766924,21,25
1027.0,22.85619905772584,21,25
1027.5679369276925,22.85507808263322,21,25
1028.0,22.8542253030697,21,25
1028.5679369277084,22.85310030236156,21,25
1029.0,22.85224446031912,21,25
1029.567936927709,22.85112034329138,21,25
1030.0,22.85026517350705,21,25
1030.567936927709,22.8491419394656,21,25
1031.0,22.84828744141132,21,25
1031.567936927709,22.84716508966256,21,25
1032.0,22.84631126281068,21,25
1032.567936927709,22.84518486287462,21,25
1033.0,22.84432795637235,21,25
1033.567936927709,22.84320244121577,21,25
1034.0,22.84234620780772,21,25
1034.567936927709,22.84122157673565,21,25
1035.0,22.84036601589312,21,25
1035.567936927709,22.83924226821111,21,25
1036.0,22.8383873794058,21,25
1036.567936927709,22.83725962609903,21,25
1037.0,22.83640169002268,21,25
1037.567936927709,22.83527482255845,21,25
1038.0,22.83441756038505,21,25
1038.567936927709,22.83329157806756,21,25
1039.0,22.83243498926777,21,25
1039.567936927709,22.83130989140173,21,25
1040.0,22.83045397544662,21,25
1040.567936927709,22.82932976133731,21,25
1041.0,22.82847451769836,21,25
1041.567936927709,22.82735118665158,21,25
1042.0,22.82649661480069,21,25
1042.567936927709,22.82536931488772,21,25
1043.0,22.8245117237298,21,25
1043.567936927709,22.82338530930323,21,25
1044.0,22.82252839177733,21,25
1044.567936927709,22.82140286214164,21,25
1045.0,22.82054661771862,21,25
1045.567936927709,22.81942197217881,21,25
1046.0,22.81856640032997,21,25
1046.567936927709,22.81744263819158,21,25
1047.0,22.81658773838861,21,25
1047.567936927709,22.81546485895773,21,25
1048.0,22.81461063067275,21,25
1048.567936927709,22.81348863325603,21,25
1049.0,22.81263507596155,21,25
1049.567936927709,22.81151395986618,21,25
1050.000002,22.81066106909019,21,25
1050.0,22.81066106909019,21,25
1051.0,22.81017339934316,21,25
1051.6594846189682,22.80887284361476,21,25
1052.0,22.80820133003639,21,25
1052.6624614087364,22.80689593009576,21,25
1053.0,22.80623080978683,21,25
1053.6625875203829,22.80492618692008,21,25
1054.0,22.80426183736793,21,25
1054.6625928474166,22.80295822879309,21,25
1055.0,22.80229441156349,21,25
1055.6625930724058,22.80099182652204,21,25
1056.0,22.80032853115866,21,25
1056.6625930819084,22.79902696927023,21,25
1057.0,22.79836419493951,21,25
1057.6625930823097,22.7970636554183,21,25
1058.0,22.7964014016931,21,25
1058.6625930823266,22.79510188373681,21,25
1059.0,22.79444015020743,21,25
1059.6625930823272,22.79314165301365,21,25
1060.0,22.79248043927147,21,25
1060.6625930823272,22.79118296203841,21,25
1061.0,22.79052226767513,21,25
1061.6625930823272,22.78922580960161,21,25
1062.0,22.78856563420926,21,25
1062.6625930823272,22.78727019449474,21,25
1063.0,22.78661053766567,21,25
1063.6625930823272,22.78531611551024,21,25
1064.0,22.78465697683712,21,25
1064.6625930823272,22.78336357144149,21,25
1065.0,22.78270495051731,21,25
1065.6625930823272,22.78141256108283,21,25
1066.0,22.78075445750091,21,25
1066.6625930823272,22.77946308322954,21,25
1067.0,22.77880549658351,21,25
1067.6625930823272,22.77751513667784,21,25
1068.0,22.77685806656165,21,25
1068.6625930823272,22.77556872022492,21,25
1069.0,22.77491216623283,21,25
1069.6625930823272,22.77362383266888,21,25
1070.0,22.77296779439549,21,25
1070.6625930823272,22.7716804728088,21,25
1071.0,22.77102494984901,21,25
1071.6625930823272,22.76973863944466,21,25
1072.0,22.7690836313937,21,25
1072.6625930823272,22.76779833137742,21,25
1073.0,22.76714383783083,21,25
1073.6625930823272,22.76585954740898,21,25
1074.0,22.76520556796263,21,25
1074.6625930823272,22.76392228634217,21,25
1075.0,22.76326882059222,21,25
1075.6625930823272,22.76198654698074,21,25
1076.0,22.76133359452369,21,25
1076.6625930823272,22.76005232812943,21,25
1077.0,22.75939988856209,21,25
1077.6625930823272,22.75811962859386,21,25
1078.0,22.75746770151337,21,25
1078.6625930823272,22.75619909822662,21,25
1079.0,22.75555310689864,21,25
1079.6625930823272,22.75428550009114,21,25
1080.000002,22.75364001236174,21,25
1080.0,22.75364001236174,21,25
1081.0,22.75315111767487,21,25
1081.6594846189682,22.75189473519092,21,25
1082.0,22.75124602950367,21,25
1082.6624614087364,22.74998496734066,21,25
1083.0,22.74934243777608,21,25
1083.6625875203829,22.74808212629374,21,25
1084.0,22.74744034130727,21,25
1084.6625928474166,22.7461810096665,21,25
1085.0,22.74553973892231,21,25
1085.6625930724058,22.74428139605071,21,25
1086.0,22.7436406294476,21,25
1086.6625930819084,22.74238327497774,21,25
1087.0,22.74174301171047,21,25
1087.6625930823097,22.74048664488323,21,25
1088.0,22.73984688453916,21,25
1088.6625930823266,22.73859150457949,21,25
1089.0,22.73795224676285,21,25
1089.6625930823272,22.7366978528956,21,25
1090.0,22.73605909721163,21,25
1090.6625930823272,22.73480568866223,21,25
1091.0,22.73416743471652,21,25
1091.6625930823272,22.73291501071101,21,25
1092.0,22.73227725810943,21,25
1092.6625930823272,22.73102581787445,21,25
1093.0,22.7303885662232,21,25
1093.6625930823272,22.72913810898603,21,25
1094.0,22.72850135789162,21,25
1094.6625930823272,22.7272518828801,21,25
1095.0,22.72661563194934,21,25
1095.6625930823272,22.72536713839196,21,25
1096.0,22.72473138723198,21,25
1096.6625930823272,22.72348387435778,21,25
1097.0,22.72284862257601,21,25
1097.6625930823272,22.7216020896147,21,25
1098.0,22.72096733681889,21,25
1098.6625930823272,22.71972178300074,21,25
1099.0,22.71908752879893,21,25
1099.6625930823272,22.71784295335483,21,25
1100.0,22.71720919735539,21,25
1100.6625930823272,22.71596559951684,21,25
1101.0,22.71533234132843,21,25
1101.6625930823272,22.71408972032753,21,25
1102.0,22.71345695955911,21,25
1102.6625930823272,22.71221531462855,21,25
1103.0,22.71158305088941,21,25
1103.6625930823272,22.71034238126251,21,25
1104.0,22.70971061416224,21,25
1104.6625930823272,22.70847091907289,21,25
1105.0,22.70783964822138,21,25
1105.6625930823272,22.70660092690409,21,25
1106.0,22.70597015191154,21,25
1106.6625930823272,22.70473240360143,21,25
1107.0,22.70410212407834,21,25
1107.6625930823272,22.70286534801111,21,25
1108.0,22.7022355635683,21,25
1108.6625930823272,22.70099975898026,21,25
1109.0,22.70037046922885,21,25
1109.6625930823272,22.69913563535691,21,25
1110.000002,22.69850683618394,21,25
1110.0,22.69850683618394,21,25
1111.0,22.69801951284386,21,25
1111.6594846189682,22.69678765651113,21,25
1112.0,22.69615161436702,21,25
1112.6624614087364,22.6949151697084,21,25
1113.0,22.69428518312137,21,25
1113.6625875203829,22.69304947448919,21,25
1114.0,22.69242021794516,21,25
1114.6625928474166,22.69118547002684,21,25
1115.0,22.69055671768643,21,25
1115.6625930724058,22.68932293923527,21,25
1116.0,22.68869468119449,21,25
1116.6625930819084,22.68746187185023,21,25
1117.0,22.68683410731955,21,25
1117.6625930823097,22.6856022663379,21,25
1118.0,22.68497499491273,21,25
1118.6625930823266,22.68374412153377,21,25
1119.0,22.68311734282607,21,25
1119.6625930823272,22.68188743628976,21,25
1120.0,22.68126114991248,21,25
1120.6625930823272,22.68003220945941,21,25
1121.0,22.67940641502581,21,25
1121.6625930823272,22.6781784398971,21,25
1122.0,22.67755313702078,21,25
1122.6625930823272,22.67632612645818,21,25
1123.0,22.67570131475302,21,25
1123.6625930823272,22.67447526799887,21,25
1124.0,22.67385094707905,21,25
1124.6625930823272,22.67262586337629,21,25
1125.0,22.67200203285631,21,25
1125.6625930823272,22.67077791144847,21,25
1126.0,22.67015457094312,21,25
1126.6625930823272,22.66893141107432,21,25
1127.0,22.6683085601987,21,25
1127.6625930823272,22.66708636111366,21,25
1128.0,22.66646399948317,21,25
1128.6625930823272,22.6652427604272,21,25
1129.0,22.66462088765753,21,25
1129.6625930823272,22.66340060787653,21,25
1130.0,22.6627792235837,21,25
1130.6625930823272,22.66155990232417,21,25
1131.0,22.66093900612448,21,25
1131.6625930823272,22.65972064263351,21,25
1132.0,22.65910023414355,21,25
1132.6625930823272,22.65788282766882,21,25
1133.0,22.65726290650552,21,25
1133.6625930823272,22.65604645629529,21,25
1134.0,22.65542702207584,21,25
1134.6625930823272,22.65421152737899,21,25
1135.0,22.65359257972091,21,25
1135.6625930823272,22.65237803978687,21,25
1136.0,22.65175957830796,21,25
1136.6625930823272,22.65054599238679,21,25
1137.0,22.64992801670517,21,25
1137.6625930823272,22.64871538404747,21,25
1138.0,22.64809789378155,21,25
1138.567936927709,22.64694062615703,21,25
1139.0,22.64606023712238,21,25
1139.567936927709,22.64490387852371,21,25
1140.000002,22.6440241769597,21,25
1140.0,22.6440241769597,21,25
1141.0,22.64357545763456,21,25
1141.5649884367042,22.64242620504827,21,25
1142.0,22.6415413533073,21,25
1142.5678120160467,22.64038726452599,21,25
1143.0,22.63950884676564,21,25
1143.5679316513656,22.63835542154544,21,25
1144.0,22.63747793674447,21,25
1144.5679367048608,22.63632540727684,21,25
1145.0,22.63544862198934,21,25
1145.5679369182972,22.63429699739298,21,25
1146.0,22.63342090124714,21,25
1146.5679369273116,22.63227018122581,21,25
1147.0,22.6313947732658,21,25
1147.5679369276925,22.63024495712645,21,25
1148.0,22.62937023679421,21,25
1148.5679369277084,22.62822132382759,21,25
1149.0,22.62734729058225,21,25
1149.567936927709,22.62619928007895,21,25
1150.0,22.62532593338079,21,25
1150.567936927709,22.62417882463193,21,25
1151.0,22.62330616394166,21,25
1151.567936927709,22.62215995623892,21,25
1152.0,22.62128798101769,21,25
1152.567936927709,22.62014267365331,21,25
1153.0,22.61927138336269,21,25
1153.567936927709,22.61812697562945,21,25
1154.0,22.61725636973143,21,25
1154.567936927709,22.61611286092268,21,25
1155.0,22.61524293887966,21,25
1155.567936927709,22.61410032828931,21,25
1156.0,22.61323108956415,21,25
1156.567936927709,22.61208937648665,21,25
1157.0,22.6112208205426,21,25
1157.567936927709,22.61008000427295,21,25
1158.0,22.60921213057368,21,25
1158.567936927709,22.60807221040746,21,25
1159.0,22.60720501841708,21,25
1159.567936927709,22.60606599365039,21,25
1160.0,22.60519948283342,21,25
1160.567936927709,22.60406135276295,21,25
1161.0,22.60319552258433,21,25
1161.567936927709,22.60205828650729,21,25
1162.0,22.60119313643239,21,25
1162.567936927709,22.60005679364655,21,25
1163.0,22.59919232314115,21,25
1163.567936927709,22.59805687294484,21,25
1164.0,22.59719308147515,21,25
1164.567936927709,22.59605852316725,21,25
1165.0,22.59519541019988,21,25
1165.567936927709,22.59406174307981,21,25
1166.0,22.59319930808181,21,25
1166.567936927709,22.59206653144956,21,25
1167.0,22.59120477388838,21,25
1167.567936927709,22.59007288704447,21,25
1168.0,22.58921180638799,21,25
1168.567936927709,22.5880808086335,21,25
1169.0,22.58722040435002,21,25
1169.567936927709,22.58609029498658,21,25
1170.000002,22.58523056256822,21,25
1170.0,22.58523056256822,21,25
1171.0,22.58478351891575,21,25
1171.6594846189682,22.58347250743486,21,25
1172.0,22.5827955952568,21,25
1172.5678120160467,22.58166770797877,21,25
1173.0,22.58080923310861,21,25
1173.5679316513656,22.57968199432674,21,25
1174.0,22.5788244312348,21,25
1174.5679367048608,22.57769806786906,21,25
1175.0,22.57684118840939,21,25
1175.5679369182972,22.57571570937144,21,25
1176.0,22.57485950340772,21,25
1176.5679369273116,22.57373490840806,21,25
1177.0,22.57287937500615,21,25
1177.5679369276925,22.57175566336746,21,25
1178.0,22.57090080198197,21,25
1178.5679369277084,22.5697779730111,21,25
1179.0,22.56892378311345,21,25
1179.567936927709,22.5678018361171,21,25
1180.0,22.56694831717981,21,25
1180.567936927709,22.56582725146519,21,25
1181.0,22.56497440296122,21,25
1181.567936927709,22.5638542178361,21,25
1182.0,22.56300203923883,21,25
1182.567936927709,22.56188273401151,21,25
1183.0,22.56103122479473,21,25
1183.6625930823272,22.55972639619737,21,25
1184.0,22.55906195841197,21,25
1184.6625930823272,22.55775815474859,21,25
1185.0,22.55709423887456,21,25
1185.6625930823272,22.5557914593401,21,25
1186.0,22.55512806496747,21,25
1186.6625930823272,22.55382630875748,21,25
1187.0,22.55316343547662,21,25
1187.6625930823272,22.55186270178727,21,25
1188.0,22.55120034918887,21,25
1188.6625930823272,22.54990063721699,21,25
1189.0,22.54923880489205,21,25
1189.6625930823272,22.54794011383509,21,25
1190.0,22.54727880137494,21,25
1190.6625930823272,22.54598113043097,21,25
1191.0,22.54532033742726,21,25
1191.6625930823272,22.54402368579499,21,25
1192.0,22.54336341183969,21,25
1192.6625930823272,22.54206777871847,21,25
1193.0,22.54140802340387,21,25
1193.6625930823272,22.54011340799365,21,25
1194.0,22.53945417091236,21,25
1194.6625930823272,22.53816057241373,21,25
1195.0,22.53750185315869,21,25
1195.6625930823272,22.53620927077289,21,25
1196.0,22.53555106893734,21,25
1196.6625930823272,22.53431275709612,21,25
1197.0,22.53368219061477,21,25
1197.6625930823272,22.53244485145908,21,25
1198.0,22.5318147802834,21,25
1198.6625930823272,22.5305784130492,21,25
1199.0,22.52994883679015,21,25
1199.6625930823272,22.52871344071401,21,25
1200.000002,22.52808435525676,21,25
1200.0,22.52808435525676,21,25
1201.0,22.5276246898595,21,25
1201.6594846189682,22.52639629337218,21,25
1202.0,22.52576203764377,21,25
1202.6624614087364,22.52452906571752,21,25
1203.0,22.52390084853829,21,25
1203.6625875203829,22.52266861057125,21,25
1204.0,22.52204112138459,21,25
1204.6625928474166,22.52080984143311,21,25
1205.0,22.52018285503395,21,25
1205.6625930724058,22.51895254182674,21,25
1206.0,22.51832604833888,21,25
1206.6625930819084,22.51709670151671,21,25
1207.0,22.51647070015286,21,25
1207.6625930823097,22.5152423189735,21,25
1208.0,22.5146168093302,21,25
1208.6625930823266,22.51338939303588,21,25
1209.0,22.51276437472618,21,25
1209.6625930823272,22.51153792255901,21,25
1210.0,22.51091339519695,21,25
1210.6625930823272,22.50968790639962,21,25
1211.0,22.50906386959956,21,25
1211.6625930823272,22.50783934341534,21,25
1212.0,22.50721579679195,21,25
1212.6625930823272,22.50599223246472,21,25
1213.0,22.50536917563295,21,25
1213.6625930823272,22.50414657240718,21,25
1214.0,22.50352400498232,21,25
1214.6625930823272,22.50230236210307,21,25
1215.0,22.50168028370068,21,25
1215.6625930823272,22.5004596004136,21,25
1216.0,22.49983801064957,21,25
1216.6625930823272,22.49861828620092,21,25
1217.0,22.49799718469142,21,25
1217.6625930823272,22.49677841832803,21,25
1218.0,22.49615780468955,21,25
1218.6625930823272,22.49493999565884,21,25
1219.0,22.49431986950815,21,25
1219.6625930823272,22.49310301705815,21,25
1220.0,22.49248337801233,21,25
1220.6625930823272,22.49126748139166,21,25
1221.0,22.4906483290681,21,25
1221.6625930823272,22.48943338752596,21,25
1222.0,22.48881472154234,21,25
1222.6625930823272,22.48760073432851,21,25
1223.0,22.48698255430282,21,25
1223.6625930823272,22.48576952066769,21,25
1224.0,22.4851518262182,21,25
1224.6625930823272,22.48393974541275,21,25
1225.0,22.48332253615805,21,25
1225.6625930823272,22.48211140743383,21,25
1226.0,22.4814946829928,21,25
1226.6625930823272,22.48028450560196,21,25
1227.0,22.47966826559379,21,25
1227.6625930823272,22.47845903878905,21,25
1228.0,22.47784328283322,21,25
1228.6625930823272,22.47663500586792,21,25
1229.0,22.4760197335842,21,25
1229.6625930823272,22.47481240571224,21,25
1230.000002,22.47419761307929,21,25
1230.0,22.47419761307929,21,25
1231.0,22.47373948350428,21,25
1231.6594846189682,22.47253900080489,21,25
1232.0,22.47191915775193,21,25
1232.6624614087364,22.4707142035848,21,25
1233.0,22.47010026186247,21,25
1233.6625875203829,22.46889602497623,21,25
1234.0,22.46828279470375,21,25
1234.6625928474166,22.46707949406334,21,25
1235.0,22.46646675515313,21,25
1235.6625930724058,22.46526439928893,21,25
1236.0,22.46465214208923,21,25
1236.6625930819084,22.46345073065016,21,25
1237.0,22.46283895439156,21,25
1237.6625930823097,22.46163848665228,21,25
1238.0,22.46102719094049,21,25
1238.6625930823266,22.45982766616043,21,25
1239.0,22.45921685061729,21,25
1239.6625930823272,22.45801826805578,21,25
1240.0,22.45740793230411,21,25
1240.6625930823272,22.45621029122105,21,25
1241.0,22.45560043488396,21,25
1241.6625930823272,22.45440373453983,21,25
1242.0,22.45379435724075,21,25
1242.6625930823272,22.4525985968966,21,25
1243.0,22.45198969825924,21,25
1243.6625930823272,22.45079487717671,21,25
1244.0,22.45018645682509,21,25
1244.6625930823272,22.44899257426639,21,25
1245.0,22.44838463182482,21,25
1245.6625930823272,22.44719168705275,21,25
1246.0,22.44658422214583,21,25
1246.6625930823272,22.44539221442378,21,25
1247.0,22.44478522667641,21,25
1247.6625930823272,22.44359415526831,21,25
1248.0,22.44298764430569,21,25
1248.6625930823272,22.44179750847609,21,25
1249.0,22.44119147392371,21,25
1249.6625930823272,22.4400022729377,21,25
1250.0,22.43939671442133,21,25
1250.6625930823272,22.43820844754462,21,25
1251.0,22.43760336469036,21,25
1251.6625930823272,22.43641603118919,21,25
1252.0,22.43581142362339,21,25
1252.6625930823272,22.43469958008648,21,25
1253.0,22.43413341311339,21,25
1253.6625930823272,22.43302244292201,21,25
1254.0,22.43245672066923,21,25
1254.6625930823272,22.43134662313738,21,25
1255.0,22.43078134525557,21,25
1255.6625930823272,22.42967211969779,21,25
1256.0,22.42910728583792,21,25
1256.6625930823272,22.42799893156927,21,25
1257.0,22.42743454138255,21,25
1257.6625930823272,22.42632705771864,21,25
1258.0,22.42576311085658,21,25
1258.6625930823272,22.42465649711356,21,25
1259.0,22.42409299322793,21,25
1259.6625930823272,22.42298724872247,21,25
1260.000002,22.42242418413028,21,25
1260.0,22.42242418413028,21,25
1261.0,22.42194757949539,21,25
1261.6594846189682,22.42084813375502,21,25
1262.0,22.4202804589317,21,25
1262.6624614087364,22.41917691805847,21,25
1263.0,22.41861464788848,21,25
1263.6625875203829,22.41751176392718,21,25
1264.0,22.41695014532885,21,25
1264.6625928474166,22.41584811881556,21,25
1265.0,22.41528695022468,21,25
1265.6625930724058,22.41418578897182,21,25
1266.0,22.41362506154895,21,25
1266.6625930819084,22.41252476523499,21,25
1267.0,22.41196447827548,21,25
1267.6625930823097,22.41086504623612,21,25
1268.0,22.41030519937888,21,25
1268.6625930823266,22.40920663093588,21,25
1269.0,22.40864722383457,21,25
1269.6625930823272,22.40754951830962,21,25
1270.0,22.40699055061877,21,25
1270.6625930823272,22.40589370733404,21,25
1271.0,22.40533517870852,21,25
1271.6625930823272,22.40423919698673,21,25
1272.0,22.40368110708165,21,25
1272.6625930823272,22.40258598624605,21,25
1273.0,22.40202833471679,21,25
1273.6625930823272,22.40093407409116,21,25
1274.0,22.40037686059339,21,25
1274.6625930823272,22.39928345950205,21,25
1275.0,22.39872668369168,21,25
1275.6625930823272,22.39763414145946,21,25
1276.0,22.3970778029927,21,25
1276.6625930823272,22.39598611894497,21,25
1277.0,22.3954302174783,21,25
1277.6625930823272,22.39433939094097,21,25
1278.0,22.39378392613112,21,25
1278.6625930823272,22.39269395643061,21,25
1279.0,22.39213892793459,21,25
1279.6625930823272,22.39104981439787,21,25
1280.0,22.39049522187296,21,25
1280.6625930823272,22.38940696382752,21,25
1281.0,22.38885280693127,21,25
1281.6625930823272,22.38776540370511,21,25
1282.0,22.38721168209534,21,25
1282.6625930823272,22.38612513301703,21,25
1283.0,22.38557184635182,21,25
1283.6625930823272,22.38448615075042,21,25
1284.0,22.38393329868811,21,25
1284.6625930823272,22.38284845589322,21,25
1285.0,22.38229603809245,21,25
1285.6625930823272,22.3812120474342,21,25
1286.0,22.38066006355386,21,25
1286.6625930823272,22.3795769243629,21,25
1287.0,22.37902537406215,21,25
1287.6625930823272,22.37794308566965,21,25
1288.0,22.37739196860791,21,25
1288.6625930823272,22.37631053034559,21,25
1289.0,22.37575984618255,21,25
1289.6625930823272,22.37467925738263,21,25
1290.000002,22.37412900251909,21,25
1290.0,22.37412900251909,21,25
1291.0,22.37365377434177,21,25
1291.6594846189682,22.3725793459137,21,25
1292.0,22.37202458823383,21,25
1292.6624614087364,22.37094615785549,21,25
1293.0,22.37039668184888,21,25
1293.6625875203829,22.36931889343481,21,25
1294.0,22.36877005417369,21,25
1294.6625928474166,22.36769310369684,21,25
1295.0,22.36714470420349,21,25
1295.6625930724058,22.36606859929852,21,25
1296.0,22.36552063093463,21,25
1296.6625930819084,22.36444537128732,21,25
1297.0,22.36389783336428,21,25
1297.6625930823097,22.36282341832547,21,25
1298.0,22.36227631049039,21,25
1298.6625930823266,22.36120273939725,21,25
1299.0,22.36065606131169,21,25
1299.6625930823272,22.35958333350133,21,25
1300.0,22.35903708482769,21,25
1300.6625930823272,22.35796519963775,21,25
1301.0,22.35741938003873,21,25
1301.6625930823272,22.35634833680731,21,25
1302.0,22.35580294594587,21,25
1302.6625930823272,22.35473274401162,21,25
1303.0,22.35418778155099,21,25
1303.6625930823272,22.35311842025309,21,25
1304.0,22.35257388585676,21,25
1304.6625930823272,22.35150536453488,21,25
1305.0,22.35096125786663,21,25
1305.6625930823272,22.34989357586099,21,25
1306.0,22.34934989658482,21,25
1306.6625930823272,22.34828305323612,21,25
1307.0,22.34773980101633,21,25
1307.6625930823272,22.34667379566583,21,25
1308.0,22.34613097016696,21,25
1308.6625930823272,22.34506580215642,21,25
1309.0,22.34452340304329,21,25
1309.6625930823272,22.34345907171498,21,25
1310.0,22.34291709865267,21,25
1310.6625930823272,22.34189620753329,21,25
1311.0,22.34137635486003,21,25
1311.6625930823272,22.34035626564368,21,25
1312.0,22.33983682131117,21,25
1312.6625930823272,22.33881753336797,21,25
1313.0,22.33829849705544,21,25
1313.6625930823272,22.33728000975599,21,25
1314.0,22.33676138114295,21,25
1314.6625930823272,22.33574369385835,21,25
1315.0,22.33522547262456,21,25
1315.6625930823272,22.33420858472641,21,25
1316.0,22.33369077055188,21,25
1316.6625930823272,22.33267468141225,21,25
1317.0,22.33215727397723,21,25
1317.6625930823272,22.33114198296871,21,25
1318.0,22.33062498195372,21,25
1318.6625930823272,22.32961048844937,21,25
1319.0,22.32909389353516,21,25
1319.6625930823272,22.32808019690857,21,25
1320.000002,22.32756400471874,21,25
1320.0,22.32756400471874,21,25
1321.0,22.3270787033153,21,25
1321.6594846189682,22.3260708061698,21,25
1322.0,22.32555040046628,21,25
1322.6624614087364,22.32453874918124,21,25
1323.0,22.32402329809664,21,25
1323.6625875203829,22.32301224902383,21,25
1324.0,22.32249739525585,21,25
1324.6625928474166,22.32148713223311,21,25
1325.0,22.32097269100137,21,25
1325.6625930724058,22.31996322119059,21,25
1326.0,22.31944918439173,21,25
1326.6625930819084,22.31844050749815,21,25
1327.0,22.31792687448616,21,25
1327.6625930823097,22.31691898990081,21,25
1328.0,22.31640576034467,21,25
1328.6625930823266,22.31539866744579,21,25
1329.0,22.31488584102799,21,25
1329.6625930823272,22.31387953919374,21,25
1330.0,22.31336711559761,21,25
1330.6625930823272,22.31236160420659,21,25
1331.0,22.31184958311571,21,25
1331.6625930823272,22.31084486154706,21,25
1332.0,22.31033324264527,21,25
1332.6625930823272,22.30932931027858,21,25
1333.0,22.30881809324995,21,25
1333.6625930823272,22.30781494946531,21,25
1334.0,22.30730413399418,21,25
1334.6625930823272,22.30630177817216,21,25
1335.0,22.30579136394311,21,25
1335.6625930823272,22.30478979546476,21,25
1336.0,22.30427978216262,21,25
1336.6625930823272,22.30327900040951,21,25
1337.0,22.30276938771934,21,25
1337.6625930823272,22.30176939207349,21,25
1338.0,22.30126017968063,21,25
1338.6625930823272,22.30026096952457,21,25
1339.0,22.29975215711458,21,25
1339.6625930823272,22.29875373183129,21,25
1340.0,22.29824531908999,21,25
1340.6625930823272,22.29724767806297,21,25
1341.0,22.29673966467642,21,25
1341.6625930823272,22.29574280728964,21,25
1342.0,22.29523519294415,21,25
1342.6625930823272,22.29423911858207,21,25
1343.0,22.2937319029642,21,25
1343.6625930823272,22.29273661101177,21,25
1344.0,22.29222979380831,21,25
1344.6625930823272,22.29123528365093,21,25
1345.0,22.29072886454895,21,25
1345.6625930823272,22.28973513557253,21,25
1346.0,22.28922911425931,21,25
1346.6625930823272,22.28823616585025,21,25
1347.0,22.28773054201332,21,25
1347.6625930823272,22.28673837355849,21,25
1348.0,22.28623314688565,21,25
1348.6625930823272,22.28524175777239,21,25
1349.0,22.28473692795167,21,25
1349.6625930823272,22.28374631756781,21,25
1350.000002,22.28324188131193,21,25
1350.0,22.28324188131193,21,25
1351.0,22.28275784313021,21,25
1351.6594846189682,22.28177290521927,21,25
1352.0,22.28126435401566,21,25
1352.6624614087364,22.280275747482,21,25
1353.0,22.27977203803434,21,25
1353.6625875203829,22.27878401999493,21,25
1354.0,22.27828089425741,21,25
1354.6625928474166,22.27729364436236,21,25
1355.0,22.27679092176379,21,25
1355.6625930724058,22.27580444701185,21,25
1356.0,22.27530211963342,21,25
1356.6625930819084,22.27431641973656,21,25
1357.0,22.27381448694701,21,25
1357.6625930823097,22.27282956131011,21,25
1358.0,22.27232802278595,21,25
1358.6625930823266,22.27134387080142,21,25
1359.0,22.27084272623238,21,25
1359.6625930823272,22.26985934729253,21,25
1360.0,22.26935859636915,21,25
1360.6625930823272,22.26837598986678,21,25
1361.0,22.26787563227984,21,25
1361.6625930823272,22.2668937976082,21,25
1362.0,22.26639383304874,21,25
1362.6625930823272,22.26541276960156,21,25
1363.0,22.26491319776086,21,25
1363.6625930823272,22.26393290493234,21,25
1364.0,22.26343372550193,21,25
1364.6625930823272,22.26245420268677,21,25
1365.0,22.2619554153584,21,25
1365.7572492369454,22.26083684154536,21,25
1366.0,22.26047826641744,21,25
1366.7572492369454,22.25936057123652,21,25
1367.0,22.25900227776692,21,25
1367.7572492369454,22.25788546052797,21,25
1368.0,22.25752744849545,21,25
1368.7572492369454,22.25641150850884,21,25
1369.0,22.25605377769234,21,25
1369.6625930823272,22.25506744483484,21,25
1370.0,22.25456518973343,21,25
1370.6625930823272,22.25357963163368,21,25
1371.0,22.25307777105023,21,25
1371.6625930823272,22.25209298709967,21,25
1372.0,22.25159152072429,21,25
1372.6625930823272,22.25060751031482,21,25
1373.0,22.25010643783788,21,25
1373.6625930823272,22.24912320036189,21,25
1374.0,22.24862252147397,21,25
1374.6625930823272,22.24764005632434,21,25
1375.0,22.24713977071628,21,25
1375.6625930823272,22.24615807728635,21,25
1376.0,22.24565818464923,21,25
1376.6625930823272,22.2446772623328,21,25
1377.0,22.24417776235795,21,25
1377.6625930823272,22.24319761054933,21,25
1378.0,22.24269850292832,21,25
1378.6625930823272,22.24171912102229,21,25
1379.0,22.24122040544691,21,25
1379.7572492369454,22.24010199254617,21,25
1380.000002,22.23974346604943,21,25
1380.0,22.23974346604943,21,25
1381.0,22.23926351770594,21,25
1381.754020768957,22.23815103203227,21,25
1382.0,22.23778811837412,21,25
1382.757112491863,22.23667194864672,21,25
1383.0,22.23631387796606,21,25
1383.7572434608005,22.23519839205603,21,25
1384.0,22.23484079556413,21,25
1384.757248992988,22.2337261777178,21,25
1385.0,22.23336887025842,21,25
1385.757249226642,22.23225512759317,21,25
1386.0,22.23189810114003,21,25
1386.7572492365105,22.23078523329757,21,25
1387.0,22.23042848730078,21,25
1387.7572492369272,22.22931649360783,21,25
1388.0,22.22896002783321,21,25
1388.7572492369447,22.22784890760372,21,25
1389.0,22.22749272183056,21,25
1389.7572492369454,22.22638247437845,21,25
1390.0,22.2260265683868,21,25
1390.7572492369454,22.22491719302652,21,25
1391.0,22.2245615665966,21,25
1391.7572492369454,22.22345306264311,21,25
1392.0,22.22309771555534,21,25
1392.7572492369454,22.22199008232418,21,25
1393.0,22.22163501435912,21,25
1393.7572492369454,22.22052825116633,21,25
1394.0,22.22017346210475,21,25
1394.7572492369454,22.21906756826692,21,25
1395.0,22.21871305788973,21,25
1395.7572492369454,22.21760803272399,21,25
1396.0,22.21725380081229,21,25
1396.7572492369454,22.2161496436363,21,25
1397.0,22.21579568997136,21,25
1397.7572492369454,22.21469240010332,21,25
1398.0,22.21433872446658,21,25
1398.7572492369454,22.21323630122523,21,25
1399.0,22.2128829033983,21,25
1399.7572492369454,22.2117813461029,21,25
1400.0,22.21142822586755,21,25
1400.7572492369454,22.21032753383794,21,25
1401.0,22.20997469097613,21,25
1401.7572492369454,22.20887486353262,21,25
1402.0,22.20852229782648,21,25
1402.7572492369454,22.20742333428994,21,25
1403.0,22.20707104552177,21,25
1403.7572492369454,22.20597294521362,21,25
1404.0,22.20562093316588,21,25
1404.7572492369454,22.20452369540805,21,25
1405.0,22.20417195986338,21,25
1405.7572492369454,22.20307558397835,21,25
1406.0,22.20272412471956,21,25
1406.7572492369454,22.20162861003032,21,25
1407.0,22.20127742684038,21,25
1407.7572492369454,22.20018277267049,21,25
1408.0,22.19983186533257,21,25
1408.7572492369454,22.19873807100608,21,25
1409.0,22.19838743930348,21,25
1409.7572492369454,22.197294504145,21,25
1410.000002,22.19694414497687,21,25
