0.0,19.8,19.5,23.5
1.0,19.79967398604929,19.5,23.5
2.0,19.79949840098861,19.5,23.5
3.0,19.79932284207993,19.5,23.5
4.0,19.79914730931854,19.5,23.5
5.0,19.7989718027005,19.5,23.5
6.0,19.79879632222191,19.5,23.5
7.0,19.7986208678789,19.5,23.5
8.0,19.79844543966756,19.5,23.5
9.0,19.79827003758401,19.5,23.5
10.0,19.79809466162434,19.5,23.5
11.0,19.79791931178466,19.5,23.5
12.0,19.7977439880611,19.5,23.5
13.0,19.79756869044975,19.5,23.5
14.0,19.79739341894673,19.5,23.5
15.0,19.79721817354816,19.5,23.5
16.0,19.79704295425014,19.5,23.5
17.0,19.79686776104878,19.5,23.5
18.0,19.79669259394021,19.5,23.5
19.0,19.79651745292053,19.5,23.5
20.0,19.79634233798586,19.5,23.5
21.0,19.7961672491323,19.5,23.5
22.0,19.79599218635599,19.5,23.5
23.0,19.79581714965304,19.5,23.5
24.0,19.79564213901955,19.5,23.5
25.0,19.79546715445165,19.5,23.5
26.0,19.79529219594545,19.5,23.5
27.0,19.79511726349708,19.5,23.5
28.0,19.79494235710265,19.5,23.5
29.0,19.79476747675829,19.5,23.5
30.000002,19.79459294956203,19.5,23.5
30.0,19.79459294956203,19.5,23.5
31.0,19.79426436572622,19.5,23.5
32.0,19.79408991381001,19.5,23.5
33.0,19.79391548787703,19.5,23.5
34.0,19.79374108792259,19.5,23.5
35.0,19.79356671394279,19.5,23.5
36.0,19.79339236593376,19.5,23.5
37.0,19.79321804389163,19.5,23.5
38.0,19.79304374781253,19.5,23.5
39.0,19.79286947769259,19.5,23.5
40.0,19.79269523352795,19.5,23.5
41.0,19.79252101531474,19.5,23.5
42.0,19.7923468230491,19.5,23.5
43.0,19.79217265672716,19.5,23.5
44.0,19.79199851634506,19.5,23.5
45.0,19.79182440189894,19.5,23.5
46.0,19.79165031338493,19.5,23.5
47.0,19.79147625079917,19.5,23.5
48.0,19.7913022141378,19.5,23.5
49.0,19.79112820339695,19.5,23.5
50.0,19.79095421857278,19.5,23.5
51.0,19.79078025966141,19.5,23.5
52.0,19.79060632665899,19.5,23.5
53.0,19.79043241956166,19.5,23.5
54.0,19.79025853836555,19.5,23.5
55.0,19.79008468306682,19.5,23.5
56.0,19.78991085366161,19.5,23.5
57.0,19.78973705014605,19.5,23.5
58.0,19.7895632725163,19.5,23.5
59.0,19.78938952076849,19.5,23.5
60.000001999999995,19.78921579455138,19.5,23.5
60.0,19.78921579455138,19.5,23.5
61.0,19.7888873568012,19.5,23.5
62.0,19.78871370572148,19.5,23.5
63.0,19.78854008050572,19.5,23.5
64.0,19.78836648114923,19.5,23.5
65.0,19.78819290764814,19.5,23.5
66.0,19.7880193599986,19.5,23.5
67.0,19.78784583819675,19.5,23.5
68.0,19.78767234223875,19.5,23.5
69.0,19.78749887212075,19.5,23.5
70.0,19.7873254278389,19.5,23.5
71.0,19.78715200938934,19.5,23.5
72.0,19.78697861676824,19.5,23.5
73.0,19.78680524997175,19.5,23.5
74.0,19.78663190899601,19.5,23.5
75.0,19.78645859383719,19.5,23.5
76.0,19.78628530449144,19.5,23.5
77.0,19.78611204095491,19.5,23.5
78.0,19.78593880322376,19.5,23.5
79.0,19.78576559129415,19.5,23.5
80.0,19.78559240516224,19.5,23.5
81.0,19.78541924482417,19.5,23.5
82.0,19.78524611027612,19.5,23.5
83.0,19.78507300151423,19.5,23.5
84.0,19.78489991853467,19.5,23.5
85.0,19.7847268613336,19.5,23.5
86.0,19.78455382990719,19.5,23.5
87.0,19.78438082425158,19.5,23.5
88.0,19.78420882671575,19.5,23.5
89.0,19.78403685479675,19.5,23.5
90.000002,19.7838649081469,19.5,23.5
90.0,19.7838649081469,19.5,23.5
91.0,19.78352846541992,19.5,23.5
92.0,19.78333869570544,19.5,23.5
93.0,19.78314895425564,19.5,23.5
94.0,19.78295924106543,19.5,23.5
95.0,19.78276955613058,19.5,23.5
96.0,19.78257989944687,19.5,23.5
97.0,19.78239027101008,19.5,23.5
98.0,19.78220067081602,19.5,23.5
99.0,19.78201109886046,19.5,23.5
100.0,19.78182155513922,19.5,23.5
101.0,19.78163203964809,19.5,23.5
102.0,19.78144255238286,19.5,23.5
103.0,19.78125309333933,19.5,23.5
104.0,19.78106366251329,19.5,23.5
105.0,19.78087425990054,19.5,23.5
106.0,19.78068488549688,19.5,23.5
107.0,19.7804955392981,19.5,23.5
108.0,19.78030622130001,19.5,23.5
109.0,19.78011693149841,19.5,23.5
110.0,19.77992766988909,19.5,23.5
111.0,19.77973843646786,19.5,23.5
112.0,19.77954923123052,19.5,23.5
113.0,19.77936005417288,19.5,23.5
114.0,19.77917090529073,19.5,23.5
115.0,19.77898178457987,19.5,23.5
116.0,19.77879269203613,19.5,23.5
117.0,19.77860362765529,19.5,23.5
118.0,19.77841459143316,19.5,23.5
119.0,19.77822558336555,19.5,23.5
120.000002,19.77803660310617,19.5,23.5
120.0,19.77803660310617,19.5,23.5
121.0,19.77770031872159,19.5,23.5
122.0,19.77751141703477,19.5,23.5
123.0,19.77732254348336,19.5,23.5
124.0,19.77713369806228,19.5,23.5
125.0,19.77694488076731,19.5,23.5
126.0,19.77675609159425,19.5,23.5
127.0,19.77656733053891,19.5,23.5
128.0,19.77637859759711,19.5,23.5
129.0,19.77618989276466,19.5,23.5
130.0,19.77600121603738,19.5,23.5
131.0,19.77581256741107,19.5,23.5
132.0,19.77562394688155,19.5,23.5
133.0,19.77543535444465,19.5,23.5
134.0,19.77524679009617,19.5,23.5
135.0,19.77505825383192,19.5,23.5
136.0,19.77486974564773,19.5,23.5
137.0,19.77468126553942,19.5,23.5
138.0,19.7744928135028,19.5,23.5
139.0,19.7743043895337,19.5,23.5
140.0,19.77411599362792,19.5,23.5
141.0,19.7739276257813,19.5,23.5
142.0,19.77373928598966,19.5,23.5
143.0,19.77355097424881,19.5,23.5
144.0,19.77336269055457,19.5,23.5
145.0,19.77317443490278,19.5,23.5
146.0,19.77298620728925,19.5,23.5
147.0,19.77279997241541,19.5,23.5
148.0,19.77261376527886,19.5,23.5
149.0,19.77242758587548,19.5,23.5
150.000002,19.77224143382888,19.5,23.5
150.0,19.77224143382888,19.5,23.5
151.0,19.77188900618894,19.5,23.5
152.0,19.77172083385385,19.5,23.5
153.0,19.77155268656671,19.5,23.5
154.0,19.77138456432298,19.5,23.5
155.0,19.7712164671189,19.5,23.5
156.0,19.77104839495075,19.5,23.5
157.0,19.77088034781478,19.5,23.5
158.0,19.77071232570728,19.5,23.5
159.0,19.77054432862451,19.5,23.5
160.0,19.77037635656276,19.5,23.5
161.0,19.77020840951829,19.5,23.5
162.0,19.77004048748737,19.5,23.5
163.0,19.76987259046629,19.5,23.5
164.0,19.76970471845132,19.5,23.5
165.0,19.76953687143872,19.5,23.5
166.0,19.76936904942479,19.5,23.5
167.0,19.76920125240579,19.5,23.5
168.0,19.76903348037801,19.5,23.5
169.0,19.76886573333771,19.5,23.5
170.0,19.76869801128118,19.5,23.5
171.0,19.7685303142047,19.5,23.5
172.0,19.76836264210455,19.5,23.5
173.0,19.76819499497701,19.5,23.5
174.0,19.76802737281836,19.5,23.5
175.0,19.76785977562487,19.5,23.5
176.0,19.76769220339284,19.5,23.5
177.0,19.76752465611854,19.5,23.5
178.0,19.76735713379826,19.5,23.5
179.0,19.76718963642828,19.5,23.5
180.000002,19.76702216366998,19.5,23.5
180.0,19.76702216366998,19.5,23.5
181.0,19.76666987782627,19.5,23.5
182.0,19.76650248281339,19.5,23.5
183.0,19.76633511273268,19.5,23.5
184.0,19.76616776757962,19.5,23.5
185.0,19.76600044735048,19.5,23.5
186.0,19.76583315204154,19.5,23.5
187.0,19.76566588164909,19.5,23.5
188.0,19.76549863616942,19.5,23.5
189.0,19.76533141559881,19.5,23.5
190.0,19.76516421993356,19.5,23.5
191.0,19.76499704916996,19.5,23.5
192.0,19.7648299033043,19.5,23.5
193.0,19.76466278233287,19.5,23.5
194.0,19.76449568625197,19.5,23.5
195.0,19.76432861505788,19.5,23.5
196.0,19.76416156874691,19.5,23.5
197.0,19.76399454731533,19.5,23.5
198.0,19.76382755075946,19.5,23.5
199.0,19.76366057907558,19.5,23.5
200.0,19.76349363225999,19.5,23.5
201.0,19.76332671030899,19.5,23.5
202.0,19.76315981321888,19.5,23.5
203.0,19.76299294098594,19.5,23.5
204.0,19.76282609360648,19.5,23.5
205.0,19.76265927107679,19.5,23.5
206.0,19.76249247339318,19.5,23.5
207.0,19.76232701035567,19.5,23.5
208.0,19.76216157196177,19.5,23.5
209.0,19.76199615820779,19.5,23.5
210.000002,19.76183076875934,19.5,23.5
210.0,19.76183076875934,20.5,22.5
211.0,19.76146775682287,20.5,22.5
212.0,19.76130244640291,20.5,22.5
213.0,19.76113716060462,20.5,22.5
214.0,19.76097189942356,20.5,22.5
215.0,19.76080666285604,20.5,22.5
216.0,19.76064145089838,20.5,22.5
217.0,19.76047626354693,20.5,22.5
218.0,19.76031110079802,20.5,22.5
219.0,19.76014596264797,20.5,22.5
220.0,19.75998084909314,20.5,22.5
221.0,19.75981576012985,20.5,22.5
222.0,19.75965069575444,20.5,22.5
223.0,19.75948565596325,20.5,22.5
224.0,19.75932064075262,20.5,22.5
225.0,19.75915565011888,20.5,22.5
226.0,19.75899068405839,20.5,22.5
227.0,19.75882574256748,20.5,22.5
228.0,19.75866082564248,20.5,22.5
229.0,19.75849593327973,20.5,22.5
230.0,19.7583310654756,20.5,22.5
231.0,19.75816622222641,20.5,22.5
232.0,19.75800140352852,20.5,22.5
233.0,19.75783660937824,20.5,22.5
233.56793692770916,19.75943145063036,20.5,22.5
234.0,19.76064472374135,20.5,22.5
234.56793692770916,19.76223924463391,20.5,22.5
235.0,19.76345227403184,20.5,22.5
235.56793692770916,19.76504647462919,20.5,22.5
236.0,19.76625926036302,20.5,22.5
236.56793692770916,19.7678531407295,20.5,22.5
237.0,19.76906568284817,20.5,22.5
237.56793692770916,19.7706592430481,20.5,22.5
238.0,19.77187154160055,20.5,22.5
238.56793692770916,19.77346478169825,20.5,22.5
239.0,19.7746768367334,20.5,22.5
239.56793692770916,19.77626975679317,20.5,22.5
240.000002,19.77748157396834,20.5,22.5
240.0,19.77748157396834,20.5,22.5
241.0,19.77711813683347,20.5,22.5
241.56498843670414,19.77870251012632,20.5,22.5
242.0,19.77992237808461,20.5,22.5
242.56781201604656,19.78151434950358,20.5,22.5
243.0,19.78272605602735,20.5,22.5
243.56793165136548,19.78431804301373,20.5,22.5
244.0,19.78552917078806,20.5,22.5
244.56793670486087,19.78712085215086,20.5,22.5
245.0,19.78833172248041,20.5,22.5
245.56793691829714,19.78992308471642,20.5,22.5
246.0,19.79113371121752,20.5,22.5
246.56793692731165,19.79272475381807,20.5,22.5
247.0,19.79393513711249,20.5,22.5
247.5679369276924,19.79552586011758,20.5,22.5
248.0,19.79673600027836,20.5,22.5
248.56793692770842,19.79832640375118,20.5,22.5
249.0,19.79953630082817,20.5,22.5
249.56793692770916,19.80112638483286,20.5,22.5
250.0,19.80233603887495,20.5,22.5
250.56793692770916,19.80392580347567,20.5,22.5
251.0,19.80513521453167,20.5,22.5
251.56793692770916,19.80672465979259,20.5,22.5
252.0,19.80793382791131,20.5,22.5
252.56793692770916,19.80952295389658,20.5,22.5
253.0,19.81073187912682,20.5,22.5
253.56793692770916,19.81232068590057,20.5,22.5
254.0,19.81352936829112,20.5,22.5
254.56793692770916,19.81511785591747,20.5,22.5
255.0,19.81632629551711,20.5,22.5
255.56793692770916,19.81791446406017,20.5,22.5
256.0,19.81912266091766,20.5,22.5
256.5679369277092,19.82071051044152,20.5,22.5
257.0,19.82191846460564,20.5,22.5
257.5679369277092,19.82350599517438,20.5,22.5
258.0,19.82471370669387,20.5,22.5
258.5679369277092,19.82630091837157,20.5,22.5
259.0,19.82750838729516,20.5,22.5
259.5679369277092,19.82909528014586,20.5,22.5
260.0,19.8303025065223,20.5,22.5
260.5679369277092,19.83188908061006,20.5,22.5
261.0,19.83309606448806,20.5,22.5
261.5679369277092,19.83470474482129,20.5,22.5
262.0,19.83592854599265,20.5,22.5
262.5679369277092,19.83753690318643,20.5,22.5
263.0,19.83876045852994,20.5,22.5
263.5679369277092,19.84036849264918,20.5,22.5
264.0,19.84159180221421,20.5,22.5
264.5679369277092,19.8431995133238,20.5,22.5
265.0,19.84442257715973,20.5,22.5
265.5679369277092,19.84602996532456,20.5,22.5
266.0,19.84725278348074,20.5,22.5
266.5679369277092,19.84888369444343,20.5,22.5
267.0,19.85012440753311,20.5,22.5
267.5679369277092,19.85175499089084,20.5,22.5
268.0,19.85299545475552,20.5,22.5
268.47328077309095,19.8543731460596,20.5,22.5
269.0,19.85590637251064,20.5,22.5
269.47328077309095,19.85728378707459,20.5,22.5
270.000002,19.85881671136234,20.5,22.5
270.0,19.85881671136234,20.5,22.5
271.0,19.85846464844295,20.5,22.5
271.47054551845565,19.85985333919837,20.5,22.5
272.0,19.86141586287086,20.5,22.5
272.4731648772255,19.86281200340947,20.5,22.5
273.0,19.86436648446679,20.5,22.5
273.4732758775481,19.86576267201332,20.5,22.5
274.0,19.86731651336374,20.5,22.5
274.47328056632585,19.86873231269145,20.5,22.5
275.0,19.87030795069732,20.5,22.5
275.4732807643582,19.87172346622234,20.5,22.5
276.0,19.87329878713377,20.5,22.5
276.47328077272215,19.87473399465647,20.5,22.5
277.0,19.87633123065067,20.5,22.5
277.4732807730754,19.87776614988089,20.5,22.5
278.0,19.87936306503342,20.5,22.5
278.47328077309027,19.88081782151133,20.5,22.5
279.0,19.88243681344742,20.5,22.5
279.47328077309095,19.88389127770493,20.5,22.5
280.0,19.88550994443025,20.5,22.5
280.47328077309095,19.88698452520423,20.5,22.5
281.0,19.88862557951018,20.5,22.5
281.47328077309095,19.89009986408161,20.5,22.5
282.0,19.89174058874508,20.5,22.5
282.47328077309095,19.89321457717346,20.5,22.5
283.0,19.89485497226065,20.5,22.5
283.47328077309095,19.89634805005273,20.5,22.5
284.0,19.89800968960687,20.5,22.5
284.47328077309095,19.89950246748086,20.5,22.5
285.0,19.9011637732575,20.5,22.5
285.47328077309095,19.90265625127364,20.5,22.5
286.0,19.90431722333984,20.5,22.5
286.47328077309095,19.90582867279536,20.5,22.5
287.0,19.90751075809105,20.5,22.5
287.47328077309095,19.90902190393811,20.5,22.5
288.0,19.91070365134932,20.5,22.5
288.47328077309095,19.91221449364892,20.5,22.5
289.0,19.91389590324352,20.5,22.5
289.47328077309095,19.91540644205663,20.5,22.5
290.0,19.91708751390248,20.5,22.5
290.47328077309095,19.91859774929006,20.5,22.5
291.0,19.920278483455,20.5,22.5
291.47328077309095,19.92180786269207,20.5,22.5
292.0,19.92350990196092,20.5,22.5
292.47328077309095,19.92503897398793,20.5,22.5
293.0,19.92674067136411,20.5,22.5
293.47328077309095,19.92826943624278,20.5,22.5
294.0,19.92997079179495,20.5,22.5
294.47328077309095,19.93149924958697,20.5,22.5
295.0,19.9332002633838,20.5,22.5
295.47328077309095,19.93472841415087,20.5,22.5
296.0,19.93642908626101,20.5,22.5
296.47328077309095,19.9379761185576,20.5,22.5
297.0,19.93969780383695,20.5,22.5
297.47328077309095,19.94124452537748,20.5,22.5
298.0,19.94296586481781,20.5,22.5
298.47328077309095,19.94451227566471,20.5,22.5
299.0,19.94623326933548,20.5,22.5
299.47328077309095,19.94777936955115,20.5,22.5
300.000002,19.94950002405409,20.5,22.5
300.0,19.94950002405409,20.5,22.5
301.0,19.94914549746595,20.5,22.5
301.47054551845565,19.9506823870332,20.5,22.5
302.0,19.95241166068283,20.5,22.5
302.4731648772255,19.95395679506198,20.5,22.5
303.0,19.95567716780167,20.5,22.5
303.4732758775481,19.95722235420535,20.5,22.5
304.0,19.95894201896966,20.5,22.5
304.47328056632585,19.96048691029314,20.5,22.5
305.0,19.96220621431919,20.5,22.5
305.4732807643582,19.96375079596296,20.5,22.5
306.0,19.96546975398202,20.5,22.5
306.47328077272215,19.96703404831639,20.5,22.5
307.0,19.96877494444245,20.5,22.5
307.4732807730754,19.97033892455445,20.5,22.5
308.0,19.9720794709814,20.5,22.5
308.47328077309027,19.97366337079955,20.5,22.5
309.0,19.9754260857777,20.5,22.5
309.47328077309095,19.97700966743413,20.5,22.5
310.0,19.97877202833152,20.5,22.5
310.47328077309095,19.98037950913158,20.5,22.5
311.0,19.98216846727835,20.5,22.5
311.47328077309095,19.98377562517992,20.5,22.5
312.0,19.9855642239744,20.5,22.5
312.47328077309095,19.98719053306084,20.5,22.5
313.0,19.98900044512277,20.5,22.5
313.47328077309095,19.99062642752863,20.5,22.5
314.0,19.99243597602922,20.5,22.5
314.47328077309095,19.99408207079898,20.5,22.5
315.0,19.99591400225881,20.5,22.5
315.47328077309095,19.9975805491487,20.5,22.5
316.0,19.99943524168098,20.5,22.5
316.47328077309095,20.00112073902955,20.5,22.5
317.0,20.00299652144199,20.5,22.5
317.47328077309095,20.0046802854246,20.5,22.5
318.0,20.00655413878185,20.5,22.5
318.47328077309095,20.0082573357411,20.5,22.5
319.0,20.0101528159706,20.5,22.5
319.47328077309095,20.01185567080462,20.5,22.5
320.0,20.01375077028449,20.5,22.5
320.47328077309095,20.01547292431701,20.5,22.5
321.0,20.017389501788,20.5,22.5
321.47328077309095,20.01911130988733,20.5,22.5
322.0,20.02102750237084,20.5,22.5
322.47328077309095,20.02276930627351,20.5,22.5
323.0,20.02470775199656,20.5,22.5
323.47328077309095,20.02644920601892,20.5,22.5
324.0,20.02838726236176,20.5,22.5
324.47328077309095,20.03012836657411,20.5,22.5
325.0,20.03206603361496,20.5,22.5
325.47328077309095,20.03382589791512,20.5,22.5
326.0,20.03578444297325,20.5,22.5
326.47328077309095,20.03754395376528,20.5,22.5
327.0,20.03950210540579,20.5,22.5
327.47328077309095,20.04126126276071,20.5,22.5
328.0,20.04321902106264,20.5,22.5
328.47328077309095,20.04497782505142,20.5,22.5
329.0,20.04693519009378,20.5,22.5
329.47328077309095,20.04869364078742,20.5,22.5
330.000002,20.05065062007864,20.5,22.5
330.0,20.05065062007864,20.5,22.5
331.0,20.05031779649469,20.5,22.5
331.47054551845565,20.05206576484157,20.5,22.5
332.0,20.05403253959694,20.5,22.5
332.4731648772255,20.05578988511089,20.5,22.5
333.0,20.05774653649164,20.5,22.5
333.4732758775481,20.05952384968614,20.5,22.5
334.0,20.06150185238437,20.5,22.5
334.47328056632585,20.06327882617004,20.5,22.5
335.0,20.06525641393782,20.5,22.5
335.4732807643582,20.06703303152191,20.5,22.5
336.0,20.06901022130355,20.5,22.5
336.47328077272215,20.07080562974902,20.5,22.5
337.0,20.07280373172941,20.5,22.5
337.4732807730754,20.07459877952825,20.5,22.5
338.0,20.0765964801438,20.5,22.5
338.47328077309027,20.07841124739943,20.5,22.5
339.0,20.08043089370955,20.5,22.5
339.47328077309095,20.08224529642856,20.5,22.5
340.0,20.08426453704752,20.5,22.5
340.47328077309095,20.08609939012705,20.5,22.5
341.0,20.08814138986018,20.5,22.5
341.47328077309095,20.0899758743684,20.5,22.5
342.0,20.09201746392018,20.5,22.5
342.47328077309095,20.09385157993112,20.5,22.5
343.0,20.09589275938395,20.5,22.5
343.47328077309095,20.09774618027544,20.5,22.5
344.0,20.09980884404293,20.5,22.5
344.47328077309095,20.10166189263336,20.5,22.5
345.0,20.10372414206867,20.5,22.5
345.47328077309095,20.1055975778997,20.5,22.5
346.0,20.10768251620332,20.5,22.5
346.47328077309095,20.10955557571284,20.5,22.5
347.0,20.11164009520993,20.5,22.5
347.47328077309095,20.11351277847352,20.5,22.5
348.0,20.11559687924822,20.5,22.5
348.47328077309095,20.11746918634146,20.5,22.5
349.0,20.11955286847786,20.5,22.5
349.47328077309095,20.12142479947633,20.5,22.5
350.0,20.12350806305854,20.5,22.5
350.47328077309095,20.12537961803776,20.5,22.5
351.0,20.12746246314985,20.5,22.5
351.47328077309095,20.12933364218537,20.5,22.5
352.0,20.13141606891141,20.5,22.5
352.47328077309095,20.13328687207874,20.5,22.5
353.0,20.13536888050277,20.5,22.5
353.47328077309095,20.13721852160606,20.5,22.5
354.0,20.13927697886428,20.5,22.5
354.47328077309095,20.14112624842576,20.5,22.5
355.0,20.14318429219676,20.5,22.5
355.47328077309095,20.14501255901938,20.5,22.5
356.0,20.14704722893685,20.5,22.5
356.47328077309095,20.14887512851116,20.5,22.5
357.0,20.15090938971963,20.5,22.5
357.47328077309095,20.15271741139044,20.5,22.5
358.0,20.15472955056958,20.5,22.5
358.47328077309095,20.15651590476221,20.5,22.5
359.0,20.15850393030242,20.5,22.5
359.47328077309095,20.16028992566583,20.5,22.5
360.000002,20.16227755932939,20.5,22.5
360.0,20.16227755932939,20.5,22.5
361.0,20.16194170308381,20.5,22.5
361.47054551845565,20.16369751063012,20.5,22.5
362.0,20.16567310587675,20.5,22.5
362.4731648772255,20.16741643818551,20.5,22.5
363.0,20.16935748708111,20.5,22.5
363.4732758775481,20.1711008780877,20.5,22.5
364.0,20.17304112819429,20.5,22.5
364.47328056632585,20.17476433117082,20.5,22.5
365.0,20.17668207759752,20.5,22.5
365.4732807643582,20.17840493515104,20.5,22.5
366.0,20.18032229563457,20.5,22.5
366.47328077272215,20.18202499806986,20.5,22.5
367.0,20.18391992794866,20.5,22.5
367.4732807730754,20.18562228835933,20.5,22.5
368.0,20.18751683759779,20.5,22.5
368.47328077309027,20.18921885605132,20.5,22.5
369.0,20.19111302472711,20.5,22.5
369.47328077309095,20.19281470129214,20.5,22.5
370.0,20.19470848948175,20.5,22.5
370.47328077309095,20.19640982422696,20.5,22.5
371.0,20.19830323200683,20.5,22.5
371.47328077309095,20.20000422500087,20.5,22.5
372.0,20.2018972524474,20.5,22.5
372.47328077309095,20.20359790375894,20.5,22.5
373.0,20.20549055094854,20.5,22.5
373.47328077309095,20.2071908606462,20.5,22.5
374.0,20.20908312765525,20.5,22.5
374.47328077309095,20.21080246493916,20.5,22.5
375.0,20.21271590766332,20.5,22.5
375.47328077309095,20.21443427967048,20.5,22.5
376.0,20.21634664814249,20.5,22.5
376.47328077309095,20.21806467497617,20.5,22.5
377.0,20.21997665930616,20.5,22.5
377.47328077309095,20.22171388964052,20.5,22.5
378.0,20.22364724545998,20.5,22.5
378.47328077309095,20.22538412683274,20.5,22.5
379.0,20.22731709429441,20.5,22.5
379.47328077309095,20.22907416073553,20.5,22.5
380.0,20.23102959206891,20.5,22.5
380.47328077309095,20.23278630556391,20.5,22.5
381.0,20.23474134410514,20.5,22.5
381.47328077309095,20.23651685359375,20.5,22.5
382.0,20.23849281011167,20.5,22.5
382.47328077309095,20.24026796294946,20.5,22.5
383.0,20.24224352255229,20.5,22.5
383.47328077309095,20.2440183188109,20.5,22.5
384.0,20.24599348157836,20.5,22.5
384.47328077309095,20.24778940393386,20.5,22.5
385.0,20.24978807783947,20.5,22.5
385.47328077309095,20.2516036332356,20.5,22.5
386.0,20.25362415666375,20.5,22.5
386.47328077309095,20.25543934736496,20.5,22.5
387.0,20.25745946492576,20.5,22.5
387.47328077309095,20.25929452836802,20.5,22.5
388.0,20.2613367622129,20.5,22.5
388.47328077309095,20.26319080577843,20.5,22.5
389.0,20.26525416251705,20.5,22.5
389.47328077309095,20.26713088840037,20.5,22.5
390.000002,20.2692194962012,20.5,22.5
390.0,20.2692194962012,20.5,22.5
391.0,20.26889160170704,20.5,22.5
391.47054551845565,20.27079637268757,20.5,22.5
392.0,20.2729395782473,20.5,22.5
392.4731648772255,20.27487385973045,20.5,22.5
393.0,20.2770275139235,20.5,22.5
393.4732758775481,20.2789815546112,20.5,22.5
394.0,20.28115624040359,20.5,22.5
394.47328056632585,20.28310990793326,20.5,22.5
395.0,20.28528413753652,20.5,22.5
395.4732807643582,20.28725747133471,20.5,22.5
396.0,20.28945358571325,20.5,22.5
396.47328077272215,20.29142652315804,20.5,22.5
397.0,20.29362219636299,20.5,22.5
397.4732807730754,20.29559473750061,20.5,22.5
398.0,20.29778996965398,20.5,22.5
398.47328077309027,20.29976211456263,20.5,22.5
399.0,20.30195690575442,20.5,22.5
399.47328077309095,20.30392865451363,20.5,22.5
400.0,20.30612300483248,20.5,22.5
400.47328077309095,20.30809435752182,20.5,22.5
401.0,20.3102882670563,20.5,22.5
401.47328077309095,20.31225922375533,20.5,22.5
402.0,20.31445269259397,20.5,22.5
402.47328077309095,20.31642325338224,20.5,22.5
403.0,20.31861628161357,20.5,22.5
403.47328077309095,20.32056636595564,20.5,22.5
404.0,20.32273660604216,20.5,22.5
404.47328077309095,20.32468629866614,20.5,22.5
405.0,20.32685610281138,20.5,22.5
405.47328077309095,20.32880540379596,20.5,22.5
406.0,20.33097477208746,20.5,22.5
406.47328077309095,20.33292368151131,20.5,22.5
407.0,20.33509261403664,20.5,22.5
407.47328077309095,20.33704113197841,20.5,22.5
408.0,20.3392096288251,20.5,22.5
408.47328077309095,20.34115775536343,20.5,22.5
409.0,20.343325816619,20.5,22.5
409.47328077309095,20.34527355183251,20.5,22.5
410.0,20.34744117758445,20.5,22.5
410.47328077309095,20.34938852155175,20.5,22.5
411.0,20.35155571188755,20.5,22.5
411.47328077309095,20.35350266468723,20.5,22.5
412.0,20.35566941969433,20.5,22.5
412.47328077309095,20.35761598140497,20.5,22.5
413.0,20.35978230117083,20.5,22.5
413.47328077309095,20.36172847187098,20.5,22.5
414.0,20.36389435648304,20.5,22.5
414.47328077309095,20.36584013625124,20.5,22.5
415.0,20.3680055857969,20.5,22.5
415.47328077309095,20.36993110095719,20.5,22.5
416.0,20.3720739981119,20.5,22.5
416.47328077309095,20.37399912648938,20.5,22.5
417.0,20.37614159319524,20.5,22.5
417.47328077309095,20.37806633486759,20.5,22.5
418.0,20.38020837121107,20.5,22.5
418.47328077309095,20.38213272625597,20.5,22.5
419.0,20.38427433232351,20.5,22.5
419.47328077309095,20.38617908260785,20.5,22.5
420.000002,20.38829887867314,20.5,22.5
420.0,20.38829887867314,20.5,22.5
421.0,20.38796774905065,20.5,22.5
421.47054551845565,20.38986114210048,20.5,22.5
422.0,20.39199154546793,20.5,22.5
422.4731648772255,20.3938759831102,20.5,22.5
423.0,20.39597414052169,20.5,22.5
423.4732758775481,20.39785864161277,20.5,22.5
424.0,20.39995593558128,20.5,22.5
424.47328056632585,20.40184007679413,20.5,22.5
425.0,20.40393693080818,20.5,22.5
425.4732807643582,20.4058206943373,20.5,22.5
426.0,20.40791712636308,20.5,22.5
426.47328077272215,20.40980051152943,20.5,22.5
427.0,20.41189652240662,20.5,22.5
427.4732807730754,20.41379873406287,20.5,22.5
428.0,20.41591569685297,20.5,22.5
428.47328077309027,20.41781752640749,20.5,22.5
429.0,20.41993406395818,20.5,22.5
429.47328077309095,20.42183551148767,20.5,22.5
430.0,20.42395162388441,20.5,22.5
430.47328077309095,20.42585268946561,20.5,22.5
431.0,20.42796837679381,20.5,22.5
431.47328077309095,20.42986906050344,20.5,22.5
432.0,20.43198432284849,20.5,22.5
432.47328077309095,20.43388338494449,20.5,22.5
433.0,20.43599684260305,20.5,22.5
433.47328077309095,20.43789552322993,20.5,22.5
434.0,20.44000855635321,20.5,22.5
434.47328077309095,20.44190685558759,20.5,22.5
435.0,20.44401946426087,20.5,22.5
435.47328077309095,20.44591738217936,20.5,22.5
436.0,20.44802956648791,20.5,22.5
436.47328077309095,20.44992710316712,20.5,22.5
437.0,20.45203886319617,20.5,22.5
437.47328077309095,20.45393601871266,20.5,22.5
438.0,20.45604735454744,20.5,22.5
438.47328077309095,20.45794412897778,20.5,22.5
439.0,20.46005504070351,20.5,22.5
439.47328077309095,20.46195143412426,20.5,22.5
440.0,20.46406192182612,20.5,22.5
440.47328077309095,20.46595793431381,20.5,22.5
441.0,20.46806799807698,20.5,22.5
441.47328077309095,20.46996362970811,20.5,22.5
442.0,20.47207326961775,20.5,22.5
442.47328077309095,20.47396852046884,20.5,22.5
443.0,20.47607773661009,20.5,22.5
443.47328077309095,20.47797260675763,20.5,22.5
444.0,20.48008139921561,20.5,22.5
444.47328077309095,20.48197588873607,20.5,22.5
445.0,20.48408425759588,20.5,22.5
445.47328077309095,20.48599809580925,20.5,22.5
446.0,20.48812799774231,20.5,22.5
446.47328077309095,20.49004145151844,20.5,22.5
447.0,20.49217092561303,20.5,22.5
447.47328077309095,20.49408399502915,20.5,22.5
448.0,20.4962130413712,20.5,22.5
448.47328077309095,20.4981456317251,20.5,22.5
449.0,20.50029640283094,20.5,22.5
449.8519053915637,20.50131972760717,20.5,22.5
450.000002,20.50149761972916,20.5,22.5
450.0,20.50149761972916,20.5,22.5
451.0,20.50118514900598,20.5,22.5
452.0,20.50113490214094,20.5,22.5
454.0,20.5010516589331,20.5,22.5
455.0,20.50101004662746,20.5,22.5
457.0,20.50094323645368,20.5,22.5
458.0,20.50092058963185,20.5,22.5
459.0,20.50090752685677,20.5,22.5
460.0,20.50091232846318,20.5,22.5
461.0,20.50092675484379,20.5,22.5
462.0,20.50096335562207,20.5,22.5
463.0,20.50102033413551,20.5,22.5
464.0,20.50110024060313,20.5,22.5
465.0,20.50120055726187,20.5,22.5
466.0,20.5013281939905,20.5,22.5
467.0,20.50149138342043,20.5,22.5
468.0,20.50168335261906,20.5,22.5
469.0,20.50191110871427,20.5,22.5
470.0,20.50217345433222,20.5,22.5
471.0,20.50244668158454,20.5,22.5
472.0,20.50272912895229,20.5,22.5
473.0,20.50303708624602,20.5,22.5
474.0,20.50337204162951,20.5,22.5
475.0,20.50372691269045,20.5,22.5
476.0,20.50408982551829,20.5,22.5
477.0,20.50446195741598,20.5,22.5
478.0,20.50483403388941,20.5,22.5
479.0,20.50519654691357,20.5,22.5
480.000002,20.50554951384277,20.5,22.5
480.0,20.50554951384277,20.5,22.5
481.0,20.50523693303843,20.5,22.5
482.0,20.50555917199928,20.5,22.5
483.0,20.50587184754477,20.5,22.5
484.0,20.5061745954356,20.5,22.5
485.0,20.50646890246511,20.5,22.5
486.0,20.50676316566136,20.5,22.5
487.0,20.50705738503089,20.5,22.5
488.0,20.50735156058022,20.5,22.5
489.0,20.50764569231588,20.5,22.5
490.0,20.5079397802444,20.5,22.5
491.0,20.50823382437228,20.5,22.5
492.0,20.50852651490233,20.5,22.5
493.0,20.50881916183988,20.5,22.5
494.0,20.50911176519143,20.5,22.5
495.0,20.50940432496346,20.5,22.5
496.0,20.50970505225398,20.5,22.5
497.0,20.51001613392785,20.5,22.5
498.0,20.51033603535781,20.5,22.5
499.0,20.51068158075307,20.5,22.5
500.0,20.51104823918705,20.5,22.5
501.0,20.511432993794,20.5,22.5
502.0,20.51182741286554,20.5,22.5
503.0,20.51221367020089,20.5,22.5
504.0,20.51258021322736,20.5,22.5
505.0,20.51292636156741,20.5,22.5
506.0,20.51325450431619,20.5,22.5
507.0,20.51356465129632,20.5,22.5
508.0,20.51385788026827,20.5,22.5
509.0,20.51414274046729,20.5,22.5
510.000002,20.51442755880959,20.5,22.5
510.0,20.51442755880959,20.5,22.5
511.0,20.51412560393972,20.5,22.5
512.0,20.51441042426619,20.5,22.5
513.0,20.51471575600106,20.5,22.5
514.0,20.5150301129731,20.5,22.5
515.0,20.51536680257307,20.5,22.5
516.0,20.51572882214541,20.5,22.5
517.0,20.51612343985282,20.5,22.5
518.0,20.51654679276486,20.5,22.5
519.0,20.51697008262392,20.5,22.5
520.0,20.51739330943937,20.5,22.5
521.0,20.51780663301074,20.5,22.5
522.0,20.51821084400953,20.5,22.5
523.0,20.51860086018519,20.5,22.5
524.0,20.51896733542783,20.5,22.5
525.0,20.51929443046132,20.5,22.5
526.0,20.5196130413628,20.5,22.5
527.0,20.51992090670409,20.5,22.5
528.0,20.52021961361967,20.5,22.5
529.0,20.52050798965141,20.5,22.5
530.0,20.52078811533531,20.5,22.5
531.0,20.52105981977898,20.5,22.5
532.0,20.52133148375576,20.5,22.5
533.0,20.52160310727167,20.5,22.5
534.0,20.52186563685702,20.5,22.5
535.0,20.52211722928857,20.5,22.5
536.0,20.522346524966,20.5,22.5
537.0,20.52255518242986,20.5,22.5
538.0,20.52274324735332,20.5,22.5
539.0,20.52291135514557,20.5,22.5
540.000002,20.5230619111095,20.5,22.5
540.0,20.5230619111095,20.5,22.5
541.0,20.52275972166303,20.5,22.5
542.0,20.52303967983481,20.5,22.5
543.0,20.5233057241789,20.5,22.5
544.0,20.5235442696196,20.5,22.5
545.0,20.52377137406176,20.5,22.5
546.0,20.52399844467963,20.5,22.5
547.0,20.5242121615805,20.5,22.5
548.0,20.52441484960944,20.5,22.5
549.0,20.52460653076484,20.5,22.5
550.0,20.52479785592086,20.5,22.5
551.0,20.52497446359389,20.5,22.5
552.0,20.52512394125339,20.5,22.5
553.0,20.52526190745855,20.5,22.5
554.0,20.52538865776926,20.5,22.5
555.0,20.52550352736862,20.5,22.5
556.0,20.52560636043305,20.5,22.5
557.0,20.52569744406435,20.5,22.5
558.0,20.52577677574429,20.5,22.5
559.6625930823274,20.52588836725732,20.5,22.5
560.0,20.52591101138201,20.5,22.5
562.0,20.52602346409595,20.5,22.5
564.0,20.52611270704061,20.5,22.5
566.0,20.52617913845607,20.5,22.5
567.0,20.52621234674341,20.5,22.5
570.000002,20.52627816299326,20.5,22.5
570.0,20.52627816299326,20.5,22.5
571.0,20.52597860295113,20.5,22.5
572.0,20.52620097873001,20.5,22.5
573.0,20.52642332138777,20.5,22.5
574.0,20.5266456309304,20.5,22.5
575.0,20.52686790736287,20.5,22.5
576.0,20.52709015069011,20.5,22.5
577.0,20.52732873828457,20.5,22.5
578.0,20.52758451477472,20.5,22.5
579.0,20.52784025317024,20.5,22.5
580.0,20.52811348078125,20.5,22.5
581.0,20.5284033661619,20.5,22.5
582.0,20.52871386783458,20.5,22.5
583.0,20.52904104290196,20.5,22.5
584.0,20.52938993579889,20.5,22.5
585.0,20.52975552838373,20.5,22.5
586.0,20.53014181216869,20.5,22.5
587.0,20.53055073379389,20.5,22.5
588.0,20.53095959451546,20.5,22.5
589.0,20.53138505685493,20.5,22.5
590.0,20.5318267406088,20.5,22.5
591.0,20.53226835857955,20.5,22.5
592.0,20.53270991077697,20.5,22.5
593.0,20.53315139721085,20.5,22.5
594.0,20.53359281789099,20.5,22.5
595.0,20.53403417282719,20.5,22.5
596.0,20.53447546202923,20.5,22.5
597.0,20.53491668550692,20.5,22.5
598.0,20.53535784327002,20.5,22.5
599.0,20.53579893532834,20.5,22.5
600.000002,20.53623996257359,20.5,22.5
600.0,20.53623996257359,20.5,22.5
601.0,20.53594013189099,20.5,22.5
602.0,20.53638113722715,20.5,22.5
603.0,20.53682207687906,20.5,22.5
604.0,20.53726295085857,20.5,22.5
605.0,20.53770375917556,20.5,22.5
606.0,20.5381445018398,20.5,22.5
607.0,20.53858517886108,20.5,22.5
608.0,20.53902644515103,20.5,22.5
609.0,20.53946764572004,20.5,22.5
610.0,20.53990878057789,20.5,22.5
611.0,20.54034984973435,20.5,22.5
612.0,20.5407745107977,20.5,22.5
613.0,20.54119910861322,20.5,22.5
614.0,20.54160724563125,20.5,22.5
615.0,20.54199652987366,20.5,22.5
616.0,20.54238575613718,20.5,22.5
617.0,20.54275819986571,20.5,22.5
618.0,20.54311056690873,20.5,22.5
619.0,20.54344637507437,20.5,22.5
620.0,20.54376495902823,20.5,22.5
621.0,20.54406509309463,20.5,22.5
622.0,20.54434398717673,20.5,22.5
623.0,20.54460587039466,20.5,22.5
624.0,20.54486771460845,20.5,22.5
625.0,20.5451121895108,20.5,22.5
626.0,20.54533856389591,20.5,22.5
627.0,20.54554765255643,20.5,22.5
628.0,20.54573657706848,20.5,22.5
629.0,20.54592547344265,20.5,22.5
630.000002,20.54609613305211,20.5,22.5
630.0,20.54609613305211,20.5,22.5
631.0,20.54579060103291,20.5,22.5
632.0,20.54566764295884,20.5,22.5
633.0,20.5455447031984,20.5,22.5
634.0,20.5454132005593,20.5,22.5
635.0,20.54528171750584,20.5,22.5
636.0,20.54514212321755,20.5,22.5
637.0,20.54500254972004,20.5,22.5
638.0,20.54485465221081,20.5,22.5
639.0,20.54470677672903,20.5,22.5
640.0,20.54455042777364,20.5,22.5
641.0,20.54439410210442,20.5,22.5
642.0,20.54422940690188,20.5,22.5
643.0,20.54406473622858,20.5,22.5
644.0,20.54389201712953,20.5,22.5
645.0,20.54371932375477,20.5,22.5
646.0,20.54353775184569,20.5,22.5
647.0,20.54335620697941,20.5,22.5
648.0,20.54316656202796,20.5,22.5
649.0,20.54297694532169,20.5,22.5
650.0,20.54277928784487,20.5,22.5
651.0,20.54258165980661,20.5,22.5
652.0,20.5423840612025,20.5,22.5
653.0,20.54218649202818,20.5,22.5
654.0,20.54198895227925,20.5,22.5
655.0,20.54179144195133,20.5,22.5
656.0,20.54159396104004,20.5,22.5
657.0,20.54139650954099,20.5,22.5
658.0,20.54119908744981,20.5,22.5
659.0,20.54100169476212,20.5,22.5
660.000002,20.54081240158395,20.5,22.5
660.0,20.54081240158395,20.5,22.5
661.0,20.54050701311226,20.5,22.5
662.0,20.54032590042804,20.5,22.5
663.0,20.54014481471912,20.5,22.5
664.0,20.53997225738814,20.5,22.5
665.0,20.53980876224258,20.5,22.5
666.0,20.53964529144752,20.5,22.5
667.0,20.53949139144589,20.5,22.5
668.0,20.53934440284904,20.5,22.5
669.0,20.53920672576335,20.5,22.5
670.0,20.53907758437979,20.5,22.5
671.0,20.53894846223018,20.5,22.5
672.0,20.53882816556326,20.5,22.5
673.0,20.53870788681298,20.5,22.5
674.0,20.53858762597667,20.5,22.5
675.0,20.53846738305167,20.5,22.5
676.0,20.53834715803532,20.5,22.5
677.0,20.5382174278711,20.5,22.5
678.0,20.53807895042144,20.5,22.5
679.0,20.53793163070961,20.5,22.5
680.0,20.53778433293916,20.5,22.5
681.0,20.53763705710683,20.5,22.5
682.0,20.53748980320933,20.5,22.5
683.0,20.53734257124341,20.5,22.5
684.0,20.53719536120581,20.5,22.5
685.0,20.53704817309325,20.5,22.5
686.0,20.536909155203,20.5,22.5
687.0,20.53677015801768,20.5,22.5
688.0,20.53663944014988,20.5,22.5
689.0,20.53650874175084,20.5,22.5
690.000002,20.53638635443086,20.5,22.5
690.0,20.53638635443086,20.5,22.5
691.0,20.53609195333695,20.5,22.5
692.0,20.53596962833637,20.5,22.5
693.0,20.53585568974724,20.5,22.5
694.0,20.53574176812783,20.5,22.5
695.0,20.53563695314846,20.5,22.5
696.0,20.53553215377994,20.5,22.5
697.0,20.53542737001995,20.5,22.5
698.0,20.53533087328625,20.5,22.5
699.0,20.53523439092451,20.5,22.5
700.0,20.53513792293258,20.5,22.5
701.0,20.53504146930831,20.5,22.5
702.0,20.53494503004958,20.5,22.5
703.0,20.53484860515424,20.5,22.5
704.0,20.53476048598563,20.5,22.5
705.0,20.53468056123781,20.5,22.5
706.0,20.53460064839376,20.5,22.5
707.0,20.53453033699012,20.5,22.5
708.0,20.53446910258486,20.5,22.5
710.0,20.53438285805852,20.5,22.5
712.0,20.53431435480956,20.5,22.5
714.0,20.5342632049265,20.5,22.5
717.0,20.53421102969692,20.5,22.5
720.000002,20.53415887774161,20.5,22.5
720.0,20.53415887774161,20.5,22.5
721.0,20.53386453716341,20.5,22.5
722.0,20.5339683073933,20.5,22.5
723.0,20.53407206216744,20.5,22.5
724.0,20.53416486255952,20.5,22.5
725.0,20.53424622757231,20.5,22.5
726.5679369273116,20.53435196873601,20.5,22.5
727.0,20.53438110387498,20.5,22.5
729.0,20.53449174010736,20.5,22.5
731.0,20.53457933125876,20.5,22.5
733.0,20.53466689632093,20.5,22.5
734.0,20.53471066907099,20.5,22.5
736.0,20.53477526167682,20.5,22.5
737.0,20.53479643323017,20.5,22.5
738.0,20.53480617449099,20.5,22.5
739.0,20.53480421006054,20.5,22.5
740.0,20.53478938140323,20.5,22.5
742.0,20.53473648943661,20.5,22.5
744.0,20.53465757881752,20.5,22.5
746.0,20.5345552212753,20.5,22.5
747.0,20.5344922594094,20.5,22.5
748.1893123092364,20.53440381245814,20.5,22.5
749.0,20.53434353092931,20.5,22.5
750.000002,20.53425767520219,20.5,22.5
750.0,20.53425767520219,20.5,22.5
751.0,20.53398234942034,20.5,22.5
752.0,20.5338137704417,20.5,22.5
753.0,20.53363663415137,20.5,22.5
754.0,20.53345952424325,20.5,22.5
755.0,20.53327416584593,20.5,22.5
756.0,20.53308883505536,20.5,22.5
757.0,20.53290353186743,20.5,22.5
758.0,20.53271825627804,20.5,22.5
759.0,20.53253300828306,20.5,22.5
760.0,20.53234778787841,20.5,22.5
761.0,20.53216259505994,20.5,22.5
762.0,20.53197742982358,20.5,22.5
763.0,20.5317922921652,20.5,22.5
764.0,20.53161537495052,20.5,22.5
765.0,20.53144747772499,20.5,22.5
766.0,20.53128815049743,20.5,22.5
767.0,20.53112884699963,20.5,22.5
768.0,20.5309785423997,20.5,22.5
769.0,20.53083703073263,20.5,22.5
770.0,20.53070504522029,20.5,22.5
771.0,20.53057307936549,20.5,22.5
772.0,20.53045143138007,20.5,22.5
773.0,20.53033906823141,20.5,22.5
774.0,20.53023525425143,20.5,22.5
775.0,20.53014044469428,20.5,22.5
776.0,20.53004564925779,20.5,22.5
777.0,20.52996058527641,20.5,22.5
778.0,20.5298839208705,20.5,22.5
779.5679369277092,20.52977746976568,20.5,22.5
780.000002,20.5297481388971,20.5,22.5
780.0,20.5297481388971,20.5,22.5
781.0,20.52947293562956,20.5,22.5
783.0,20.52937181062864,20.5,22.5
784.0,20.52933052885148,20.5,22.5
785.0,20.52929761033405,20.5,22.5
786.0,20.52926240456287,20.5,22.5
788.0,20.52920944069293,20.5,22.5
790.0,20.52917303716135,20.5,22.5
792.0,20.5291541345236,20.5,22.5
794.0,20.52915305307096,20.5,22.5
798.0,20.52918457306512,20.5,22.5
801.0,20.52920820073983,20.5,22.5
809.0,20.52919816767681,20.5,22.5
810.000002,20.52920502824256,20.5,22.5
810.0,20.52920502824256,20.5,22.5
811.0,20.52894885721062,20.5,22.5
813.0,20.52899647831925,20.5,22.5
814.0,20.52902904449782,20.5,22.5
815.0,20.52907108775796,20.5,22.5
816.0,20.52913237548872,20.5,22.5
817.0,20.52920287574855,20.5,22.5
818.0,20.52929267213698,20.5,22.5
819.0,20.52939102796824,20.5,22.5
820.0,20.52951087863504,20.5,22.5
821.0,20.52964024263134,20.5,22.5
822.0,20.52979074423041,20.5,22.5
823.0,20.52995252726975,20.5,22.5
824.0,20.53013445985043,20.5,22.5
825.0,20.53035067359252,20.5,22.5
826.0,20.5305876497844,20.5,22.5
827.0,20.53089447015833,20.5,22.5
828.0,20.53134882163608,20.5,22.5
829.0,20.53199127895876,20.5,22.5
830.0,20.53285935204137,20.5,22.5
830.8519053915637,20.53373142182427,20.5,22.5
831.0,20.53388301970574,20.5,22.5
831.7572492369455,20.53483266505511,20.5,22.5
832.0,20.53513708790831,20.5,22.5
832.7572492369455,20.53616884062029,20.5,22.5
833.0,20.53649958420218,20.5,22.5
833.7572492369455,20.53763176417262,20.5,22.5
834.0,20.53799470119659,20.5,22.5
834.6625930823274,20.53908977751666,20.5,22.5
835.0,20.53964740675209,20.5,22.5
835.6625930823274,20.54078382812647,20.5,22.5
836.0,20.54136251088173,20.5,22.5
836.6625930823274,20.54255969859794,20.5,22.5
837.0,20.54316932448302,20.5,22.5
837.6625930823274,20.54439772842458,20.5,22.5
838.0,20.54502325007834,20.5,22.5
838.6625930823274,20.54626904993998,20.5,22.5
839.0,20.54690342985636,20.5,22.5
839.6625930823274,20.54815500968611,20.5,22.5
840.000002,20.54879233664767,20.5,22.5
840.0,20.54879233664767,20.5,22.5
841.0,20.54853563347107,20.5,22.5
841.6594846189682,20.54979416464625,20.5,22.5
842.0,20.55044398019938,20.5,22.5
842.6624614087364,20.55171415849653,20.5,22.5
843.0,20.5523613332986,20.5,22.5
843.662587520383,20.55363156418217,20.5,22.5
844.0,20.5542784008323,20.5,22.5
844.6625928474167,20.5555541201659,20.5,22.5
845.0,20.55620373620733,20.5,22.5
845.6625930724059,20.55746227224802,20.5,22.5
846.0,20.55810313764563,20.5,22.5
846.6625930819083,20.559308244665,20.5,22.5
847.0,20.55992190317881,20.5,22.5
847.6625930823096,20.56105281219914,20.5,22.5
848.0,20.56162868798135,20.5,22.5
848.6625930823266,20.56271827267168,20.5,22.5
849.0,20.56327310548713,20.5,22.5
849.6625930823274,20.56435480518155,20.5,22.5
850.0,20.56490562283919,20.5,22.5
850.6625930823274,20.56599446678866,20.5,22.5
851.0,20.56654892240778,20.5,22.5
851.6625930823274,20.56764455011308,20.5,22.5
852.0,20.56820246012211,20.5,22.5
852.6625930823274,20.56930357771584,20.5,22.5
853.0,20.56986428325814,20.5,22.5
853.6625930823274,20.57096523685453,20.5,22.5
854.0,20.57152585888694,20.5,22.5
854.6625930823274,20.57262664851041,20.5,22.5
855.0,20.57318718704536,20.5,22.5
855.6625930823274,20.5742933373838,20.5,22.5
856.0,20.57485660567496,20.5,22.5
856.6625930823274,20.5759625912665,20.5,22.5
857.0,20.57652577566608,20.5,22.5
857.6625930823274,20.57763159653526,20.5,22.5
858.0,20.57819469705574,20.5,22.5
858.6625930823274,20.5793057281123,20.5,22.5
859.0,20.57987148173811,20.5,22.5
859.6625930823274,20.58097631393347,20.5,22.5
860.0,20.58153891100647,20.5,22.5
860.6625930823274,20.58262801003512,20.5,22.5
861.0,20.58318259554438,20.5,22.5
861.6625930823274,20.58426508537501,20.5,22.5
862.0,20.58481630538182,20.5,22.5
862.6625930823274,20.58585028074353,20.5,22.5
863.0,20.58637679645739,20.5,22.5
863.7572492369455,20.58749207902383,20.5,22.5
864.0,20.5878495993352,20.5,22.5
864.7572492369455,20.58888320707428,20.5,22.5
865.0,20.58921454531253,20.5,22.5
865.7572492369455,20.5901845810411,20.5,22.5
866.0,20.59049554033174,20.5,22.5
866.7572492369455,20.59141251690771,20.5,22.5
867.0,20.59170646730272,20.5,22.5
867.8519053915637,20.59268328527656,20.5,22.5
868.0,20.59285309225568,20.5,22.5
868.8519053915637,20.59374709995445,20.5,22.5
869.0,20.59390251145455,20.5,22.5
869.8519053915637,20.5947262045878,20.5,22.5
870.000002,20.59486939465023,20.5,22.5
870.0,20.59486939465023,19.5,23.5
871.0,20.59460328931123,19.5,23.5
872.0,20.59545996022,19.5,23.5
873.0,20.59622417738713,19.5,23.5
874.0,20.59695875591801,19.5,23.5
875.0,20.59766670828487,19.5,23.5
876.0,20.59832261278112,19.5,23.5
877.0,20.59886261749112,19.5,23.5
878.0,20.59936625424592,19.5,23.5
879.0,20.599819762461,19.5,23.5
880.0,20.6002388495659,19.5,23.5
881.0,20.60062992216702,19.5,23.5
882.0,20.60099696563174,19.5,23.5
883.0,20.60135371925252,19.5,23.5
884.0,20.60170093140532,19.5,23.5
885.0,20.60203748780151,19.5,23.5
886.0,20.60235688734401,19.5,23.5
887.0,20.60265796369076,19.5,23.5
888.0,20.60293953639152,19.5,23.5
889.0,20.60321275264368,19.5,23.5
890.0,20.6034642438896,19.5,23.5
891.0,20.60370672940215,19.5,23.5
892.0,20.60392821473499,19.5,23.5
893.0,20.60414138162469,19.5,23.5
894.0,20.60434600526262,19.5,23.5
895.0,20.60453202854338,19.5,23.5
896.0,20.60470828338909,19.5,23.5
897.0,20.60487496061256,19.5,23.5
898.0,20.60501633557538,19.5,23.5
899.0,20.60514821444502,19.5,23.5
900.000002,20.60527087516144,19.5,23.5
900.0,20.60527087516144,19.5,23.5
901.0,20.60500448723679,19.5,23.5
902.0,20.60511859412899,19.5,23.5
903.0,20.60522360223262,19.5,23.5
904.0,20.60532859469664,19.5,23.5
905.0,20.6054252136733,19.5,23.5
906.0,20.60552181825982,19.5,23.5
907.0,20.60561031950143,19.5,23.5
908.0,20.60569880756192,19.5,23.5
909.0,20.60578728244327,19.5,23.5
910.0,20.6058757441474,19.5,23.5
911.0,20.6059559892182,19.5,23.5
912.0,20.60603622233753,19.5,23.5
913.0,20.60611644350716,19.5,23.5
914.0,20.60619665272888,19.5,23.5
915.0,20.60627685000446,19.5,23.5
916.0,20.6063570353357,19.5,23.5
917.0,20.60643720872435,19.5,23.5
918.0,20.60651737017221,19.5,23.5
919.0,20.60660644905223,19.5,23.5
920.0,20.6066955146651,19.5,23.5
921.0,20.60680168580643,19.5,23.5
922.0,20.60690784113494,19.5,23.5
923.0,20.60702241877701,19.5,23.5
924.0,20.60716528405483,19.5,23.5
925.0,20.60738927248107,19.5,23.5
926.0,20.60765496656462,19.5,23.5
927.0,20.60790792030607,19.5,23.5
928.0,20.60812683616056,19.5,23.5
929.0,20.60831625886303,19.5,23.5
930.000002,20.60846856113401,19.5,23.5
930.0,20.60846856113401,19.5,23.5
931.0,20.60820480311809,19.5,23.5
931.6594846189682,20.60957700749046,19.5,23.5
932.0,20.61028551575853,19.5,23.5
932.6624614087364,20.61160809861846,19.5,23.5
933.0,20.6122819743275,19.5,23.5
933.662587520383,20.61353605389445,19.5,23.5
934.0,20.61417466584806,19.5,23.5
934.6625928474167,20.61539274350352,19.5,23.5
935.0,20.61601300750975,19.5,23.5
935.6625930724059,20.61717050257867,19.5,23.5
936.0,20.61775991640043,19.5,23.5
936.6625930819083,20.61885550369851,19.5,23.5
937.0,20.61941339313262,19.5,23.5
937.6625930823096,20.62044929835379,19.5,23.5
938.0,20.62097679678099,19.5,23.5
938.7572492369447,20.62208359564744,19.5,23.5
939.0,20.62243839638338,19.5,23.5
939.7572492369455,20.62350900722382,19.5,23.5
940.0,20.62385220735313,19.5,23.5
940.7572492369455,20.6248808094569,19.5,23.5
941.0,20.62521054306476,19.5,23.5
941.7572492369455,20.62619785498499,19.5,23.5
942.0,20.62651435241423,19.5,23.5
942.7572492369455,20.62746736901056,19.5,23.5
943.0,20.6277728725668,19.5,23.5
943.8519053915637,20.62874418096295,19.5,23.5
944.0,20.62891303017432,19.5,23.5
944.8519053915637,20.62984093139074,19.5,23.5
945.0,20.63000223483386,19.5,23.5
945.8519053915637,20.63088893165783,19.5,23.5
946.0,20.63104307225834,19.5,23.5
946.8519053915637,20.63189415812816,19.5,23.5
947.0,20.63204210823186,19.5,23.5
948.0,20.63298930611548,19.5,23.5
949.0,20.63388978432388,19.5,23.5
950.0,20.63474828991946,19.5,23.5
951.0,20.63560666765165,19.5,23.5
952.0,20.63642057725134,19.5,23.5
953.0,20.63723436562964,19.5,23.5
954.0,20.63804803280461,19.5,23.5
955.0,20.6388178171682,19.5,23.5
956.0,20.63954528148777,19.5,23.5
957.0,20.64027263746087,19.5,23.5
958.0,20.64095543277665,19.5,23.5
959.0,20.64163878130071,19.5,23.5
960.000002,20.64227859643143,19.5,23.5
960.0,20.64227859643143,19.5,23.5
961.0,20.64200848630441,19.5,23.5
962.0,20.64260719948793,19.5,23.5
963.0,20.64320582349786,19.5,23.5
964.0,20.64380435835031,19.5,23.5
965.0,20.64436222014913,19.5,23.5
966.0,20.64491999886159,19.5,23.5
967.0,20.64547769450006,19.5,23.5
968.0,20.64603530707692,19.5,23.5
969.0,20.64659283660454,19.5,23.5
970.0,20.6471502830953,19.5,23.5
971.0,20.64779988160034,19.5,23.5
972.0,20.64849680409625,19.5,23.5
973.0,20.6491936227945,19.5,23.5
974.0,20.64989033771054,19.5,23.5
975.0,20.65054253716232,19.5,23.5
976.0,20.65115091109356,19.5,23.5
977.0,20.65175919441531,19.5,23.5
978.0,20.65232284247439,19.5,23.5
979.0,20.65288640658533,19.5,23.5
980.0,20.65344988676063,19.5,23.5
981.0,20.65396923328686,19.5,23.5
982.0,20.65448850246309,19.5,23.5
983.0,20.6549656144883,19.5,23.5
984.0,20.65544265545381,19.5,23.5
985.0,20.65591962537018,19.5,23.5
986.0,20.65635517822821,19.5,23.5
987.0,20.65679066621624,19.5,23.5
988.0,20.65722608934392,19.5,23.5
989.0,20.65761996370718,19.5,23.5
990.000002,20.65801378019543,19.5,23.5
990.0,20.65801378019543,19.5,23.5
991.0,20.65774324257762,19.5,23.5
992.0,20.65813703991956,19.5,23.5
993.0,20.65853077860851,19.5,23.5
994.0,20.65892445865505,19.5,23.5
995.0,20.659318080068,19.5,23.5
996.0,20.6597116428561,19.5,23.5
997.0,20.66014681069638,19.5,23.5
998.0,20.660581913724,19.5,23.5
999.0,20.6610169519486,19.5,23.5
1000.0,20.66145192537985,19.5,23.5
1001.0,20.66184257007338,19.5,23.5
1002.0,20.66223315658539,19.5,23.5
1003.0,20.66258109539694,19.5,23.5
1004.0,20.66292898238746,19.5,23.5
1005.0,20.66327681756468,19.5,23.5
1006.0,20.66362460093632,19.5,23.5
1007.0,20.66397233251008,19.5,23.5
1008.0,20.66432001229369,19.5,23.5
1009.0,20.66466764029486,19.5,23.5
1010.0,20.66501521652129,19.5,23.5
1011.0,20.66536274098071,19.5,23.5
1012.0,20.66571021368081,19.5,23.5
1013.0,20.66605763462932,19.5,23.5
1014.0,20.66640500383394,19.5,23.5
1015.0,20.66675232130236,19.5,23.5
1016.0,20.66705841338995,19.5,23.5
1017.0,20.66736445988904,19.5,23.5
1018.0,20.6676760274723,19.5,23.5
1019.0,20.66798754865157,19.5,23.5
1020.000002,20.66829902405663,19.5,23.5
1020.0,20.66829902405663,19.5,23.5
1021.0,20.66798202170139,19.5,23.5
1022.0,20.66829349730834,19.5,23.5
1023.0,20.66856357804128,19.5,23.5
1024.0,20.6688336185491,19.5,23.5
1025.0,20.66910361883786,19.5,23.5
1026.0,20.66937357891353,19.5,23.5
1027.0,20.66964349878211,19.5,23.5
1028.0,20.6698727514482,19.5,23.5
1029.0,20.67010196997004,19.5,23.5
1030.0,20.67033115435272,19.5,23.5
1031.0,20.67051783326852,19.5,23.5
1032.0,20.67070448438088,19.5,23.5
1033.0,20.67089110769395,19.5,23.5
1034.0,20.6710777032119,19.5,23.5
1035.0,20.67122363162546,19.5,23.5
1036.0,20.67136953830486,19.5,23.5
1037.0,20.67151542325333,19.5,23.5
1038.0,20.67162069394619,19.5,23.5
1039.0,20.67172594896034,19.5,23.5
1040.0,20.6718311882981,19.5,23.5
1041.0,20.67193641196182,19.5,23.5
1042.8519053915638,20.67205414592273,19.5,23.5
1044.0,20.67212711994696,19.5,23.5
1045.0,20.67219067034062,19.5,23.5
1048.0,20.67225343393599,19.5,23.5
1049.0,20.67227434890286,19.5,23.5
1050.000002,20.67225403982189,19.5,23.5
1050.0,20.67225403982189,19.5,23.5
1051.0,20.67193693001745,19.5,23.5
1052.0,20.67168947320036,19.5,23.5
1053.0,20.67144205324,19.5,23.5
1054.0,20.67117847842656,19.5,23.5
1055.0,20.67091494286921,19.5,23.5
1056.0,20.6706514465621,19.5,23.5
1057.0,20.67038798949939,19.5,23.5
1058.0,20.67010802341774,19.5,23.5
1059.0,20.66982809903345,19.5,23.5
1060.0,20.6695482163403,19.5,23.5
1061.0,20.66926837533208,19.5,23.5
1062.0,20.66897225133028,19.5,23.5
1063.0,20.66867617143235,19.5,23.5
1064.0,20.66838013563172,19.5,23.5
1065.0,20.66808414392183,19.5,23.5
1066.0,20.6677715278739,19.5,23.5
1067.0,20.66745895838613,19.5,23.5
1068.0,20.66714643545157,19.5,23.5
1069.0,20.66683395906329,19.5,23.5
1070.0,20.66652152921436,19.5,23.5
1071.0,20.66619242921276,19.5,23.5
1072.0,20.66586337822639,19.5,23.5
1073.0,20.66553437624794,19.5,23.5
1074.0,20.66520542327011,19.5,23.5
1075.0,20.66487651928561,19.5,23.5
1076.0,20.66453121945011,19.5,23.5
1077.0,20.66419252006126,19.5,23.5
1078.0,20.66385387111734,19.5,23.5
1079.0,20.66351527261082,19.5,23.5
1080.000002,20.66317672401493,19.5,23.5
1080.0,20.66317672401493,19.5,23.5
1081.0,20.66280552516301,19.5,23.5
1082.0,20.66251965387151,19.5,23.5
1083.0,20.66220070106452,19.5,23.5
1084.0,20.66188179576152,19.5,23.5
1085.0,20.66156293795537,19.5,23.5
1086.0,20.66124412763901,19.5,23.5
1087.0,20.66092536480535,19.5,23.5
1088.0,20.66060664944732,19.5,23.5
1089.0,20.66028798155785,19.5,23.5
1090.0,20.65996936112988,19.5,23.5
1091.0,20.65965078815634,19.5,23.5
1092.0,20.65933226263015,19.5,23.5
1093.0,20.65901378454424,19.5,23.5
1094.0,20.65869535389157,19.5,23.5
1095.0,20.65837697066505,19.5,23.5
1096.0,20.65805863485763,19.5,23.5
1097.0,20.65774034646224,19.5,23.5
1098.0,20.65742210547182,19.5,23.5
1099.0,20.65710391187932,19.5,23.5
1100.0,20.65678576567767,19.5,23.5
1101.0,20.65646766685981,19.5,23.5
1102.0,20.6561496154187,19.5,23.5
1103.0,20.65583161134726,19.5,23.5
1104.0,20.65551365463845,19.5,23.5
1105.0,20.6551957452852,19.5,23.5
1106.0,20.65487788328048,19.5,23.5
1107.0,20.65452770294013,19.5,23.5
1108.0,20.65417757475466,19.5,23.5
1109.0,20.65382749871628,19.5,23.5
1110.000002,20.65347747411728,19.5,23.5
1110.0,20.65347747411728,19.5,23.5
1111.0,20.65310653877292,19.5,23.5
1112.0,20.65275662224981,19.5,23.5
1113.0,20.652406757844,19.5,23.5
1114.0,20.65205694554608,19.5,23.5
1115.0,20.65170718534821,19.5,23.5
1116.0,20.65135747724263,19.5,23.5
1117.0,20.6510078212216,19.5,23.5
1118.0,20.65065821727733,19.5,23.5
1119.0,20.65030866540209,19.5,23.5
1120.0,20.64995916558812,19.5,23.5
1121.0,20.64960971782765,19.5,23.5
1122.0,20.64926032211295,19.5,23.5
1123.0,20.64891097843626,19.5,23.5
1124.0,20.64856168678983,19.5,23.5
1125.0,20.64821244716589,19.5,23.5
1126.0,20.64786325955672,19.5,23.5
1127.0,20.64751412395457,19.5,23.5
1128.0,20.64716504035169,19.5,23.5
1129.0,20.64681600874033,19.5,23.5
1130.0,20.64646702911274,19.5,23.5
1131.0,20.64611810146119,19.5,23.5
1132.0,20.64576922577795,19.5,23.5
1133.0,20.64542040205526,19.5,23.5
1134.0,20.64507163028538,19.5,23.5
1135.0,20.64472291046059,19.5,23.5
1136.0,20.64437980923901,19.5,23.5
1137.0,20.64403675911795,19.5,23.5
1138.0,20.6436937600898,19.5,23.5
1139.0,20.64335081214697,19.5,23.5
1140.000002,20.64300791459612,19.5,23.5
1140.0,20.64300791459612,19.5,23.5
1141.0,20.64259107837728,19.5,23.5
1142.0,20.64225820775971,19.5,23.5
1143.0,20.64192538672058,19.5,23.5
1144.0,20.64159261525095,19.5,23.5
1145.0,20.64125989334336,19.5,23.5
1146.0,20.64092722099042,19.5,23.5
1147.0,20.64059459818477,19.5,23.5
1148.0,20.64026202491901,19.5,23.5
1149.0,20.63992950118578,19.5,23.5
1150.0,20.63959702697769,19.5,23.5
1151.0,20.63926460228736,19.5,23.5
1152.0,20.63893222710743,19.5,23.5
1153.0,20.63859990143051,19.5,23.5
1154.0,20.63826762524924,19.5,23.5
1155.0,20.63793539855624,19.5,23.5
1156.0,20.63760322134415,19.5,23.5
1157.0,20.63727109360559,19.5,23.5
1158.0,20.6369390153332,19.5,23.5
1159.0,20.63660698651961,19.5,23.5
1160.0,20.63627500715744,19.5,23.5
1161.0,20.63594307723935,19.5,23.5
1162.0,20.63561119675795,19.5,23.5
1163.0,20.63527936570589,19.5,23.5
1164.0,20.63494758407581,19.5,23.5
1165.0,20.63461585186035,19.5,23.5
1166.0,20.63428416905215,19.5,23.5
1167.0,20.63395253564384,19.5,23.5
1168.0,20.63362095162807,19.5,23.5
1169.0,20.63328941699748,19.5,23.5
1170.000002,20.63295793108185,19.5,23.5
1170.0,20.63295793108185,19.5,23.5
1171.0,20.63254136789925,19.5,23.5
1172.0,20.63220008096038,19.5,23.5
1173.0,20.63185884485349,19.5,23.5
1174.0,20.63151765956941,19.5,23.5
1175.0,20.63117652510051,19.5,23.5
1176.0,20.6308354414392,19.5,23.5
1177.0,20.63049440857793,19.5,23.5
1178.0,20.63015342650913,19.5,23.5
1179.0,20.62981249522523,19.5,23.5
1180.0,20.62947161471867,19.5,23.5
1181.0,20.62913078498189,19.5,23.5
1182.0,20.62879000600731,19.5,23.5
1183.0,20.62844927778741,19.5,23.5
1184.0,20.6281086003146,19.5,23.5
1185.0,20.62776797358133,19.5,23.5
1186.0,20.62742739758003,19.5,23.5
1187.0,20.62708687230316,19.5,23.5
1188.0,20.62674639774317,19.5,23.5
1189.0,20.62640597389248,19.5,23.5
1190.0,20.62606560074357,19.5,23.5
1191.0,20.62572527828885,19.5,23.5
1192.0,20.62536697139528,19.5,23.5
1193.0,20.62500871786691,19.5,23.5
1194.0,20.62465051769581,19.5,23.5
1195.0,20.62429237087403,19.5,23.5
1196.0,20.62393427739362,19.5,23.5
1197.0,20.62357623724664,19.5,23.5
1198.0,20.62321825042515,19.5,23.5
1199.0,20.6228603169212,19.5,23.5
1200.000002,20.62250243601119,19.5,23.5
1200.0,20.62250243601119,19.5,23.5
1201.0,20.62205898905247,19.5,23.5
1202.0,20.6217012282038,19.5,23.5
1203.0,20.62134352064076,19.5,23.5
1204.0,20.62098586635376,19.5,23.5
1205.0,20.62062826533477,19.5,23.5
1206.0,20.62027071757587,19.5,23.5
1207.0,20.61991322306911,19.5,23.5
1208.0,20.61955578180658,19.5,23.5
1209.0,20.61919839378033,19.5,23.5
1210.0,20.61884105898245,19.5,23.5
1211.0,20.618483777405,19.5,23.5
1212.0,20.61812654904006,19.5,23.5
1213.0,20.6177693738797,19.5,23.5
1214.0,20.61741225191598,19.5,23.5
1215.0,20.61705518314101,19.5,23.5
1216.0,20.61669816754685,19.5,23.5
1217.0,20.61634120512558,19.5,23.5
1218.0,20.61598429586928,19.5,23.5
1219.0,20.61562743977003,19.5,23.5
1220.0,20.61527063681992,19.5,23.5
1221.0,20.61491388701103,19.5,23.5
1222.0,20.61455719033546,19.5,23.5
1223.0,20.61420054678527,19.5,23.5
1224.0,20.61384395635256,19.5,23.5
1225.0,20.61348741902942,19.5,23.5
1226.0,20.61313093480794,19.5,23.5
1227.0,20.61277450368022,19.5,23.5
1228.0,20.61241812563833,19.5,23.5
1229.0,20.61206180067439,19.5,23.5
1230.000002,20.61170552806803,19.5,23.5
1230.0,20.61170552806803,19.5,23.5
1231.0,20.61126237443786,19.5,23.5
1232.0,20.61088639541292,19.5,23.5
1233.0,20.61051047238708,19.5,23.5
1234.0,20.61013460535023,19.5,23.5
1235.0,20.60975879429395,19.5,23.5
1236.0,20.60938303920992,19.5,23.5
1237.0,20.60900734008978,19.5,23.5
1238.0,20.60863169692519,19.5,23.5
1239.0,20.60825610970784,19.5,23.5
1240.0,20.60788057842939,19.5,23.5
1241.0,20.60750510308151,19.5,23.5
1242.0,20.60712968365586,19.5,23.5
1243.0,20.60675432014411,19.5,23.5
1244.0,20.60637901253795,19.5,23.5
1245.0,20.60600376082902,19.5,23.5
1246.0,20.60562856500904,19.5,23.5
1247.0,20.60525342506966,19.5,23.5
1248.0,20.60487834100255,19.5,23.5
1249.0,20.6045033127994,19.5,23.5
1250.0,20.60412834045189,19.5,23.5
1251.0,20.6037534239517,19.5,23.5
1252.0,20.60336769616003,19.5,23.5
1253.0,20.60298202581757,19.5,23.5
1254.0,20.60259641291576,19.5,23.5
1255.0,20.60221085744604,19.5,23.5
1256.0,20.60182535939986,19.5,23.5
1257.0,20.60143991876867,19.5,23.5
1258.0,20.60105453554391,19.5,23.5
1259.0,20.60066920971704,19.5,23.5
1260.000002,20.60028394056855,19.5,23.5
1260.0,20.60028394056855,19.5,23.5
1261.0,20.59983023010643,19.5,23.5
1262.0,20.59946491281564,19.5,23.5
1263.0,20.59909964993597,19.5,23.5
1264.0,20.59873444145759,19.5,23.5
1265.0,20.59836928737234,19.5,23.5
1266.0,20.5980041876721,19.5,23.5
1267.0,20.59763914234878,19.5,23.5
1268.0,20.59727415139428,19.5,23.5
1269.0,20.59690921480049,19.5,23.5
1270.0,20.59654433255933,19.5,23.5
1271.0,20.5961795046627,19.5,23.5
1272.0,20.5958147311025,19.5,23.5
1273.0,20.59545001187064,19.5,23.5
1274.0,20.59508534695902,19.5,23.5
1275.0,20.59472073635958,19.5,23.5
1276.0,20.5943561800642,19.5,23.5
1277.0,20.59399167806479,19.5,23.5
1278.0,20.59362723035329,19.5,23.5
1279.0,20.5932628369216,19.5,23.5
1280.0,20.59289849776162,19.5,23.5
1281.0,20.5925342128653,19.5,23.5
1282.0,20.59216998222454,19.5,23.5
1283.0,20.59180580583125,19.5,23.5
1284.0,20.59144168367736,19.5,23.5
1285.0,20.5910776157548,19.5,23.5
1286.0,20.59071360205548,19.5,23.5
1287.0,20.59034964257133,19.5,23.5
1288.0,20.58998573729428,19.5,23.5
1289.0,20.58962188621626,19.5,23.5
1290.000002,20.58925808854881,19.5,23.5
1290.0,20.58925808854881,19.5,23.5
1291.0,20.58880467763516,19.5,23.5
1292.0,20.58845091555568,19.5,23.5
1293.0,20.58809720616627,19.5,23.5
1294.0,20.5877435494574,19.5,23.5
1295.0,20.58738994542117,19.5,23.5
1296.0,20.58703639404971,19.5,23.5
1297.0,20.5866828953352,19.5,23.5
1298.0,20.58632944926979,19.5,23.5
1299.0,20.58597605584563,19.5,23.5
1300.0,20.58562271505489,19.5,23.5
1301.0,20.58526942688973,19.5,23.5
1302.0,20.58491619134231,19.5,23.5
1303.0,20.58456300840478,19.5,23.5
1304.0,20.58420987806932,19.5,23.5
1305.0,20.5838568003281,19.5,23.5
1306.0,20.58350377517327,19.5,23.5
1307.0,20.58315080259701,19.5,23.5
1308.0,20.58279788259149,19.5,23.5
1309.0,20.58244501514888,19.5,23.5
1310.0,20.58209220026134,19.5,23.5
1311.0,20.58171770366009,19.5,23.5
1312.0,20.58134326283531,19.5,23.5
1313.0,20.58096887777868,19.5,23.5
1314.0,20.5805945484819,19.5,23.5
1315.0,20.58022027493666,19.5,23.5
1316.0,20.57984605713467,19.5,23.5
1317.0,20.57947189506762,19.5,23.5
1318.0,20.5790977887272,19.5,23.5
1319.0,20.57872373810512,19.5,23.5
1320.000002,20.5783497424452,19.5,23.5
1320.0,20.5783497424452,19.5,23.5
1321.0,20.57787489362426,19.5,23.5
1322.0,20.57750102513479,19.5,23.5
1323.0,20.57712721233009,19.5,23.5
1324.0,20.57675345520008,19.5,23.5
1325.0,20.5763797537364,19.5,23.5
1326.0,20.57600610793076,19.5,23.5
1327.0,20.57563251777487,19.5,23.5
1328.0,20.57525898326043,19.5,23.5
1329.0,20.57488550437917,19.5,23.5
1330.0,20.5745120811228,19.5,23.5
1331.0,20.57413871348303,19.5,23.5
1332.0,20.57376540145158,19.5,23.5
1333.0,20.57339214502016,19.5,23.5
1334.0,20.57301894418051,19.5,23.5
1335.0,20.57264579892432,19.5,23.5
1336.0,20.57227270924334,19.5,23.5
1337.0,20.57189967512928,19.5,23.5
1338.0,20.57152669657386,19.5,23.5
1339.0,20.57115377356881,19.5,23.5
1340.0,20.57078090610585,19.5,23.5
1341.0,20.57040809417673,19.5,23.5
1342.0,20.57003533777315,19.5,23.5
1343.0,20.56966263688686,19.5,23.5
1344.0,20.56928999150959,19.5,23.5
1345.0,20.56891740163307,19.5,23.5
1346.0,20.56854486724901,19.5,23.5
1347.0,20.56817238834917,19.5,23.5
1348.0,20.56779996492529,19.5,23.5
1349.0,20.56742759696909,19.5,23.5
1350.000002,20.56705528372781,19.5,23.5
1350.0,20.56705528372781,19.5,23.5
1351.0,20.56658074175278,19.5,23.5
1352.0,20.56616890299539,19.5,23.5
1353.0,20.56575712557811,19.5,23.5
1354.0,20.56534540948987,19.5,23.5
1355.0,20.56493375472147,19.5,23.5
1356.0,20.56452216126377,19.5,23.5
1357.0,20.56411062910763,19.5,23.5
1358.0,20.56369915824392,19.5,23.5
1359.0,20.56328774866352,19.5,23.5
1360.0,20.5628764003573,19.5,23.5
1361.0,20.56246511331613,19.5,23.5
1362.0,20.56205388753089,19.5,23.5
1363.0,20.56164272299244,19.5,23.5
1364.0,20.56123161969168,19.5,23.5
1365.0,20.56082057761949,19.5,23.5
1366.0,20.56040959676674,19.5,23.5
1367.0,20.55999867712431,19.5,23.5
1368.0,20.55958781868309,19.5,23.5
1369.0,20.55917702143396,19.5,23.5
1370.0,20.55876628536781,19.5,23.5
1371.0,20.55835289369291,19.5,23.5
1372.0,20.55793956358739,19.5,23.5
1373.0,20.55752629504209,19.5,23.5
1374.0,20.55711308804784,19.5,23.5
1375.0,20.55669994259546,19.5,23.5
1376.0,20.5562868586758,19.5,23.5
1377.0,20.55587383627969,19.5,23.5
1378.0,20.55546087539797,19.5,23.5
1379.0,20.55504797602147,19.5,23.5
1380.000002,20.55463513731548,19.5,23.5
1380.0,20.55463513731548,19.5,23.5
1381.0,20.55415821598594,19.5,23.5
1382.0,20.55378516300869,19.5,23.5
1383.0,20.55341216559471,19.5,23.5
1384.0,20.55303922373399,19.5,23.5
1385.0,20.55266633741818,19.5,23.5
1386.0,20.552293506639,19.5,23.5
1387.0,20.55192073138818,19.5,23.5
1388.0,20.55154801165745,19.5,23.5
1389.0,20.55117534743854,19.5,23.5
1390.0,20.55080273872318,19.5,23.5
1391.0,20.55043018550311,19.5,23.5
1392.0,20.55005768777006,19.5,23.5
1393.0,20.54968524551578,19.5,23.5
1394.0,20.54931285873198,19.5,23.5
1395.0,20.54894052741042,19.5,23.5
1396.0,20.54856825154284,19.5,23.5
1397.0,20.54819603112096,19.5,23.5
1398.0,20.54782386613655,19.5,23.5
1399.0,20.54745175658133,19.5,23.5
1400.0,20.54707970244705,19.5,23.5
1401.0,20.54670770372547,19.5,23.5
1402.0,20.54633576040831,19.5,23.5
1403.0,20.54596387248735,19.5,23.5
1404.0,20.54559203995431,19.5,23.5
1405.0,20.54522026280096,19.5,23.5
1406.0,20.54484854101905,19.5,23.5
1407.0,20.54447687460032,19.5,23.5
1408.0,20.54410526353654,19.5,23.5
1409.0,20.54373370781945,19.5,23.5
1410.000002,20.54336220662524,19.5,23.5
