0.0,21.4,21,25
0.7558277662100328,21.39939964762652,21,25
1.0,21.39920570719771,21,25
1.84858690583211,21.39874625283154,21,25
2.0,21.39866427466477,21,25
2.851764842837081,21.39820327219052,21,25
3.0,21.39812304465143,21,25
3.851899454768192,21.39766214178084,21,25
4.0,21.39758201707712,21,25
4.85190514082115,21.39712128352512,21,25
5.0,21.39704119186593,21,25
5.851905380973594,21.39658063051447,21,25
6.0,21.39650056894217,21,25
6.851905391116475,21.39604017985117,21,25
7.0,21.39596014823016,21,25
7.851905391544847,21.39549993134045,21,25
8.0,21.39541992965428,21,25
8.851905391562903,21.39495988490166,21,25
9.0,21.39487991313891,21,25
9.851905391563722,21.39442004045901,21,25
10.0,21.39434009860848,21,25
10.85190539156373,21.39388039793694,21,25
11.0,21.39380048598744,21,25
11.85190539156373,21.39334095725992,21,25
12.0,21.39326107520027,21,25
12.85190539156373,21.39280171835246,21,25
13.0,21.39272186617147,21,25
13.85190539156373,21.39226268113909,21,25
14.0,21.39218285882559,21,25
14.85190539156373,21.39172384554436,21,25
15.0,21.39164405308718,21,25
15.85190539156373,21.39118521149287,21,25
16.0,21.39110544888084,21,25
16.85190539156373,21.39064677890923,21,25
17.0,21.39056704613118,21,25
17.85190539156373,21.39010854771808,21,25
18.0,21.39002884476287,21,25
18.85190539156373,21.3895705178441,21,25
19.0,21.38949084470057,21,25
19.85190539156373,21.38903268921199,21,25
20.0,21.38895304586898,21,25
20.85190539156373,21.38849506174647,21,25
21.0,21.38841544819283,21,25
21.85190539156373,21.3879576353723,21,25
22.0,21.3878780515969,21,25
22.85190539156373,21.38742041001427,21,25
23.0,21.38734085600597,21,25
23.85190539156373,21.38688338559718,21,25
24.0,21.38680386134484,21,25
24.85190539156373,21.38634656204589,21,25
25.0,21.38626706753838,21,25
25.85190539156373,21.38580993928525,21,25
26.0,21.38573047451145,21,25
26.85190539156373,21.38527351724017,21,25
27.0,21.38519408218895,21,25
27.85190539156373,21.38473729583557,21,25
28.0,21.38465789049582,21,25
28.85190539156373,21.3842012749964,21,25
29.0,21.38412189935701,21,25
29.85190539156373,21.38365541819971,21,25
30.000002,21.38357432580509,21,25
30.0,21.38357432580509,21,25
30.755827766210032,21.38299010260205,21,25
31.0,21.38280137261026,21,25
31.65948461896827,21.3822008912131,21,25
32.0,21.38189084929278,21,25
32.66246140873639,21.38128788310259,21,25
33.0,21.38098066655109,21,25
33.66258752038295,21.38037781115072,21,25
34.0,21.38007082424972,21,25
34.66259284741666,21.37946818949333,21,25
35.0,21.379161322261,21,25
35.662593072405876,21.37855891270639,21,25
36.0,21.37825216045762,21,25
36.66259308190833,21.37764997621648,21,25
37.0,21.37734333871235,21,25
37.662593082309655,21.37674137970867,21,25
38.0,21.37643485689798,21,25
38.662593082326566,21.37583312304787,21,25
39.0,21.37552671488737,21,25
39.662593082327334,21.37492520610663,21,25
40.0,21.37461891255344,21,25
40.66259308232735,21.37401762875788,21,25
41.0,21.37371144976912,21,25
41.66259308232735,21.37311039087459,21,25
42.0,21.37280432640741,21,25
42.66259308232735,21.37220349232979,21,25
43.0,21.37189754234135,21,25
43.66259308232735,21.37129693299655,21,25
44.0,21.37099109744404,21,25
44.66259308232735,21.370390712748,21,25
45.0,21.37008499158861,21,25
45.66259308232735,21.3694848314573,21,25
46.0,21.36917922464825,21,25
46.66259308232735,21.36857928899769,21,25
47.0,21.36827379649621,21,25
47.66259308232735,21.36767408524242,21,25
48.0,21.36736870700575,21,25
48.66259308232735,21.36676922006481,21,25
49.0,21.3664639560502,21,25
49.66259308232735,21.36586469333821,21,25
50.0,21.36555954350294,21,25
50.66259308232735,21.36496050493603,21,25
51.0,21.36465546923741,21,25
51.66259308232735,21.36405665473172,21,25
52.0,21.36375173312705,21,25
52.66259308232735,21.36315314259879,21,25
53.0,21.3628483350454,21,25
53.66259308232735,21.3622499684108,21,25
54.0,21.36194527486602,21,25
54.66259308232735,21.36134713204134,21,25
55.0,21.36104255246253,21,25
55.66259308232735,21.36044463336405,21,25
56.0,21.36014016770858,21,25
56.66259308232735,21.35954247225261,21,25
57.0,21.35923812047788,21,25
57.66259308232735,21.35864064858078,21,25
58.0,21.35833641064418,21,25
58.66259308232735,21.35773916222233,21,25
59.0,21.3574350380813,21,25
59.66259308232735,21.3568380130511,21,25
60.000001999999995,21.35653400104336,21,25
60.0,21.35653400104336,21,25
60.75582776621003,21.3559508251773,21,25
61.0,21.35576243352178,21,25
61.65948461896827,21.35518859594819,21,25
62.0,21.35489231082742,21,25
62.66246140873639,21.35431609871298,21,25
63.0,21.35402251359725,21,25
63.66258752038295,21.3534464073568,21,25
64.0,21.35315304170179,21,25
64.66259284741666,21.35257714631516,21,25
65.0,21.35228389501904,21,25
65.66259307240588,21.35170821484182,21,25
66.0,21.35141507342734,21,25
66.66259308190833,21.35083960856626,21,25
67.0,21.35054657680511,21,25
67.66259308230966,21.34997132718753,21,25
68.0,21.34967840503079,21,25
68.66259308232657,21.34910337057654,21,25
69.0,21.34881055798288,21,25
69.66259308232733,21.34823573861149,21,25
70.0,21.34794303553991,21,25
70.66259308232735,21.34736843117094,21,25
71.0,21.34707583758048,21,25
71.66259308232735,21.34650144813351,21,25
72.0,21.34620896398322,21,25
72.66259308232735,21.34563478937786,21,25
73.0,21.3453424146268,21,25
73.66259308232735,21.34476845478269,21,25
74.0,21.34447618938995,21,25
74.66259308232735,21.34390244422676,21,25
75.0,21.34361028815143,21,25
75.66259308232735,21.34303675758887,21,25
76.0,21.34274471079006,21,25
76.66259308232735,21.34217139474786,21,25
77.0,21.3418794571847,21,25
77.66259308232735,21.34130635558262,21,25
78.0,21.34101452721425,21,25
78.66259308232735,21.34044163997208,21,25
79.0,21.34014992075766,21,25
79.66259308232735,21.33957724779522,21,25
80.0,21.33928563769392,21,25
80.66259308232735,21.33871317893107,21,25
81.0,21.33842167790209,21,25
81.66259308232735,21.33784943325869,21,25
82.0,21.33755804126122,21,25
82.66259308232735,21.33698601065721,21,25
83.0,21.33669472765047,21,25
83.66259308232735,21.33612291100578,21,25
84.0,21.33583173694901,21,25
84.66259308232735,21.33526013418361,21,25
85.0,21.33496906903605,21,25
85.66259308232735,21.33439768006994,21,25
86.0,21.33410672379086,21,25
86.66259308232735,21.33353554854408,21,25
87.0,21.33324470109276,21,25
87.66259308232735,21.33268154564941,21,25
88.0,21.33239478195242,21,25
88.66259308232735,21.33183183714878,21,25
89.0,21.33154518071137,21,25
89.66259308232735,21.33098244646864,21,25
90.000002,21.33069589555273,21,25
90.0,21.33069589555273,21,25
90.75582776621003,21.33009822749431,21,25
91.0,21.32990515421826,21,25
91.65948461896826,21.32934546446321,21,25
92.0,21.32905648417628,21,25
92.66246140873639,21.32849447842408,21,25
93.0,21.32820813157425,21,25
93.66258752038294,21.32764622908574,21,25
94.0,21.32736009628589,21,25
94.66259284741666,21.32679839945266,21,25
95.0,21.3265123781922,21,25
95.66259307240588,21.32595089126245,21,25
96.0,21.32566497717454,21,25
96.66259308190833,21.32510370025235,21,25
97.0,21.3248178931143,21,25
97.66259308230966,21.32425682612885,21,25
98.0,21.32397112589292,21,25
98.66259308232657,21.323410268766,21,25
99.0,21.32312467539192,21,25
99.66259308232733,21.32256402804505,21,25
100.0,21.3222785414928,21,25
100.66259308232735,21.32171810384752,21,25
101.0,21.32143272407716,21,25
101.66259308232735,21.32087249605503,21,25
102.0,21.32058722302663,21,25
102.66259308232735,21.32002720454924,21,25
103.0,21.31974203822286,21,25
103.66259308232735,21.31918222921185,21,25
104.0,21.31889716954758,21,25
104.66259308232735,21.31833756992458,21,25
105.0,21.31805261688253,21,25
105.66259308232735,21.31749322656924,21,25
106.0,21.31720838010953,21,25
106.66259308232735,21.31664919902765,21,25
107.0,21.31636445911041,21,25
107.66259308232735,21.31580548718168,21,25
108.0,21.31552085376707,21,25
108.66259308232735,21.31496209091326,21,25
109.0,21.31467756396142,21,25
109.66259308232735,21.31411901010434,21,25
110.0,21.31383458957548,21,25
110.66259308232735,21.31327624463694,21,25
111.0,21.31299193049124,21,25
111.66259308232735,21.31243379439311,21,25
112.0,21.31214958659077,21,25
112.66259308232735,21.31159165925494,21,25
113.0,21.3113075577562,21,25
113.66259308232735,21.31074983910457,21,25
114.0,21.31046584386965,21,25
114.66259308232735,21.30990833382418,21,25
115.0,21.30962444481335,21,25
115.66259308232735,21.309067143296,21,25
116.0,21.30878336046953,21,25
116.66259308232735,21.30822626740231,21,25
117.0,21.30794259072048,21,25
117.66259308232735,21.30738570602542,21,25
118.0,21.30710213544852,21,25
118.66259308232735,21.30654545904769,21,25
119.0,21.30626199453604,21,25
119.66259308232735,21.30570552635152,21,25
120.000002,21.30542216618639,21,25
120.0,21.30542216618639,21,25
120.75582776621003,21.30482547704046,21,25
121.0,21.30463271999652,21,25
121.84858690583211,21.30412617924348,21,25
122.0,21.30403579968594,21,25
122.85176484283708,21.30352755216964,21,25
123.0,21.30343910264982,21,25
123.85189945476819,21.3029309649449,21,25
124.0,21.30284262879935,21,25
124.85190514082115,21.30233467776534,21,25
125.0,21.30224637805084,21,25
125.85190538097359,21.30173861686503,21,25
126.0,21.30165035032082,21,25
126.85190539111647,21.30114277904929,21,25
127.0,21.30105454552588,21,25
127.85190539154485,21.30054716410338,21,25
128.0,21.30045896358263,21,25
128.8519053915629,21.29995177193841,21,25
129.0,21.29986360440773,21,25
129.85190539156372,21.2993566024708,21,25
130.0,21.29926846791784,21,25
130.85190539156372,21.29876165561724,21,25
131.0,21.29867355402967,21,25
131.85190539156372,21.29816693129449,21,25
132.0,21.29807886265997,21,25
132.85190539156372,21.2975724294193,21,25
133.0,21.29748439372551,21,25
133.85190539156372,21.29697814990846,21,25
134.0,21.29689014714308,21,25
134.85190539156372,21.29638409267881,21,25
135.0,21.29629612282952,21,25
135.85190539156372,21.2957902576472,21,25
136.0,21.29570232070169,21,25
136.85190539156372,21.29519664473052,21,25
137.0,21.29510874067648,21,25
137.85190539156372,21.2946032538457,21,25
138.0,21.29451538267083,21,25
138.85190539156372,21.29401008490968,21,25
139.0,21.29392224660169,21,25
139.85190539156372,21.29341713783946,21,25
140.0,21.29332933238605,21,25
140.85190539156372,21.29282441255205,21,25
141.0,21.29273663994092,21,25
141.85190539156372,21.29223190896448,21,25
142.0,21.29214416918336,21,25
142.85190539156372,21.29163962699385,21,25
143.0,21.29155192003045,21,25
143.85190539156372,21.29104756655725,21,25
144.0,21.2909598923993,21,25
144.85190539156372,21.29045572757181,21,25
145.0,21.29036808620706,21,25
145.85190539156372,21.28986410995473,21,25
146.0,21.28977650137089,21,25
146.85190539156372,21.28927271362319,21,25
147.0,21.289185137808,21,25
147.85190539156372,21.28867902938244,21,25
148.0,21.2885910501528,21,25
148.85190539156372,21.28808513102937,21,25
149.0,21.28799718470702,21,25
149.85190539156372,21.28749145481492,21,25
150.000002,21.28740354020069,21,25
150.0,21.28740354020069,21,25
150.75582776621005,21.28681142220071,21,25
151.0,21.28662014183955,21,25
152.0,21.28611787493728,21,25
153.0,21.28561579590494,21,25
154.0,21.2851139046678,21,25
155.0,21.28461220115543,21,25
156.0,21.28411068529761,21,25
157.0,21.28360935702414,21,25
158.0,21.28310821626486,21,25
159.0,21.28260726294963,21,25
160.0,21.28210649700835,21,25
161.0,21.28160591837092,21,25
162.0,21.28110552696731,21,25
163.0,21.28060532272746,21,25
164.0,21.28010530558139,21,25
165.0,21.27960547545909,21,25
166.0,21.27910583229064,21,25
167.0,21.27860637600608,21,25
168.0,21.27810710653553,21,25
169.0,21.2776080238091,21,25
170.0,21.27710912775696,21,25
171.0,21.27661041830927,21,25
172.0,21.27611189539624,21,25
173.0,21.27561355894811,21,25
174.0,21.27511540889511,21,25
175.0,21.27461744516755,21,25
176.0,21.27411966769573,21,25
177.0,21.27362207640997,21,25
178.0,21.27312467124064,21,25
179.0,21.27262745211812,21,25
180.000002,21.27213041797911,21,25
180.0,21.27213041797911,21,25
180.75582776621005,21.27153889154398,21,25
181.0,21.27134780228448,21,25
181.75402076895688,21.27076785211771,21,25
182.0,21.27057866368471,21,25
182.75711249186304,21.26999655340221,21,25
183.0,21.26980981277662,21,25
183.7572434608005,21.26922781956724,21,25
184.0,21.26904124944578,21,25
184.75724899298805,21.2684594696719,21,25
185.0,21.26827297358434,21,25
185.75724922664196,21.26769141123687,21,25
186.0,21.26750498508477,21,25
186.75724923651038,21.26692364025425,21,25
187.0,21.26673728383959,21,25
187.75724923692718,21.26615615645191,21,25
188.0,21.26596986974134,21,25
188.75724923694474,21.26538895971547,21,25
189.0,21.26520274268261,21,25
189.75724923694554,21.26462204993729,21,25
190.0,21.26443590255607,21,25
190.75724923694554,21.26385542701001,21,25
191.0,21.26366934925438,21,25
191.75724923694554,21.26308909082634,21,25
192.0,21.26290308267026,21,25
192.75724923694554,21.26232304127902,21,25
193.0,21.26213710269646,21,25
193.75724923694554,21.26155727826086,21,25
194.0,21.26137140922578,21,25
194.75724923694554,21.26079180166467,21,25
195.0,21.26060600215106,21,25
195.75724923694554,21.26002661138331,21,25
196.0,21.25984088136519,21,25
196.75724923694554,21.25926170730972,21,25
197.0,21.25907604676107,21,25
197.75724923694554,21.25849708933681,21,25
198.0,21.25831149823166,21,25
198.75724923694554,21.2577327573576,21,25
199.0,21.25754723566997,21,25
199.75724923694554,21.25696871126511,21,25
200.0,21.25678325896903,21,25
200.75724923694554,21.2562049509524,21,25
201.0,21.25601956802193,21,25
201.75724923694554,21.25544147631259,21,25
202.0,21.25525616272178,21,25
202.75724923694554,21.25467828723882,21,25
203.0,21.25449304296173,21,25
203.75724923694554,21.25391538362428,21,25
204.0,21.25373020863498,21,25
204.75724923694554,21.25315499568936,21,25
205.0,21.2529706049176,21,25
205.75724923694554,21.25239560712162,21,25
206.0,21.25221128531841,21,25
206.75724923694554,21.25163650259158,21,25
207.0,21.25145224973113,21,25
207.75724923694554,21.25087768199301,21,25
208.0,21.25069349804954,21,25
208.75724923694554,21.25011914521972,21,25
209.0,21.24993503016744,21,25
209.75724923694554,21.24936089216552,21,25
210.000002,21.24917684446283,21,25
210.0,21.24917684446283,21,25
210.75582776621005,21.24858233383383,21,25
211.0,21.24839028054743,21,25
211.75402076895688,21.24781902594953,21,25
212.0,21.24763267414137,21,25
212.75711249186304,21.24705929181576,21,25
213.0,21.24687535111345,21,25
213.7572434608005,21.2463020841056,21,25
214.0,21.24611831135094,21,25
214.75724899298805,21.24554525457842,21,25
215.0,21.24536155474762,21,25
215.75724922664196,21.24478871214149,21,25
216.0,21.24460508119757,21,25
216.75724923651038,21.24403245284701,21,25
217.0,21.2438488905949,21,25
217.75724923692718,21.24327647642692,21,25
218.0,21.24309298283379,21,25
218.75724923694474,21.24252078276859,21,25
219.0,21.24233735780844,21,25
219.75724923694554,21.24176537176595,21,25
220.0,21.24158201541311,21,25
220.75724923694554,21.24101024331327,21,25
221.0,21.24082695554208,21,25
221.75724923694554,21.24025539730488,21,25
222.0,21.24007217808969,21,25
222.75724923694554,21.23950083363512,21,25
223.0,21.23931768295028,21,25
223.75724923694554,21.23874655219839,21,25
224.0,21.23856347001827,21,25
224.75724923694554,21.23799255288912,21,25
225.0,21.2378095391881,21,25
225.75724923694554,21.23723883560178,21,25
226.0,21.23705589035424,21,25
226.75724923694554,21.2364854002309,21,25
227.0,21.23630252341124,21,25
227.75724923694554,21.23573224667102,21,25
228.0,21.23554943825364,21,25
228.75724923694554,21.23497937481675,21,25
229.0,21.23479663477606,21,25
229.75724923694554,21.2342267845627,21,25
230.0,21.23404411287315,21,25
230.75724923694554,21.23347447580356,21,25
231.0,21.23329187243956,21,25
231.75724923694554,21.23272244843403,21,25
232.0,21.23253991337004,21,25
232.75724923694554,21.23197070234887,21,25
233.0,21.23178823555933,21,25
233.75724923694554,21.23121923744286,21,25
234.0,21.23103683890224,21,25
234.75724923694554,21.23046805361083,21,25
235.0,21.2302857232936,21,25
235.75724923694554,21.22971715074766,21,25
236.0,21.2295348886283,21,25
236.75724923694554,21.22896652874825,21,25
237.0,21.22878433480126,21,25
237.75724923694554,21.22821618750755,21,25
238.0,21.22803406170742,21,25
238.75724923694554,21.22746612692053,21,25
239.0,21.22728406924178,21,25
239.75724923694554,21.22671634688224,21,25
240.000002,21.22653435580049,21,25
240.0,21.22653435580049,21,25
240.75582776621005,21.22594072216966,21,25
241.0,21.22574895219255,21,25
241.75402076895688,21.22513840864234,21,25
242.0,21.22493924018933,21,25
242.75711249186304,21.22432642257352,21,25
243.0,21.22412983105403,21,25
243.7572434608005,21.22351713668715,21,25
244.0,21.22332072466618,21,25
244.75724899298805,21.22270825499389,21,25
245.0,21.22251192091224,21,25
245.75724922664196,21.22189968013598,21,25
246.0,21.221703419679,21,25
246.75724923651038,21.22109140789409,21,25
247.0,21.22089522085331,21,25
247.75724923692718,21.22028343798173,21,25
248.0,21.22008732432207,21,25
248.75724923694474,21.21947577027853,21,25
249.0,21.2192797299722,21,25
249.75724923694554,21.21866840467112,21,25
250.0,21.21847243769068,21,25
250.75724923694554,21.21786134104649,21,25
251.0,21.21766544736451,21,25
251.75724923694554,21.2170545792917,21,25
252.0,21.21685875888076,21,25
252.75724923694554,21.21624811929385,21,25
253.0,21.21605237212654,21,25
253.75724923694554,21.21544196094005,21,25
254.0,21.21524628698899,21,25
254.75724923694554,21.21463610411749,21,25
255.0,21.21444050335528,21,25
255.75724923694554,21.21383054871337,21,25
256.0,21.21363502111265,21,25
256.75724923694554,21.21302529461497,21,25
257.0,21.21282984014836,21,25
257.75724923694554,21.21222034170957,21,25
258.0,21.21202496034972,21,25
258.75724923694554,21.21141568988453,21,25
259.0,21.21122038160409,21,25
259.75724923694554,21.21061133902722,21,25
260.0,21.21041610379887,21,25
260.75724923694554,21.20980728902508,21,25
261.0,21.20961212682149,21,25
261.75724923694554,21.20901469140146,21,25
262.0,21.2088231769736,21,25
262.75724923694554,21.20822596501517,21,25
263.0,21.20803452222036,21,25
263.75724923694554,21.20743753363996,21,25
264.0,21.2072461624514,21,25
264.75724923694554,21.20664939716546,21,25
265.0,21.20645809755638,21,25
265.75724923694554,21.20586155548139,21,25
266.0,21.20567032742501,21,25
266.75724923694554,21.20507400847749,21,25
267.0,21.20488285194705,21,25
267.75724923694554,21.20428675604353,21,25
268.0,21.20409567101227,21,25
268.75724923694554,21.20349979806933,21,25
269.0,21.20330878451052,21,25
269.75724923694554,21.20271313444476,21,25
270.000002,21.20252219069844,21,25
270.0,21.20252219069844,21,25
270.75582776621,21.20191012091107,21,25
271.0,21.20171239523816,21,25
271.8485869058321,21.20125101831812,21,25
272.0,21.20116869711959,21,25
272.8517648428371,21.20070576561352,21,25
273.0,21.20062520236803,21,25
273.8518994547682,21.20016237088241,21,25
274.0,21.2000819109026,21,25
274.85190514082115,21.19961924944407,21,25
275.0,21.19953882264707,21,25
275.8519053809736,21.19907633410963,21,25
276.0,21.19899593752542,21,25
276.8519053911165,21.19853362196925,21,25
277.0,21.19845325546166,21,25
277.85190539154485,21.19799111282734,21,25
278.0,21.19791077637985,21,25
278.8519053915629,21.19744880660292,21,25
279.0,21.19736850020406,21,25
279.8519053915637,21.19690670321989,21,25
280.0,21.19682642685841,21,25
280.8519053915637,21.19636480260235,21,25
281.0,21.19628455626702,21,25
281.8519053915637,21.19582310467447,21,25
282.0,21.19574288835406,21,25
282.8519053915637,21.19528160936044,21,25
283.0,21.19520142304372,21,25
283.8519053915637,21.19474031658446,21,25
284.0,21.19466016026021,21,25
284.8519053915637,21.19419922627079,21,25
285.0,21.19411909992779,21,25
285.8519053915637,21.19365833834371,21,25
286.0,21.19357824197074,21,25
286.8519053915637,21.19311765272749,21,25
287.0,21.19303758631336,21,25
287.8519053915637,21.19257716934649,21,25
288.0,21.19249713287997,21,25
288.8519053915637,21.19203688812505,21,25
289.0,21.19195688159495,21,25
289.8519053915637,21.19149680898755,21,25
290.0,21.19141683238267,21,25
290.8519053915637,21.19095693185842,21,25
291.0,21.19087698516757,21,25
291.8519053915637,21.19041725666209,21,25
292.0,21.19033733987409,21,25
292.8519053915637,21.18987778332304,21,25
293.0,21.18979789642669,21,25
293.8519053915637,21.18933851176576,21,25
294.0,21.18925865474988,21,25
294.8519053915637,21.18879944191477,21,25
295.0,21.18871961476819,21,25
295.8519053915637,21.18826057369465,21,25
296.0,21.1881807764062,21,25
296.8519053915637,21.18772190702995,21,25
297.0,21.18764213958846,21,25
297.8519053915637,21.18718344184531,21,25
298.0,21.18710370423961,21,25
298.8519053915637,21.18664517806535,21,25
299.0,21.18656547028428,21,25
299.8519053915637,21.18610711561474,21,25
300.000002,21.18602743657147,21,25
300.0,21.18602743657147,21,25
300.75582776621,21.1854160056657,21,25
301.0,21.18521848637987,21,25
301.7540207689569,21.18467615232723,21,25
302.0,21.18449923483421,21,25
302.75711249186304,21.18395488077299,21,25
303.0,21.18378025232029,21,25
303.7572434608005,21.1832360077387,21,25
304.0,21.18306153873107,21,25
304.7572489929881,21.18251749374136,21,25
305.0,21.18234309396572,21,25
305.757249226642,21.18179925229994,21,25
306.0,21.18162491792368,21,25
306.7572492365104,21.18108127966649,21,25
307.0,21.18090701050443,21,25
307.7572492369272,21.18036357558654,21,25
308.0,21.1801893716075,21,25
308.75724923694474,21.17964613995314,21,25
309.0,21.17947200113245,21,25
309.75724923694554,21.1789289726656,21,25
310.0,21.17875489897887,21,25
310.75724923694554,21.17821207362353,21,25
311.0,21.17803806504643,21,25
311.75724923694554,21.17749544272663,21,25
312.0,21.17732149923478,21,25
312.75724923694554,21.17677907987458,21,25
313.0,21.17660520144364,21,25
313.75724923694554,21.17606298496714,21,25
314.0,21.17588917157276,21,25
314.75724923694554,21.17534715790405,21,25
315.0,21.17517340952192,21,25
315.75724923694554,21.17463159858517,21,25
316.0,21.17445791519097,21,25
316.75724923694554,21.17391630691033,21,25
317.0,21.17374268847976,21,25
317.75724923694554,21.17320128277943,21,25
318.0,21.17302772928818,21,25
318.75724923694554,21.17248652609239,21,25
319.0,21.17231303751618,21,25
319.75724923694554,21.17177203674918,21,25
320.0,21.17159861306373,21,25
320.75724923694554,21.17105781464982,21,25
321.0,21.17088445583085,21,25
321.75724923694554,21.17034501995442,21,25
322.0,21.17017209791168,21,25
322.75724923694554,21.16963286380302,21,25
323.0,21.16946000643912,21,25
323.75724923694554,21.16892097402276,21,25
324.0,21.16874818131352,21,25
324.75724923694554,21.168209350514,21,25
325.0,21.16803662243525,21,25
325.75724923694554,21.16749799317717,21,25
326.0,21.16732532970471,21,25
326.75724923694554,21.1667869019127,21,25
327.0,21.16661430302238,21,25
327.75724923694554,21.16607607662106,21,25
328.0,21.16590354228873,21,25
328.75724923694554,21.16536551720278,21,25
329.0,21.16519304740428,21,25
329.75724923694554,21.16465522355842,21,25
330.000002,21.16448281684966,21,25
330.0,21.16448281684966,21,25
330.6639724851868,21.16392600932958,21,25
331.0,21.16364422388742,21,25
331.7540207689569,21.16310912977557,21,25
332.0,21.1629345740597,21,25
332.75711249186304,21.16239748690557,21,25
333.0,21.16222518967225,21,25
333.7572434608005,21.16168821053625,21,25
334.0,21.16151607061948,21,25
334.7572489929881,21.16097928841088,21,25
335.0,21.16080721680188,21,25
335.757249226642,21.16027063520291,21,25
336.0,21.16009862812024,21,25
336.7572492365104,21.15956224721443,21,25
337.0,21.15939030447537,21,25
337.7572492369272,21.15885412419438,21,25
338.0,21.15868224576817,21,25
338.75724923694474,21.15814626603722,21,25
339.0,21.15797445189953,21,25
339.75724923694554,21.15743867264362,21,25
340.0,21.15726692277039,21,25
340.75724923694554,21.15673134391454,21,25
341.0,21.15655965828172,21,25
341.75724923694554,21.15602427975097,21,25
342.0,21.15585265833454,21,25
342.75724923694554,21.15531748005396,21,25
343.0,21.15514592282991,21,25
343.75724923694554,21.1546109447246,21,25
344.0,21.15443945166891,21,25
344.75724923694554,21.153904673664,21,25
345.0,21.15373324475268,21,25
345.75724923694554,21.15319866677331,21,25
346.0,21.15302730198236,21,25
346.75724923694554,21.15249292395373,21,25
347.0,21.15232162325916,21,25
347.75724923694554,21.15178744510649,21,25
348.0,21.15161620848433,21,25
348.75724923694554,21.15108223013285,21,25
349.0,21.15091105755914,21,25
349.75724923694554,21.1503772789341,21,25
350.0,21.15020617038488,21,25
350.75724923694554,21.1496725914116,21,25
351.0,21.14950154686292,21,25
351.75724923694554,21.14896816746672,21,25
352.0,21.14879718689464,21,25
352.75724923694554,21.14826400700087,21,25
353.0,21.14809309038147,21,25
353.75724923694554,21.14756010991549,21,25
354.0,21.14738925722484,21,25
354.75724923694554,21.14685647611208,21,25
355.0,21.14668568732628,21,25
355.75724923694554,21.14615310549216,21,25
356.0,21.1459823805873,21,25
356.75724923694554,21.1454499979573,21,25
357.0,21.14527933690947,21,25
357.75724923694554,21.14474715340907,21,25
358.0,21.14457655619441,21,25
358.75724923694554,21.14404457174913,21,25
359.0,21.14387403834376,21,25
359.75724923694554,21.14334225287915,21,25
360.000002,21.14317178185518,21,25
360.0,21.14317178185518,21,25
360.6639724851868,21.14261569945088,21,25
361.0,21.14233428097047,21,25
361.7540207689569,21.14175952241333,21,25
362.0,21.14157202756117,21,25
362.75711249186304,21.14099512822527,21,25
363.0,21.14081005926819,21,25
363.7572434608005,21.14023327595738,21,25
364.0,21.1400483759781,21,25
364.7572489929881,21.13947180419216,21,25
365.0,21.13928697758405,21,25
365.757249226642,21.13871062127816,21,25
366.0,21.13852586397946,21,25
366.7572492365104,21.13794972324335,21,25
367.0,21.1377650350578,21,25
367.7572492369272,21.13718910981802,21,25
368.0,21.13700449071259,21,25
368.75724923694474,21.13642878088885,21,25
369.0,21.13624423083739,21,25
369.75724923694554,21.13566873634911,21,25
370.0,21.13548425532579,21,25
370.75724923694554,21.13490897609245,21,25
371.0,21.13472456407144,21,25
371.75724923694554,21.13414950001253,21,25
372.0,21.13396515696802,21,25
372.75724923694554,21.13339030800304,21,25
373.0,21.13320603390924,21,25
373.75724923694554,21.13263139995774,21,25
374.0,21.13244719478885,21,25
374.75724923694554,21.13187277577043,21,25
375.0,21.13168863950067,21,25
375.75724923694554,21.1311144353349,21,25
376.0,21.1309303679385,21,25
376.75724923694554,21.13035637854505,21,25
377.0,21.13017237999626,21,25
377.75724923694554,21.12959860529478,21,25
378.0,21.12941467556784,21,25
378.75724923694554,21.12884111547804,21,25
379.0,21.1286572545472,21,25
379.75724923694554,21.1280839089888,21,25
380.0,21.12790011682835,21,25
380.75724923694554,21.1273192246725,21,25
381.0,21.12713301336807,21,25
381.75724923694554,21.12655233848607,21,25
382.0,21.12636619683114,21,25
382.75724923694554,21.12578573914172,21,25
383.0,21.12559966711024,21,25
383.75724923694554,21.12501942653216,21,25
384.0,21.12483342409808,21,25
384.75724923694554,21.12425340055014,21,25
385.0,21.12406746768744,21,25
385.75724923694554,21.12348766108845,21,25
386.0,21.12330179777109,21,25
386.75724923694554,21.12272220803992,21,25
387.0,21.1225364142419,21,25
387.75724923694554,21.12195704129743,21,25
388.0,21.12177131699275,21,25
388.75724923694554,21.12119216075389,21,25
389.0,21.12100650591654,21,25
389.75724923694554,21.12042756630224,21,25
390.000002,21.12024197986235,21,25
390.0,21.12024197986235,21,25
390.6639724851868,21.11967987257971,21,25
391.0,21.119395405069,21,25
391.7540207689569,21.11881938804268,21,25
392.0,21.11863148265902,21,25
392.75711249186304,21.11805332016659,21,25
393.0,21.11786784598965,21,25
393.7572434608005,21.11728979977635,21,25
394.0,21.11710449494722,21,25
394.7572489929881,21.11657923599343,21,25
395.0,21.11641085829412,21,25
395.757249226642,21.11588579564343,21,25
396.0,21.11571748108523,21,25
396.7572492365104,21.11519261481937,21,25
397.0,21.1150243632235,21,25
397.7572492369272,21.11449969327557,21,25
398.0,21.11433150461193,21,25
398.75724923694474,21.11380703090878,21,25
399.0,21.11363890515356,21,25
399.75724923694554,21.11311462762179,21,25
400.0,21.11294656475145,21,25
400.75724923694554,21.1124224833177,21,25
401.0,21.11225448330871,21,25
401.8519053915637,21.11172477995114,21,25
402.0,21.11163269910249,21,25
402.8519053915637,21.11110319387239,21,25
403.0,21.11101114746518,21,25
403.8519053915637,21.11048184028843,21,25
404.0,21.11038982830977,21,25
404.8519053915637,21.1098607191123,21,25
405.0,21.10976874154932,21,25
405.8519053915637,21.10923983025706,21,25
406.0,21.10914788709688,21,25
406.8519053915637,21.10861917363582,21,25
407.0,21.10852726486558,21,25
407.8519053915637,21.10799874916173,21,25
408.0,21.10790687476856,21,25
408.8519053915637,21.1074377754236,21,25
409.0,21.10735622965809,21,25
409.8519053915637,21.10688730577258,21,25
410.0,21.10680579050803,21,25
410.8519053915637,21.10633704201635,21,25
411.0,21.10625555724133,21,25
411.8519053915637,21.10578698407787,21,25
412.0,21.10570552978099,21,25
412.8519053915637,21.10523713188018,21,25
413.0,21.10515570805003,21,25
413.8519053915637,21.10468748534631,21,25
414.0,21.10460609197151,21,25
414.8519053915637,21.10413804439934,21,25
415.0,21.10405668146849,21,25
415.8519053915637,21.10358880896238,21,25
416.0,21.10350747646409,21,25
416.8519053915637,21.10303977895855,21,25
417.0,21.10295847688144,21,25
417.8519053915637,21.10249095431102,21,25
418.0,21.10240968264371,21,25
418.8519053915637,21.10194233494297,21,25
419.0,21.10186109367409,21,25
419.8519053915637,21.10139392077763,21,25
420.000002,21.10131270879943,21,25
420.0,21.10131270879943,21,25
420.6639724851868,21.10075124559218,21,25
421.0,21.10046710403085,21,25
422.0,21.09999466467972,21,25
423.0,21.09952240204169,21,25
424.0,21.09905031604649,21,25
425.0,21.09857840662786,21,25
426.0,21.09810667371974,21,25
427.0,21.09770482355528,21,25
428.0,21.09730312369674,21,25
429.0,21.09690157408789,21,25
430.0,21.09650017467256,21,25
431.0,21.09609892539456,21,25
432.0,21.09569782619773,21,25
433.0,21.09529687702593,21,25
434.0,21.09489607782306,21,25
435.0,21.09449542853301,21,25
436.0,21.09409492909972,21,25
437.0,21.09376577800147,21,25
438.0,21.09343675001717,21,25
439.0,21.09310784510076,21,25
440.0,21.09277906320622,21,25
441.0,21.09245040428754,21,25
442.0,21.09219410929595,21,25
443.0,21.09193791016759,21,25
444.0,21.09168180686661,21,25
445.0,21.09142579935715,21,25
446.0,21.09116988760341,21,25
447.0,21.09098458073326,21,25
448.0,21.09079934317433,21,25
449.0,21.09061417490069,21,25
450.000002,21.09042907566904,21,25
450.0,21.09042907566904,21,25
450.6639724851868,21.0898679827814,21,25
451.0,21.08958402862894,21,25
452.0,21.08947566272075,21,25
453.0,21.08936733734617,21,25
454.0,21.08933130609676,21,25
455.0,21.0892952883243,21,25
456.0,21.08925928402373,21,25
457.0,21.08922329319002,21,25
458.0,21.08925760219745,21,25
459.0,21.08929189837211,21,25
460.0,21.08932618171881,21,25
461.0,21.08936045224235,21,25
462.0,21.08939470994752,21,25
463.0,21.08949878303918,21,25
464.0,21.08960281720388,21,25
465.0,21.08970681245619,21,25
466.0,21.08981076881067,21,25
467.0,21.08991468628185,21,25
468.0,21.09001856488429,21,25
469.0,21.09012240463253,21,25
470.0,21.09022620554109,21,25
471.0,21.09032996762451,21,25
472.0,21.0904336908973,21,25
473.0,21.09053737537399,21,25
474.0,21.09064102106908,21,25
475.0,21.09074462799708,21,25
476.0,21.09084819617249,21,25
477.0,21.09095172560979,21,25
478.0,21.09105521632349,21,25
479.0,21.09115866832807,21,25
480.000002,21.09126208184476,21,25
480.0,21.09126208184476,21,25
480.6639724851868,21.09070096061378,21,25
481.0,21.09041699211751,21,25
482.0,21.09052068284112,21,25
483.0,21.09062433477984,21,25
484.0,21.09072794794909,21,25
485.0,21.09083152236341,21,25
486.0,21.09093505803731,21,25
487.0,21.09103855498526,21,25
488.0,21.09114201322176,21,25
489.0,21.09124543276129,21,25
490.0,21.09134881361831,21,25
491.0,21.0914521558073,21,25
492.0,21.09155545934272,21,25
493.0,21.09165872423903,21,25
494.0,21.09176195051068,21,25
495.0,21.09186513817212,21,25
496.0,21.09196828723778,21,25
497.0,21.09207139772212,21,25
498.0,21.09217446963955,21,25
499.0,21.09228775194173,21,25
500.0,21.0924009918724,21,25
501.0,21.09251418944739,21,25
502.0,21.09255828992272,21,25
503.0,21.09260237390294,21,25
504.0,21.09264644139422,21,25
505.0,21.09269049240273,21,25
506.75724923694554,21.09264453115327,21,25
508.0,21.09261204364001,21,25
509.0,21.09258591361171,21,25
510.000002,21.09248972116277,21,25
510.0,21.09248972116277,21,25
510.75582776621,21.09185867375154,21,25
511.0,21.0916548174649,21,25
511.47054551845565,21.09260430258358,21,25
512.0,21.09367262901126,21,25
512.4731648772255,21.09462704238011,21,25
513.0,21.0956896858073,21,25
513.4732758775481,21.09664396600239,21,25
514.0,21.09770598815325,21,25
514.4732805663259,21.09865992086484,21,25
515.0,21.09972153633204,21,25
515.4732807643583,21.1005506947403,21,25
516.0,21.10147345027747,21,25
516.4732807727221,21.10230229856633,21,25
517.0,21.10322470894622,21,25
517.4732807730754,21.10405324721763,21,25
518.0,21.10497531258338,21,25
518.4732807730903,21.10580354095272,21,25
519.0,21.10672526143395,21,25
519.473280773091,21.10755318001711,21,25
520.0,21.10847455574285,21,25
520.473280773091,21.10930216465569,21,25
521.0,21.1102231957549,21,25
521.473280773091,21.11105049511325,21,25
522.0,21.11197118171483,21,25
522.473280773091,21.11279817163447,21,25
523.0,21.11371851386728,21,25
523.473280773091,21.11454519446396,21,25
524.0,21.1154651924568,21,25
524.473280773091,21.11629156384622,21,25
525.0,21.11721121772784,21,25
525.473280773091,21.11803728002565,21,25
526.0,21.11895658992476,21,25
526.473280773091,21.11978234324657,21,25
527.0,21.12070130929184,21,25
527.473280773091,21.1215267537532,21,25
528.0,21.12244537607325,21,25
528.473280773091,21.12327051178972,21,25
529.0,21.1241887905131,21,25
529.473280773091,21.12501361760013,21,25
530.0,21.12593155285537,21,25
530.473280773091,21.12675607142842,21,25
531.0,21.12767366334397,21,25
531.473280773091,21.12849787351843,21,25
532.0,21.12941512222272,21,25
532.473280773091,21.13023902411394,21,25
533.0,21.13115592973535,21,25
533.473280773091,21.13197952345863,21,25
534.0,21.13289608612548,21,25
534.473280773091,21.1337193717961,21,25
535.0,21.13463559163667,21,25
535.473280773091,21.13545856936983,21,25
536.0,21.13637444651235,21,25
536.473280773091,21.13719711642325,21,25
537.0,21.1381126509959,21,25
537.473280773091,21.13893501319967,21,25
538.0,21.13985020533057,21,25
538.473280773091,21.14067225994231,21,25
539.0,21.14158710975956,21,25
539.473280773091,21.14253285700983,21,25
540.000002,21.14358536613867,21,25
540.0,21.14358536613867,21,25
540.6639724851868,21.14302926966201,21,25
541.0,21.14274784405995,21,25
541.4705455184557,21.14381588511655,21,25
542.0,21.14501760641176,21,25
542.4731648772255,21.14609119107659,21,25
543.0,21.14728651977256,21,25
543.4732758775481,21.14835995463509,21,25
544.0,21.14955458448006,21,25
544.3786244331519,21.15052491074972,21,25
544.757248992988,21.15149521851699,21,25
545.0,21.1521173107098,21,25
545.3786246106457,21.15319801766315,21,25
545.757249226642,21.15427870366302,21,25
546.0,21.15497156174298,21,25
546.3786246181422,21.15605186449577,21,25
546.7572492365103,21.1571321462883,21,25
547.0,21.15782474518711,21,25
547.3786246184588,21.15901233122992,21,25
547.7572492369271,21.16019989423026,21,25
548.0,21.16096127411313,21,25
548.3786246184721,21.16225205079194,21,25
548.7572492369447,21.16354280242605,21,25
549.0,21.16437033943052,21,25
549.3786246184727,21.165660633314,21,25
549.7572492369455,21.16695090216215,21,25
550.0,21.16777812963902,21,25
550.3786246184727,21.16917004187021,21,25
550.7572492369455,21.17056192709439,21,25
551.0,21.17145430367447,21,25
551.2839684638545,21.17257966307904,21,25
551.5679369277092,21.17370500610723,21,25
551.8519053915637,21.17483033275926,21,25
552.0,21.17541720391791,21,25
552.2839684638545,21.17654214239896,21,25
552.5679369277092,21.17766706450975,21,25
552.8519053915637,21.17879197025052,21,25
553.0,21.17937862189896,21,25
553.2839684638545,21.18050313961394,21,25
553.5679369277092,21.18162764096478,21,25
553.8519053915637,21.18275212595172,21,25
554.0,21.18333855817206,21,25
554.2839684638545,21.18454004587084,21,25
554.5679369277092,21.1857415160854,21,25
554.8519053915637,21.18694296881599,21,25
555.0,21.18756954062498,21,25
555.2839684638545,21.18877057892562,21,25
555.5679369277092,21.18997159974857,21,25
555.8519053915637,21.1911726030941,21,25
556.0,21.19179894054346,21,25
556.2839684638545,21.19299952961405,21,25
556.5679369277092,21.19420010121349,21,25
556.8519053915637,21.19540065534204,21,25
557.0,21.19602675851943,21,25
557.2839684638545,21.19722813619084,21,25
557.5679369277092,21.19842949637964,21,25
557.8519053915637,21.19963083908607,21,25
558.0,21.20025735351615,21,25
558.2839684638545,21.20145828183058,21,25
558.5679369277092,21.20265919266892,21,25
558.8519053915637,21.20386008603144,21,25
559.0,21.20448636612335,21,25
559.2839684638545,21.20568684524887,21,25
559.5679369277092,21.20688730690483,21,25
559.8519053915637,21.20808775109151,21,25
560.0,21.20871379693291,21,25
560.2839684638545,21.20991382703752,21,25
560.5679369277092,21.21111383967911,21,25
560.8519053915637,21.21231383485796,21,25
561.0,21.21293964653646,21,25
561.2839684638545,21.21413922778811,21,25
561.5679369277092,21.21533879158329,21,25
561.8519053915637,21.21653833792224,21,25
562.0,21.21716391552544,21,25
562.2839684638545,21.21836304809202,21,25
562.5679369277092,21.21956216320866,21,25
562.8519053915637,21.22076126087561,21,25
563.0,21.22138660449104,21,25
563.2839684638545,21.22258528854039,21,25
563.5679369277092,21.22378395514631,21,25
563.8519053915637,21.22498260430907,21,25
564.0,21.22560771402426,21,25
564.2839684638545,21.22680594972413,21,25
564.5679369277092,21.22800416798709,21,25
564.8519053915637,21.22920236881341,21,25
565.0,21.22982724471585,21,25
565.2839684638545,21.23102503223393,21,25
565.5679369277092,21.23222280232164,21,25
565.8519053915637,21.23342055497923,21,25
566.0,21.23404519715637,21,25
566.2839684638545,21.23524253666031,21,25
566.5679369277092,21.23643985874038,21,25
566.8519053915637,21.23763716339685,21,25
567.0,21.23826157193612,21,25
567.2839684638545,21.23945846359348,21,25
567.5679369277092,21.24065533783349,21,25
567.8519053915637,21.24185219465643,21,25
568.0,21.24247636964521,21,25
568.2839684638545,21.2436728136235,21,25
568.5679369277092,21.24486924019097,21,25
568.8519053915637,21.24606564934787,21,25
569.0,21.24668959087352,21,25
569.2839684638545,21.24788558734019,21,25
569.5679369277092,21.24908156640255,21,25
569.8519053915637,21.25027752806086,21,25
570.000002,21.25090124463103,21,25
570.0,21.25090124463103,21,25
570.75582776621,21.25027955452401,21,25
571.0,21.25007872106142,21,25
572.0,21.25018532165964,21,25
573.0,21.25029188238455,21,25
574.0,21.25039840325201,21,25
575.0,21.25055754861968,21,25
576.0,21.25071663446146,21,25
577.0,21.25093304775146,21,25
578.0,21.25120686162552,21,25
579.0,21.25153700479482,21,25
580.0,21.2519228713812,21,25
581.0,21.25236730941685,21,25
582.0,21.25286419669453,21,25
582.8519053915637,21.25334715764506,21,25
583.0,21.25343111303926,21,25
583.8519053915637,21.25391389334562,21,25
584.0,21.25399781733757,21,25
584.7572492369455,21.2545317761965,21,25
585.0,21.25470294252166,21,25
585.7572492369455,21.25528166336883,21,25
586.0,21.25546717863662,21,25
586.7572492369455,21.25604568302209,21,25
587.0,21.25623112890072,21,25
587.6625930823274,21.2567785762149,21,25
588.0,21.25705734119458,21,25
588.6625930823274,21.25764181135139,21,25
589.0,21.25793942868765,21,25
589.6625930823274,21.2585579562017,21,25
590.0,21.25887291584334,21,25
590.6625930823274,21.25949121200661,21,25
591.0,21.2598060538424,21,25
591.6625930823274,21.26042411874142,21,25
592.0,21.26073884281543,21,25
592.6625930823274,21.26139541860737,21,25
593.0,21.26172975276622,21,25
593.6625930823274,21.26242252619518,21,25
594.0,21.26277529250867,21,25
594.5679369277092,21.2634012991793,21,25
595.0,21.26387752706057,21,25
595.5679369277092,21.26450329958296,21,25
596.0,21.26497934933845,21,25
596.5679369277092,21.26560488780018,21,25
597.0,21.26608075949652,21,25
597.5679369277092,21.26670606398513,21,25
598.0,21.26718175768893,21,25
598.5679369277092,21.26780682829192,21,25
599.0,21.26828234406975,21,25
599.5679369277092,21.26890718087463,21,25
600.000002,21.26938252099261,21,25
600.0,21.26938252099261,21,25
600.75582776621,21.2687601150612,21,25
601.0,21.26855905035559,21,25
601.6594846189682,21.26928453678759,21,25
602.0,21.26965912159174,21,25
602.5678120160466,21.27028352856754,21,25
603.0,21.27075878135283,21,25
603.5679316513655,21.27141357827503,21,25
604.0,21.27191171874339,21,25
604.5679367048609,21.27256627657293,21,25
605.0,21.27306422489528,21,25
605.5679369182972,21.27371853814335,21,25
606.0,21.27421629996984,21,25
606.5679369273116,21.27484017523507,21,25
607.0,21.27531478167324,21,25
607.6625930823096,21.27600262157007,21,25
608.0,21.27635287568571,21,25
608.6625930823266,21.27704045830654,21,25
609.0,21.27739058141494,21,25
609.6625930823274,21.27804049855785,21,25
610.0,21.27837144207415,21,25
610.6625930823274,21.27898641088395,21,25
611.0,21.27929955840214,21,25
611.6625930823274,21.27991429719224,21,25
612.0,21.28022732758237,21,25
612.6625930823274,21.28080723877643,21,25
613.0,21.28110253464882,21,25
613.6625930823274,21.2816744227719,21,25
614.0,21.2819656332261,21,25
614.7572492369455,21.28257919955622,21,25
615.0,21.28277588492291,21,25
615.7572492369455,21.2833892217579,21,25
616.0,21.28358583355744,21,25
616.7572492369455,21.28419894098314,21,25
617.0,21.28439547924303,21,25
617.7572492369455,21.28500835734526,21,25
618.0,21.28520482209301,21,25
618.7572492369455,21.28581747095753,21,25
619.0,21.28601386222064,21,25
619.7572492369455,21.2866262819332,21,25
620.0,21.28682259973915,21,25
620.7572492369455,21.28743479038546,21,25
621.0,21.28763103476174,21,25
621.7572492369455,21.28824299642747,21,25
622.0,21.28843916740154,21,25
622.7572492369455,21.28905090017235,21,25
623.0,21.28924699777165,21,25
623.7572492369455,21.28985850173315,21,25
624.0,21.29005452598513,21,25
624.7572492369455,21.29062525487525,21,25
625.0,21.29080820823421,21,25
625.7572492369455,21.2913787236519,21,25
626.0,21.29156160857994,21,25
626.7572492369455,21.2920909918345,21,25
627.0,21.29226069139987,21,25
627.7572492369455,21.29278987664671,21,25
628.0,21.29295951273854,21,25
628.7572492369455,21.29348850005171,21,25
629.0,21.29365807269375,21,25
629.7572492369455,21.29418686214728,21,25
630.000002,21.29435637287865,21,25
630.0,21.29435637287865,21,25
630.75582776621,21.29374849261422,21,25
631.0,21.29355212034293,21,25
631.7540207689569,21.29417679969426,21,25
632.0,21.29438057945737,21,25
632.6624614087364,21.2949292011416,21,25
633.0,21.29520872869164,21,25
633.662587520383,21.29579309714875,21,25
634.0,21.29609067010171,21,25
634.6625928474167,21.29667482468103,21,25
635.0,21.29697228163502,21,25
635.6625930724059,21.29755621791852,21,25
636.0,21.297853563415,21,25
636.6625930819083,21.2984372812944,21,25
637.0,21.29873451556496,21,25
637.6625930823096,21.29931801511395,21,25
638.0,21.29961513820821,21,25
638.6625930823266,21.30019841950812,21,25
639.0,21.300495431468,21,25
639.6625930823274,21.30104404838443,21,25
640.0,21.30132340893586,21,25
640.6625930823274,21.3018718206505,21,25
641.0,21.30215107671137,21,25
641.6625930823274,21.30269928330097,21,25
642.0,21.30297843491038,21,25
642.7572492369455,21.30356229450016,21,25
643.0,21.30374945704785,21,25
643.7572492369455,21.30433309825386,21,25
644.0,21.30452019079625,21,25
644.7572492369455,21.30510361370017,21,25
645.0,21.30529063626344,21,25
645.7572492369455,21.30587384094693,21,25
646.0,21.30606079355726,21,25
646.7572492369455,21.30664378010194,21,25
647.0,21.3068306627855,21,25
647.7572492369455,21.30741343127295,21,25
648.0,21.3076002440559,21,25
648.7572492369455,21.30818279456768,21,25
649.0,21.30836953747616,21,25
649.7572492369455,21.30895187009382,21,25
650.0,21.30913854315396,21,25
650.7572492369455,21.30972065795898,21,25
651.0,21.30990726119691,21,25
651.7572492369455,21.31048915827077,21,25
652.0,21.31067569171261,21,25
652.7572492369455,21.31125737113674,21,25
653.0,21.31144383480859,21,25
653.7572492369455,21.31202529666442,21,25
654.0,21.31221169059237,21,25
654.7572492369455,21.31279293496126,21,25
655.0,21.31297925917141,21,25
655.7572492369455,21.31356028613471,21,25
656.0,21.31374654065313,21,25
656.7572492369455,21.31432735029216,21,25
657.0,21.31451353514492,21,25
657.7572492369455,21.31509412754097,21,25
658.0,21.31528024275413,21,25
658.7572492369455,21.31586061798844,21,25
659.0,21.31604666358804,21,25
659.7572492369455,21.31662682174185,21,25
660.000002,21.31681279928566,21,25
660.0,21.31681279928566,21,25
660.75582776621,21.31620404922968,21,25
661.0,21.31600739597717,21,25
661.5649884367042,21.31672561617806,21,25
662.0,21.31727859394549,21,25
662.5678120160466,21.31800013347217,21,25
663.0,21.31854931642982,21,25
663.5679316513655,21.31927073804118,21,25
664.0,21.31981956361929,21,25
664.5679367048609,21.32054072181066,21,25
665.0,21.32108933569216,21,25
665.5679369182972,21.32181022441622,21,25
666.0,21.32235863282617,21,25
666.5679369273116,21.32307925192423,21,25
667.0,21.32362745519894,21,25
667.5679369276924,21.32434780476091,21,25
668.0,21.32489580298807,21,25
668.5679369277084,21.32557316409261,21,25
669.0,21.32608845931038,21,25
669.5679369277092,21.32676556705834,21,25
670.0,21.3272806695378,21,25
670.5679369277092,21.32795752402394,21,25
671.0,21.32847243383717,21,25
671.5679369277092,21.32913899863524,21,25
672.0,21.32964608067829,21,25
672.5679369277092,21.33031239615796,21,25
673.0,21.33081928853472,21,25
673.5679369277092,21.33148535478925,21,25
674.0,21.33199205757064,21,25
674.5679369277092,21.33265787469325,21,25
675.0,21.3331643879502,21,25
675.5679369277092,21.33378905258275,21,25
676.0,21.3342642595229,21,25
676.5679369277092,21.33488869050917,21,25
677.0,21.33536371970541,21,25
677.6625930823274,21.33604594338957,21,25
678.0,21.33639333768036,21,25
678.6625930823274,21.33707530618916,21,25
679.0,21.33742257054242,21,25
679.6625930823274,21.3381042839713,21,25
680.0,21.33845141843563,21,25
680.6625930823274,21.33913287688,21,25
681.0,21.33947988150397,21,25
681.6625930823274,21.34011381011704,21,25
682.0,21.34043661213354,21,25
682.6625930823274,21.34107030363527,21,25
683.0,21.3413929849126,21,25
683.6625930823274,21.3420264393917,21,25
684.0,21.34234899997502,21,25
684.6625930823274,21.34298221752013,21,25
685.0,21.34330465745459,21,25
685.6625930823274,21.34393763815434,21,25
686.0,21.34425995748506,21,25
686.6625930823274,21.34489270142804,21,25
687.0,21.34521490020012,21,25
687.6625930823274,21.34584740747488,21,25
688.0,21.34616948573344,21,25
688.6625930823274,21.3468017564285,21,25
689.0,21.34712371421859,21,25
689.6625930823274,21.3478040330071,21,25
690.000002,21.34815045835512,21,25
690.0,21.34815045835512,21,25
690.75582776621,21.34756373396276,21,25
691.0,21.34737419597595,21,25
691.2818961722951,21.34922324444658,21,25
691.5649884367042,21.35108011157306,21,25
691.8485869058321,21.3529402719941,21,25
692.0,21.35393339936789,21,25
692.2838806163512,21.3558960260229,21,25
692.5678120160466,21.35785897521168,21,25
692.851764842837,21.35982204397091,21,25
693.0,21.36084683557507,21,25
693.2839647530238,21.36289006530846,21,25
693.5679316513655,21.36493328074482,21,25
693.8518994547682,21.36697647296018,21,25
694.0,21.3680420670598,21,25
694.2839683071261,21.37016041330039,21,25
694.5679367048609,21.37227872939041,21,25
694.8519051408211,21.37439701493956,21,25
695.0,21.37550172788602,21,25
695.2839684572351,21.37761928291087,21,25
695.5679369182972,21.37973680714929,21,25
695.8519053809736,21.38185430058522,21,25
696.0,21.38295859853991,21,25
696.1893123090248,21.3844193881694,21,25
696.3786246181422,21.38588016362782,21,25
696.5679369273116,21.387340924915,21,25
696.7572492365103,21.3888016720309,21,25
697.0,21.39067473285338,21,25
697.1893123092275,21.39213497609836,21,25
697.3786246184588,21.39359520517689,21,25
697.5679369276924,21.39505542008909,21,25
697.7572492369271,21.3965156208351,21,25
698.0,21.39838798106453,21,25
698.189312309236,21.39984767812787,21,25
698.3786246184721,21.40130736103002,21,25
698.5679369277084,21.40276702977114,21,25
698.7572492369447,21.40422668435134,21,25
699.0,21.40609834425286,21,25
699.1893123092364,21.40755749533879,21,25
699.3786246184727,21.40901663226882,21,25
699.5679369277092,21.41047575504311,21,25
699.7572492369455,21.41193486366179,21,25
700.0,21.41380582349747,21,25
700.1893123092364,21.41526442881019,21,25
700.3786246184727,21.41672301997232,21,25
700.5679369277092,21.418181596984,21,25
700.7572492369455,21.41964015984536,21,25
701.0,21.42151041987706,21,25
701.1893123092364,21.42296847962071,21,25
701.3786246184727,21.42442652521907,21,25
701.5679369277092,21.42588455667226,21,25
701.7572492369455,21.42734257398044,21,25
702.0,21.4292121344699,21,25
702.2839684638545,21.43132009697954,21,25
702.5679369277092,21.4334280288138,21,25
702.8519053915637,21.43553592997315,21,25
703.0,21.43663522535859,21,25
703.2839684638545,21.438742399417,21,25
703.5679369277092,21.44084954281152,21,25
703.8519053915637,21.44295665554259,21,25
704.0,21.44405553975336,21,25
704.2839684638545,21.44616192565547,21,25
704.5679369277092,21.44826828090515,21,25
704.8519053915637,21.45037460550285,21,25
705.0,21.45147307869275,21,25
705.1893123092364,21.45292716804228,21,25
705.3786246184727,21.45438124328503,21,25
705.5679369277092,21.45583530442115,21,25
705.7572492369455,21.45728935145075,21,25
706.0,21.45915382100207,21,25
706.1893123092364,21.46065709072311,21,25
706.3786246184727,21.46216034586026,21,25
706.5679369277092,21.46366358641365,21,25
706.7572492369455,21.46516681238342,21,25
707.0,21.46709434223103,21,25
707.1893123092364,21.46864686047025,21,25
707.3786246184727,21.47019936364779,21,25
707.5679369277092,21.4717518517638,21,25
707.7572492369455,21.47330432481842,21,25
708.0,21.47529500234166,21,25
708.1893123092364,21.4769082786474,21,25
708.3786246184727,21.47852153930202,21,25
708.5679369277092,21.48013478430567,21,25
708.7572492369455,21.4817480136585,21,25
709.0,21.48381659668669,21,25
709.1893123092364,21.4854811051448,21,25
709.3786246184727,21.48714559745476,21,25
709.5679369277092,21.48881007361672,21,25
709.7572492369455,21.49047453363085,21,25
710.0,21.4926088077998,21,25
710.1893123092364,21.49427269367392,21,25
710.3786246184727,21.49593656340592,21,25
710.5679369277092,21.49760041699597,21,25
710.7572492369455,21.49926425444422,21,25
711.0,21.50139773032048,21,25
711.1893123092364,21.50306099384347,21,25
711.3786246184727,21.50472424123038,21,25
711.5679369277092,21.50638747248138,21,25
711.7572492369455,21.50805068759662,21,25
712.0,21.51018336547877,21,25
712.1893123092364,21.51184600688341,21,25
712.3786246184727,21.51350863215801,21,25
712.5679369277092,21.51517124130273,21,25
712.7572492369455,21.51683383431774,21,25
713.0,21.51896571450427,21,25
713.1893123092364,21.52062773402325,21,25
713.3786246184727,21.52228973741823,21,25
713.5679369277092,21.52395172468937,21,25
713.7572492369455,21.52561369583682,21,25
714.0,21.52774477862609,21,25
714.1893123092364,21.52940617649203,21,25
714.3786246184727,21.53106755824,21,25
714.5679369277092,21.53272892387016,21,25
714.7572492369455,21.53439027338265,21,25
715.0,21.53652055907292,21,25
715.1893123092364,21.53818133551833,21,25
715.3786246184727,21.5398420958518,21,25
715.5679369277092,21.54150284007349,21,25
715.7572492369455,21.54316356818354,21,25
716.0,21.54529305707294,21,25
716.1893123092364,21.54695321233026,21,25
716.3786246184727,21.54861335148167,21,25
716.5679369277092,21.55027347452731,21,25
716.7572492369455,21.55193358146736,21,25
717.0,21.55406227385392,21,25
717.1893123092364,21.5557218081555,21,25
717.3786246184727,21.55738132635718,21,25
717.5679369277092,21.55904082845913,21,25
717.7572492369455,21.5607003144615,21,25
718.0,21.56282821064315,21,25
718.1893123092364,21.56448712422124,21,25
718.3786246184727,21.56614602170546,21,25
718.5679369277092,21.56780490309596,21,25
718.7572492369455,21.56946376839291,21,25
719.0,21.57159086866746,21,25
719.1893123092364,21.57324916175423,21,25
719.3786246184727,21.57490743875315,21,25
719.5679369277092,21.57656569966438,21,25
719.7572492369455,21.57822394448807,21,25
720.0,21.58035024915321,21,25
720.000002,21.58035025211102,21,25
720.0,21.58035025211102,21,25
720.75582776621,21.57975453406078,21,25
721.0,21.57956209072379,21,25
721.5649884367042,21.58039781071767,21,25
722.0,21.58104125485339,21,25
722.5678120160466,21.58184109319852,21,25
723.0,21.582449871473,21,25
723.5679316513655,21.58324957910707,21,25
724.0,21.5838579612205,21,25
724.5679367048609,21.58461792372104,21,25
725.0,21.58519605759267,21,25
725.5679369182972,21.58595573612632,21,25
726.0,21.5865336534703,21,25
726.5679369273116,21.58724917576405,21,25
727.0,21.58779350169937,21,25
727.5679369276924,21.5885087563634,21,25
728.0,21.58905287870143,21,25
728.5679369277084,21.58972326917257,21,25
729.0,21.59023326155552,21,25
729.5679369277092,21.59090340127733,21,25
730.0,21.5914132029054,21,25
730.5679369277092,21.59207974646468,21,25
731.0,21.59258681235056,21,25
731.5679369277092,21.59321363316338,21,25
732.0,21.59369048039461,21,25
732.5679369277092,21.59431706675467,21,25
733.0,21.59479373562847,21,25
733.5679369277092,21.59542008762346,21,25
734.0,21.59589657820654,21,25
734.5679369277092,21.59652269592412,21,25
735.0,21.59699900828316,21,25
735.5679369277092,21.59762489181096,21,25
736.0,21.59810102601264,21,25
736.5679369277092,21.59876887879498,21,25
737.0,21.59927694065831,21,25
737.5679369277092,21.5999445436405,21,25
738.0,21.60045241547104,21,25
738.5679369277092,21.60116340450591,21,25
739.0,21.60170428181212,21,25
739.5679369277092,21.60241500491238,21,25
740.0,21.60295567991168,21,25
740.5679369277092,21.60366613717682,21,25
741.0,21.60420660994489,21,25
741.5679369277092,21.60491680147432,21,25
742.0,21.6054570720868,21,25
742.5679369277092,21.60616699797992,21,25
743.0,21.60670706651242,21,25
743.5679369277092,21.60741672686859,21,25
744.0,21.60795659339669,21,25
744.5679369277092,21.60866598831523,21,25
745.0,21.6092056529145,21,25
745.5679369277092,21.60991478249469,21,25
746.0,21.61045424524064,21,25
746.5679369277092,21.61112307631502,21,25
747.0,21.61163188240355,21,25
747.5679369277092,21.61225731934407,21,25
748.0,21.61273311380925,21,25
748.5679369277092,21.61335831681462,21,25
749.0,21.61383393331614,21,25
749.6625930823274,21.61451283495572,21,25
750.0,21.61485853763224,21,25
750.000002,21.61485854814232,21,25
750.0,21.61485854814232,21,25
750.75582776621,21.61426923998479,21,25
751.0,21.6140788673273,21,25
752.0,21.61451727418669,21,25
753.0,21.61489154430935,21,25
754.0,21.61526567444184,21,25
755.0,21.61558554378831,21,25
756.0,21.6158424367631,21,25
757.0,21.61609923365097,21,25
758.0,21.61630091199321,21,25
759.0,21.61644784076941,21,25
760.0,21.61659471458914,21,25
761.0,21.6166865440807,21,25
762.0,21.61677833922482,21,25
763.0,21.61681782976783,21,25
764.0,21.61685730554001,21,25
765.0,21.61689676654688,21,25
767.0,21.61686874668155,21,25
769.0,21.61684074777309,21,25
770.0,21.616774794862,21,25
771.0,21.61670886661959,21,25
772.0,21.61664296303664,21,25
773.0,21.61657708410391,21,25
774.0,21.61645922751747,21,25
775.0,21.61634141501348,21,25
776.0,21.61622364657547,21,25
777.0,21.61610592218694,21,25
778.0,21.61598824183142,21,25
779.0,21.61587060549245,21,25
780.000002,21.61575301291846,21,25
780.0,21.61575301291846,21,25
780.75582776621,21.61516367011616,21,25
781.0,21.61497328626687,21,25
782.0,21.6148560295554,21,25
783.0,21.61473881670312,21,25
784.0,21.61462164769255,21,25
785.0,21.61450452250726,21,25
786.0,21.61438744113087,21,25
787.0,21.61432567194521,21,25
788.0,21.61426392586337,21,25
790.0,21.61424663779297,21,25
795.0,21.61424762037145,21,25
796.0,21.61419158672255,21,25
797.0,21.61413557403218,21,25
798.0,21.6140795822925,21,25
799.0,21.61397054361892,21,25
800.0,21.61386154572959,21,25
801.0,21.61375258860927,21,25
802.0,21.61364367224269,21,25
803.0,21.61353479661462,21,25
804.0,21.61342596170981,21,25
805.0,21.61336926438605,21,25
806.0,21.61331258826906,21,25
807.0,21.61325593335089,21,25
810.000002,21.61324622304002,21,25
810.0,21.61324622304002,21,25
810.75582776621,21.61264535760838,21,25
811.0,21.61245125143903,21,25
811.6594846189682,21.61316054468471,21,25
812.0,21.61352676858608,21,25
812.6624614087364,21.61416880239153,21,25
813.0,21.61449592423495,21,25
813.662587520383,21.61506527593597,21,25
814.0,21.61535520203461,21,25
814.757248992988,21.61591546160696,21,25
815.0,21.61609505915048,21,25
815.8519053809736,21.6166355877817,21,25
816.0,21.61672955044694,21,25
816.8519053911165,21.61717567205236,21,25
817.0,21.61725322348863,21,25
818.0,21.61766446775799,21,25
819.0,21.61807555820771,21,25
820.0,21.61837809556815,21,25
821.0,21.61857077112503,21,25
822.0,21.61876337461456,21,25
823.0,21.61882239935397,21,25
824.0,21.6187665083132,21,25
825.0,21.61871063817762,21,25
826.0,21.61865478893943,21,25
827.0,21.61849467226647,21,25
828.0,21.61833461548271,21,25
829.0,21.61817461856575,21,25
830.0,21.61791094802817,21,25
831.0,21.61764737611254,21,25
832.0,21.61738390278196,21,25
833.0,21.61712052799957,21,25
834.0,21.61675127360546,21,25
835.0,21.61638215732532,21,25
836.0,21.6160131791075,21,25
837.0,21.61564433890035,21,25
838.0,21.61527563665226,21,25
839.0,21.6149070723116,21,25
840.000002,21.61453864509023,21,25
840.0,21.61453864509023,21,25
840.75582776621,21.61393772959996,21,25
841.0,21.61374360725947,21,25
842.0,21.61388101079123,21,25
843.0,21.61401836292803,21,25
844.0,21.6141556636903,21,25
845.0,21.61429291309731,21,25
846.0,21.61443011116828,21,25
847.0,21.61457020320523,21,25
848.0,21.61471024284288,21,25
849.0,21.61485023010085,21,25
850.0,21.61499016499873,21,25
851.0,21.61513004755609,21,25
852.0,21.61526987779251,21,25
853.0,21.61540965572756,21,25
854.0,21.61554938138082,21,25
855.0,21.61568905477183,21,25
856.0,21.61582867592012,21,25
857.0,21.61596824484527,21,25
858.0,21.61610776156678,21,25
859.0,21.61624722610419,21,25
860.0,21.61638663847702,21,25
861.0,21.61652599870477,21,25
862.0,21.61666530680698,21,25
863.0,21.6168045628031,21,25
864.0,21.61694376671264,21,25
865.0,21.61708291855508,21,25
866.0,21.61743233523899,21,25
867.0,21.61778162122892,21,25
868.0,21.61813077657376,21,25
869.0,21.61847980132237,21,25
870.000002,21.61882869622114,21,25
870.0,21.61882869622114,21,25
870.75582776621,21.61822374132574,21,25
871.0,21.61802831407832,21,25
871.7540207689569,21.61856100434751,21,25
872.0,21.61873477589388,21,25
872.757112491863,21.61926945025186,21,25
873.0,21.61944097346164,21,25
873.7572434608005,21.61997554028673,21,25
874.0,21.62014690688668,21,25
874.757248992988,21.62068127766905,21,25
875.0,21.6208525762681,21,25
875.757249226642,21.62138674734204,21,25
876.0,21.62155798170464,21,25
876.7572492365103,21.62209195298701,21,25
877.0,21.62226312329504,21,25
877.7572492369271,21.62279689485389,21,25
878.0,21.62296800113799,21,25
878.7572492369447,21.62350157304775,21,25
879.0,21.62367261533214,21,25
880.0,21.62411536243464,21,25
881.0,21.62455794393435,21,25
882.0,21.6250003598932,21,25
883.0,21.62544261037311,21,25
884.0,21.62588469543598,21,25
885.0,21.62632661514367,21,25
886.0,21.62676836955804,21,25
887.0,21.6272099587409,21,25
888.0,21.62765138275407,21,25
889.0,21.62809264165932,21,25
890.0,21.62853373551841,21,25
891.0,21.62897466439307,21,25
892.0,21.62941542834502,21,25
893.0,21.62985602743593,21,25
894.0,21.63029646172747,21,25
895.0,21.63073673128129,21,25
896.0,21.63117683615899,21,25
897.0,21.63161677642218,21,25
898.0,21.6317980539114,21,25
899.0,21.63197926359653,21,25
900.000002,21.63216040586511,21,25
900.0,21.63216040586511,21,25
900.75582776621,21.63155493460044,21,25
901.0,21.63135934054287,21,25
901.7540207689569,21.63079557048315,21,25
902.0,21.63061166024348,21,25
902.757112491863,21.63004579033339,21,25
903.0,21.62986425960942,21,25
903.7572434608005,21.62929850350621,21,25
904.0,21.62911713852945,21,25
904.757248992988,21.62855158990708,21,25
905.0,21.62837029689874,21,25
905.757249226642,21.62780942029106,21,25
906.0,21.62762962517841,21,25
906.7572492365103,21.62706895835076,21,25
907.0,21.62688923049505,21,25
907.7572492369271,21.62632877337596,21,25
908.0,21.62614911274501,21,25
908.7572492369447,21.62558886525634,21,25
909.0,21.62540927182473,21,25
909.7572492369455,21.62484923388809,21,25
910.0,21.62466970763066,21,25
910.7572492369455,21.62410987916766,21,25
911.0,21.62393042005929,21,25
911.7572492369455,21.62337080099159,21,25
912.0,21.62319140900716,21,25
912.7572492369455,21.62263199925644,21,25
913.0,21.62245267437084,21,25
913.7572492369455,21.62184081899282,21,25
914.0,21.62164468209044,21,25
914.7572492369455,21.62103305556759,21,25
915.0,21.62083699202724,21,25
915.7572492369455,21.62022559427396,21,25
916.0,21.62002960406818,21,25
916.7572492369455,21.6194184349989,21,25
917.0,21.61922251810027,21,25
917.7572492369455,21.61861157762946,21,25
918.0,21.61841573401055,21,25
918.7572492369455,21.6178050220527,21,25
919.0,21.61760925168611,21,25
919.7572492369455,21.61699876815576,21,25
920.0,21.61680307101408,21,25
920.7572492369455,21.61619281582578,21,25
921.0,21.61599719188164,21,25
921.7572492369455,21.61538716494997,21,25
922.0,21.61519161417598,21,25
922.6625930823274,21.61461209675242,21,25
923.0,21.61431700139141,21,25
923.6625930823274,21.6137377007275,21,25
924.0,21.61344271574241,21,25
924.6625930823274,21.61286363175708,21,25
925.0,21.61256875710663,21,25
925.6625930823274,21.61198988971882,21,25
926.0,21.61169512536173,21,25
926.6625930823274,21.61111647449044,21,25
927.0,21.61082182038546,21,25
927.6625930823274,21.6102433859497,21,25
928.0,21.6099488420556,21,25
928.6625930823274,21.60937062397442,21,25
929.0,21.60907619024997,21,25
929.6625930823274,21.60849818844244,21,25
930.000002,21.60820386310239,21,25
930.0,21.60820386310239,21,25
930.75582776621,21.60759157325015,21,25
931.0,21.60739377648654,21,25
932.0,21.60706924097139,21,25
933.0,21.60674482684682,21,25
934.0,21.60642053406453,21,25
935.0,21.606096362579,21,25
936.0,21.60577231234487,21,25
937.0,21.60544838331679,21,25
937.8519053915448,21.60495204313663,21,25
938.0,21.60486576196744,21,25
938.8519053915629,21.60436960743573,21,25
939.0,21.60428335853871,21,25
939.8519053915637,21.60378738958604,21,25
940.0,21.6037011729491,21,25
940.8519053915637,21.60320538950605,21,25
941.0,21.60311920511713,21,25
941.8519053915637,21.60262360711431,21,25
942.0,21.60253745496135,21,25
942.8519053915637,21.60204204232941,21,25
943.0,21.60195592240034,21,25
943.8519053915637,21.60146069506994,21,25
944.0,21.60137460735271,21,25
944.8519053915637,21.60087956525453,21,25
945.0,21.60079350973711,21,25
945.8519053915637,21.60029865280188,21,25
946.0,21.6002126294722,21,25
946.8519053915637,21.59971795763066,21,25
947.0,21.5996319664767,21,25
947.8519053915637,21.59913747965961,21,25
948.0,21.59905152066933,21,25
948.8519053915637,21.59855721880749,21,25
949.0,21.59847129196885,21,25
949.8519053915637,21.59797717499308,21,25
950.0,21.59789128029408,21,25
950.8519053915637,21.59739734813522,21,25
951.0,21.59731148556382,21,25
951.8519053915637,21.59681773815276,21,25
952.0,21.59673190769694,21,25
952.8519053915637,21.59623834496456,21,25
953.0,21.59615254661232,21,25
953.8519053915637,21.59565916848955,21,25
954.0,21.59557340222887,21,25
954.8519053915637,21.59508020864666,21,25
955.0,21.59499447446553,21,25
955.8519053915637,21.59450146535486,21,25
956.0,21.5944157632413,21,25
956.8519053915637,21.59392293853317,21,25
957.0,21.59383726847518,21,25
957.8519053915637,21.5933446281006,21,25
958.0,21.59325899008619,21,25
958.8519053915637,21.59276653397623,21,25
959.0,21.59268092799342,21,25
959.8519053915637,21.59218865607915,21,25
960.000002,21.59210308018094,21,25
960.0,21.59210308018094,21,25
960.75582776621,21.59149141395084,21,25
961.0,21.59129381864483,21,25
961.8485869058321,21.59080390453654,21,25
962.0,21.59071649158886,21,25
962.851764842837,21.59022241804191,21,25
963.0,21.59013643519579,21,25
963.8518994547682,21.58964246839781,21,25
964.0,21.58955659576419,21,25
964.8519051408211,21.58906281043125,21,25
965.0,21.5889769732127,21,25
965.8519053809736,21.58848337243349,21,25
966.0,21.58839756746017,21,25
966.8519053911165,21.58790415129893,21,25
967.0,21.58781837842553,21,25
967.8519053915448,21.58732514681882,21,25
968.0,21.58723940602771,21,25
968.8519053915629,21.58674635890675,21,25
969.0,21.58666065018569,21,25
969.8519053915637,21.58616778748148,21,25
970.0,21.58608211081845,21,25
970.8519053915637,21.58558943246203,21,25
971.0,21.58550378784505,21,25
971.8519053915637,21.58501129376744,21,25
972.0,21.58492568118452,21,25
972.8519053915637,21.58443337131681,21,25
973.0,21.58434779075598,21,25
973.8519053915637,21.58385566502927,21,25
974.0,21.58377011647854,21,25
974.8519053915637,21.58327817482395,21,25
975.0,21.58319265827134,21,25
975.8519053915637,21.58270090062002,21,25
976.0,21.58261541605358,21,25
976.8519053915637,21.58212384233671,21,25
977.0,21.58203838974446,21,25
977.8519053915637,21.58154699989324,21,25
978.0,21.58146157926323,21,25
978.8519053915637,21.58097037320889,21,25
979.0,21.58088498452917,21,25
979.8519053915637,21.58039396220295,21,25
980.0,21.58030860546156,21,25
980.8519053915637,21.57981776679476,21,25
981.0,21.57973244197976,21,25
981.8519053915637,21.57924178690367,21,25
982.0,21.57915649400312,21,25
982.8519053915637,21.57866602244907,21,25
983.0,21.57858076145102,21,25
983.8519053915637,21.57809047335037,21,25
984.0,21.5780052442429,21,25
984.8519053915637,21.57751513952703,21,25
985.0,21.5774299422982,21,25
985.8519053915637,21.57694002089853,21,25
986.0,21.57685485553643,21,25
986.8519053915637,21.57636511738438,21,25
987.0,21.57627998387709,21,25
987.8519053915637,21.57579042890413,21,25
988.0,21.57570532723973,21,25
988.8519053915637,21.57521595537733,21,25
989.0,21.57513088554391,21,25
989.8519053915637,21.5746416967236,21,25
990.000002,21.57455665756119,21,25
990.0,21.57455665756119,21,25
990.75582776621,21.57394954418747,21,25
991.0,21.57375341965588,21,25
991.6594846189682,21.57313938417242,21,25
992.0,21.57282234397543,21,25
992.6624614087364,21.5722057676121,21,25
993.0,21.57189161655827,21,25
993.662587520383,21.57127515348552,21,25
994.0,21.57096123726586,21,25
994.6625928474167,21.57034499981745,21,25
995.0,21.57003120596763,21,25
995.6625930724059,21.56941519880428,21,25
996.0,21.56910152253343,21,25
996.6625930819083,21.56848574576934,21,25
997.0,21.56817218683314,21,25
997.6625930823096,21.56755664039057,21,25
998.0,21.56724319873669,21,25
998.6625930823266,21.56662788252986,21,25
999.0,21.56631455811406,21,25
999.6625930823274,21.56569947205687,21,25
1000.0,21.56538626483529,21,25
1000.6625930823274,21.56477140884166,21,25
1001.0,21.56445831877046,21,25
1001.6625930823274,21.56384369275433,21,25
1002.0,21.5635307197897,21,25
1002.6625930823274,21.56291632366505,21,25
1003.0,21.56260346776318,21,25
1003.6625930823274,21.56198930144403,21,25
1004.0,21.56167656256113,21,25
1004.6625930823274,21.56106262596153,21,25
1005.0,21.56075000405384,21,25
1005.6625930823274,21.56013629708785,21,25
1006.0,21.55982379211162,21,25
1006.6625930823274,21.55921031469336,21,25
1007.0,21.55889792660485,21,25
1007.6625930823274,21.55828467864846,21,25
1008.0,21.55797240740394,21,25
1008.6625930823274,21.5573593888236,21,25
1009.0,21.55704723437938,21,25
1009.6625930823274,21.55643444508928,21,25
1010.0,21.55612240740166,21,25
1010.6625930823274,21.55550984731605,21,25
1011.0,21.55519792634138,21,25
1011.6625930823274,21.55458559537452,21,25
1012.0,21.55427379106913,21,25
1012.6625930823274,21.55366168913533,21,25
1013.0,21.55335000145558,21,25
1013.6625930823274,21.55273812846917,21,25
1014.0,21.55242655737143,21,25
1014.6625930823274,21.55181491324678,21,25
1015.0,21.55150345868746,21,25
1015.6625930823274,21.55089204333896,21,25
1016.0,21.55058070527447,21,25
1016.6625930823274,21.54996951861656,21,25
1017.0,21.54965829700333,21,25
1017.6625930823274,21.54904733895046,21,25
1018.0,21.54873623374492,21,25
1018.6625930823274,21.54812550421158,21,25
1019.0,21.5478145153702,21,25
1019.6625930823274,21.54720401427092,21,25
1020.000002,21.54689314062282,21,25
1020.0,21.54689314062282,21,25
1020.75582776621,21.54628709872381,21,25
1021.0,21.54609132032605,21,25
1021.6594846189682,21.54552695889364,21,25
1022.0,21.54523556651564,21,25
1022.6624614087364,21.54466886975468,21,25
1023.0,21.54438013279483,21,25
1023.662587520383,21.54381354015949,21,25
1024.0,21.54352501903628,21,25
1024.6625928474166,21.54295863377281,21,25
1025.0,21.54267022512,21,25
1025.6625930724058,21.54210405151204,21,25
1026.0,21.54181575092633,21,25
1026.6625930819084,21.54124978907887,21,25
1027.0,21.54096159633571,21,25
1027.6625930823097,21.54039584617729,21,25
1028.0,21.54010776122858,21,25
1028.6625930823266,21.53954222268036,21,25
1029.0,21.53925424548544,21,25
1029.6625930823272,21.53868891846829,21,25
1030.0,21.53840104898685,21,25
1030.6625930823272,21.53783593342164,21,25
1031.0,21.53754817161339,21,25
1031.6625930823272,21.53698326742104,21,25
1032.0,21.5366956132457,21,25
1032.6625930823272,21.53613092034714,21,25
1033.0,21.53584337376446,21,25
1033.6625930823272,21.53527889208067,21,25
1034.0,21.5349914530504,21,25
1034.6625930823272,21.53442718250237,21,25
1035.0,21.53413985098428,21,25
1035.6625930823272,21.53357579149305,21,25
1036.0,21.53328856744693,21,25
1036.6625930823272,21.53272471893354,21,25
1037.0,21.53243760231919,21,25
1037.6625930823272,21.53187396470474,21,25
1038.0,21.53158695548198,21,25
1038.6625930823272,21.53102352868757,21,25
1039.0,21.53073662681624,21,25
1039.6625930823272,21.53017341076303,21,25
1040.0,21.52988661620297,21,25
1040.6625930823272,21.52932361081213,21,25
1041.0,21.52903692352319,21,25
1041.6625930823272,21.52847412871593,21,25
1042.0,21.528187548658,21,25
1042.6625930823272,21.52762496435556,21,25
1043.0,21.52733849148852,21,25
1043.6625930823272,21.52677611761216,21,25
1044.0,21.52648975189593,21,25
1044.6625930823272,21.52592758836693,21,25
1045.0,21.52564132976143,21,25
1045.6625930823272,21.52507937650113,21,25
1046.0,21.52479322496629,21,25
1046.6625930823272,21.52423148189603,21,25
1047.0,21.52394543739181,21,25
1047.6625930823272,21.52338390443298,21,25
1048.0,21.52309796691934,21,25
1048.6625930823272,21.52253664399334,21,25
1049.0,21.52225081343027,21,25
1049.6625930823272,21.52168970045854,21,25
1050.000002,21.52140397569775,21,25
1050.0,21.52140397569775,21,25
1050.7558277662101,21.52079892105557,21,25
1051.0,21.52060346158552,21,25
1051.6594846189682,21.52000253672604,21,25
1052.0,21.51969226583624,21,25
1052.6624614087364,21.51908885434867,21,25
1053.0,21.51878141091426,21,25
1053.6625875203829,21.51817811029834,21,25
1054.0,21.51787089668403,21,25
1054.6625928474166,21.51726781687502,21,25
1055.0,21.51696072301776,21,25
1055.6625930724058,21.51635786857686,21,25
1056.0,21.51605088978807,21,25
1056.6625930819084,21.51544826082703,21,25
1057.0,21.51514139686762,21,25
1057.6625930823097,21.51453899331038,21,25
1058.0,21.51423224412912,21,25
1058.6625930823266,21.51363006589173,21,25
1059.0,21.51332343144533,21,25
1059.6625930823272,21.51272147844353,21,25
1060.0,21.51241495868907,21,25
1060.6625930823272,21.51181323083859,21,25
1061.0,21.51150682573317,21,25
1061.6625930823272,21.51090532294982,21,25
1062.0,21.51059903245056,21,25
1062.6625930823272,21.50999775465015,21,25
1063.0,21.50969157871417,21,25
1063.6625930823272,21.50909052581254,21,25
1064.0,21.508784464397,21,25
1064.6625930823272,21.50818363631005,21,25
1065.0,21.50787768937212,21,25
1065.6625930823272,21.50727708601574,21,25
1066.0,21.50697125351259,21,25
1066.6625930823272,21.50637087480274,21,25
1067.0,21.50606515669157,21,25
1067.6625930823272,21.50546500254422,21,25
1068.0,21.50515939878224,21,25
1068.6625930823272,21.50455946911339,21,25
1069.0,21.50425397965784,21,25
1069.6625930823272,21.50365427438353,21,25
1070.0,21.50334889919165,21,25
1070.6625930823272,21.50274941822794,21,25
1071.0,21.50244415725699,21,25
1071.6625930823272,21.50184490051999,21,25
1072.0,21.50153975372725,21,25
1072.6625930823272,21.50094072113311,21,25
1073.0,21.50063568847587,21,25
1073.6625930823272,21.50003687994073,21,25
1074.0,21.49973196137631,21,25
1074.6625930823272,21.49913337681636,21,25
1075.0,21.49882857230207,21,25
1075.6625930823272,21.49823021163354,21,25
1076.0,21.49792552112674,21,25
1076.6625930823272,21.49732738426589,21,25
1077.0,21.49702280772392,21,25
1077.6625930823272,21.49642489458704,21,25
1078.0,21.49612043196727,21,25
1078.6625930823272,21.49552274247068,21,25
1079.0,21.49521839373051,21,25
1079.6625930823272,21.49462092779056,21,25
1080.000002,21.49431669178171,21,25
1080.0,21.49431669178171,21,25
1080.7558277662101,21.4937243060187,21,25
1081.0,21.49353293915821,21,25
1081.6594846189682,21.49291143940185,21,25
1082.0,21.49259054523451,21,25
1082.6624614087364,21.49196647371112,21,25
1083.0,21.49164850380763,21,25
1083.6625875203829,21.49102454695198,21,25
1084.0,21.49070681473733,21,25
1084.6625928474166,21.49008308624874,21,25
1085.0,21.48976547789147,21,25
1085.6625930724058,21.4891419824873,21,25
1086.0,21.4888244931383,21,25
1086.6625930819084,21.48820123093414,21,25
1087.0,21.48788386034612,21,25
1087.6625930823097,21.48726083126331,21,25
1088.0,21.4869435793833,21,25
1088.6625930823266,21.48632078333499,21,25
1089.0,21.48600365011822,21,25
1089.6625930823272,21.48538108701726,21,25
1090.0,21.48506407241933,21,25
1090.6625930823272,21.48444174217861,21,25
1091.0,21.48412484615515,21,25
1091.6625930823272,21.48350274868756,21,25
1092.0,21.48318597119424,21,25
1092.6625930823272,21.48256410641271,21,25
1093.0,21.48224744740517,21,25
1093.6625930823272,21.48162581522268,21,25
1094.0,21.48130927465661,21,25
1094.6625930823272,21.48068787498616,21,25
1095.0,21.48037145281726,21,25
1095.6625930823272,21.47975028557187,21,25
1096.0,21.47943398175585,21,25
1096.6625930823272,21.47881304684859,21,25
1097.0,21.4784968613412,21,25
1097.6625930823272,21.47787615868517,21,25
1098.0,21.47756009144213,21,25
1098.6625930823272,21.47693962095046,21,25
1099.0,21.47662367192756,21,25
1099.6625930823272,21.47600343351341,21,25
1100.0,21.47568760266642,21,25
1100.6625930823272,21.47506759624298,21,25
1101.0,21.4747518835277,21,25
1101.6625930823272,21.47413210900822,21,25
1102.0,21.47381651438046,21,25
1102.6625930823272,21.47319697167818,21,25
1103.0,21.47288149509378,21,25
1103.6625930823272,21.47226218412199,21,25
1104.0,21.47194682553679,21,25
1104.6625930823272,21.47132774620883,21,25
1105.0,21.4710125055787,21,25
1105.6625930823272,21.47039365780791,21,25
1106.0,21.47007853508872,21,25
1106.6625930823272,21.46945991878851,21,25
1107.0,21.46914491393617,21,25
1107.6625930823272,21.46852652901994,21,25
1108.0,21.46821164199037,21,25
1108.6625930823272,21.46759348837158,21,25
1109.0,21.46727871912069,21,25
1109.6625930823272,21.46666079671283,21,25
1110.000002,21.46634614333209,21,25
1110.0,21.46634614333209,21,25
1110.7558277662101,21.46575484093586,21,25
1111.0,21.46556382405086,21,25
1111.6594846189682,21.46501349936615,21,25
1112.0,21.46472935447363,21,25
1112.6624614087364,21.46417675254444,21,25
1113.0,21.46389519702475,21,25
1113.6625875203829,21.46334269663138,21,25
1114.0,21.46306135158006,21,25
1114.6625928474166,21.46250905340082,21,25
1115.0,21.46222781802254,21,25
1115.6625930724058,21.46167572623455,21,25
1116.0,21.46139459623553,21,25
1116.6625930819084,21.46084271094114,21,25
1117.0,21.46056168610243,21,25
1117.6625930823097,21.46001000723198,21,25
1118.0,21.45972908750666,21,25
1118.6625930823266,21.45917761498325,21,25
1119.0,21.45889680033168,21,25
1119.6625930823272,21.45834553407816,21,25
1120.0,21.45806482446103,21,25
1120.6625930823272,21.45751376440024,21,25
1121.0,21.45723315977826,21,25
1121.6625930823272,21.45668230583308,21,25
1122.0,21.45640180616697,21,25
1122.6625930823272,21.45585115826031,21,25
1123.0,21.45557076351082,21,25
1123.6625930823272,21.45502032156561,21,25
1124.0,21.4547400316935,21,25
1124.6625930823272,21.4541897956327,21,25
1125.0,21.45390961059875,21,25
1125.6625930823272,21.45335958034534,21,25
1126.0,21.45307950011032,21,25
1126.6625930823272,21.45252967558735,21,25
1127.0,21.45224970011207,21,25
1127.6625930823272,21.45170008124257,21,25
1128.0,21.45142021048785,21,25
1128.6625930823272,21.4508707971949,21,25
1129.0,21.45059103112156,21,25
1129.6625930823272,21.45004182332827,21,25
1130.0,21.44976216189717,21,25
1130.6625930823272,21.44921315952667,21,25
1131.0,21.44893360269866,21,25
1131.6625930823272,21.44838480567412,21,25
1132.0,21.44810535341007,21,25
1132.6625930823272,21.4475567616547,21,25
1133.0,21.4472774139155,21,25
1133.6625930823272,21.44672902735251,21,25
1134.0,21.44644978409908,21,25
1134.6625930823272,21.44590160265171,21,25
1135.0,21.44562246384496,21,25
1135.6625930823272,21.44507448743649,21,25
1136.0,21.44479545303735,21,25
1136.6625930823272,21.4442476815911,21,25
1137.0,21.44396875156052,21,25
1137.6625930823272,21.44342118499982,21,25
1138.0,21.44314235929876,21,25
1138.6625930823272,21.44259499754698,21,25
1139.0,21.44231627613643,21,25
1139.6625930823272,21.44176326449393,21,25
1140.000002,21.44148166444077,21,25
1140.0,21.44148166444077,21,25
1140.7558277662101,21.44090294482912,21,25
1141.0,21.44071599274131,21,25
1141.848586905832,21.44025637700388,21,25
1142.0,21.44017437004444,21,25
1142.8517648428372,21.43971320565521,21,25
1143.0,21.4396329499383,21,25
1143.8518994547683,21.43917188518772,21,25
1144.0,21.43909173234231,21,25
1144.8519051408211,21.43863083696978,21,25
1145.0,21.4385507171805,21,25
1145.8519053809737,21.43808999406898,21,25
1146.0,21.43800990437716,21,25
1146.8519053911164,21.43754935358661,21,25
1147.0,21.43746929385661,21,25
1147.8519053915447,21.43700891532783,21,25
1148.0,21.43692888554317,21,25
1148.851905391563,21.43646867921194,21,25
1149.0,21.43638867936122,21,25
1149.8519053915638,21.43592864516314,21,25
1150.0,21.43584867523514,21,25
1150.8519053915638,21.43538881310585,21,25
1151.0,21.43530887308938,21,25
1151.8519053915638,21.43484918296449,21,25
1152.0,21.43476927284836,21,25
1152.8519053915638,21.43430975466355,21,25
1153.0,21.43422987443659,21,25
1153.8519053915638,21.43377052812755,21,25
1154.0,21.43369067777856,21,25
1154.8519053915638,21.433231503281,21,25
1155.0,21.43315168279882,21,25
1155.8519053915638,21.43269268004847,21,25
1156.0,21.43261288942193,21,25
1156.8519053915638,21.43215405835456,21,25
1157.0,21.43207429757247,21,25
1157.8519053915638,21.43161563812387,21,25
1158.0,21.43153590717509,21,25
1158.8519053915638,21.43107741928105,21,25
1159.0,21.43099771815442,21,25
1159.8519053915638,21.43053940175078,21,25
1160.0,21.43045973043514,21,25
1160.8519053915638,21.43000158545776,21,25
1161.0,21.42992194394196,21,25
1161.8519053915638,21.42946397032672,21,25
1162.0,21.42938435859961,21,25
1162.8519053915638,21.42892655628241,21,25
1163.0,21.42884697433286,21,25
1163.8519053915638,21.42838934324964,21,25
1164.0,21.4283097910665,21,25
1164.8519053915638,21.4278523311532,21,25
1165.0,21.42777280872534,21,25
1165.8519053915638,21.42731551991795,21,25
1166.0,21.42723602723424,21,25
1166.8519053915638,21.42677890946874,21,25
1167.0,21.42669944651806,21,25
1167.8519053915638,21.42624249973049,21,25
1168.0,21.42616306650172,21,25
1168.8519053915638,21.42570629062813,21,25
1169.0,21.42562688711013,21,25
1169.8519053915638,21.42517028208659,21,25
1170.000002,21.42509090719669,21,25
1170.0,21.42509090719669,21,25
1170.7558277662101,21.42451282243859,21,25
1171.0,21.42432607543661,21,25
1171.848586905832,21.42387166189564,21,25
1172.0,21.42379058313834,21,25
1172.8517648428372,21.42333463847409,21,25
1173.0,21.42325529113775,21,25
1173.8518994547683,21.42279944498438,21,25
1174.0,21.42272019935517,21,25
1174.8519051408211,21.42226452066274,21,25
1175.0,21.42218530771552,21,25
1175.8519053809737,21.42172979933434,21,25
1176.0,21.42165061614392,21,25
1176.8519053911164,21.42119527813329,21,25
1177.0,21.42111612456556,21,25
1177.8519053915447,21.42066095686692,21,25
1178.0,21.4205818329056,21,25
1178.851905391563,21.4201268354555,21,25
1179.0,21.4200477410893,21,25
1179.8519053915638,21.41959291382405,21,25
1180.0,21.41951384904189,21,25
1180.8519053915638,21.41905919189784,21,25
1181.0,21.41898015668866,21,25
1181.8519053915638,21.41852566960218,21,25
1182.0,21.41844666395491,21,25
1182.8519053915638,21.41799234686239,21,25
1183.0,21.41791337076598,21,25
1183.8519053915638,21.41745922360384,21,25
1184.0,21.41738027704723,21,25
1184.8519053915638,21.4169262997519,21,25
1185.0,21.41684738272405,21,25
1185.8519053915638,21.41639357523201,21,25
1186.0,21.41631468772187,21,25
1186.8519053915638,21.41586104996959,21,25
1187.0,21.41578219196612,21,25
1187.8519053915638,21.41532872389012,21,25
1188.0,21.41524989538228,21,25
1188.8519053915638,21.41479659691911,21,25
1189.0,21.41471779789587,21,25
1189.8519053915638,21.41426466898206,21,25
1190.0,21.4141858994324,21,25
1190.8519053915638,21.41373294000455,21,25
1191.0,21.41365419991743,21,25
1191.8519053915638,21.41320140991215,21,25
1192.0,21.41312269927657,21,25
1192.8519053915638,21.41267007863048,21,25
1193.0,21.4125913974354,21,25
1193.8519053915638,21.41213894608516,21,25
1194.0,21.41206029431958,21,25
1194.8519053915638,21.41160801220186,21,25
1195.0,21.41152938985478,21,25
1195.8519053915638,21.41107727690629,21,25
1196.0,21.4109986839667,21,25
1196.8519053915638,21.41054674012416,21,25
1197.0,21.41046817658106,21,25
1197.8519053915638,21.41001640178121,21,25
1198.0,21.4099378676236,21,25
1198.8519053915638,21.40948626180324,21,25
1199.0,21.40940775702014,21,25
1199.8519053915638,21.40895632011603,21,25
1200.000002,21.40887784363699,21,25
1200.0,21.40887784363699,21,25
1200.7558277662101,21.40830038684993,21,25
1201.0,21.40811384271044,21,25
1201.848586905832,21.40758186888048,21,25
1202.0,21.407486951425,21,25
1202.8517648428372,21.40695318513633,21,25
1203.0,21.40686029462449,21,25
1203.8518994547683,21.40632664366075,21,25
1204.0,21.40623387221564,21,25
1204.8519051408211,21.40570041729543,21,25
1205.0,21.40560768411054,21,25
1205.8519053809737,21.40507442857067,21,25
1206.0,21.40498173022153,21,25
1206.8519053911164,21.40444867413143,21,25
1207.0,21.40435601046104,21,25
1207.8519053915447,21.40382315375217,21,25
1208.0,21.40373052474148,21,25
1208.851905391563,21.40319786733951,21,25
1209.0,21.40310527297531,21,25
1209.8519053915638,21.40257281480572,21,25
1210.0,21.40248025507502,21,25
1210.8519053915638,21.40194799606328,21,25
1211.0,21.40185547095314,21,25
1211.8519053915638,21.40132341102477,21,25
1212.0,21.40123092052223,21,25
1212.8519053915638,21.40069905960276,21,25
1213.0,21.40060660369489,21,25
1213.8519053915638,21.40007494170988,21,25
1214.0,21.39998252038373,21,25
1214.8519053915638,21.39945105725877,21,25
1215.0,21.39935867050141,21,25
1215.8519053915638,21.39882740616213,21,25
1216.0,21.39873505396062,21,25
1216.8519053915638,21.39820398833265,21,25
1217.0,21.39811167067408,21,25
1217.8519053915638,21.39758080368312,21,25
1218.0,21.39748852055455,21,25
1218.8519053915638,21.39695785212628,21,25
1219.0,21.39686560351482,21,25
1219.8519053915638,21.39633513357498,21,25
1220.0,21.3962429194677,21,25
1220.8519053915638,21.39571264794206,21,25
1221.0,21.39562046832605,21,25
1221.8519053915638,21.39509039514038,21,25
1222.0,21.39499825000276,21,25
1222.8519053915638,21.39446837508288,21,25
1223.0,21.39437626441073,21,25
1223.8519053915638,21.39384658768249,21,25
1224.0,21.39375451146294,21,25
1224.8519053915638,21.39322503285219,21,25
1225.0,21.39313299107234,21,25
1225.8519053915638,21.39260371050498,21,25
1226.0,21.39251170315196,21,25
1226.8519053915638,21.39198262055392,21,25
1227.0,21.39189064761485,21,25
1227.8519053915638,21.39136176291209,21,25
1228.0,21.39126982437409,21,25
1228.8519053915638,21.39074113749259,21,25
1229.0,21.39064923334279,21,25
1229.8519053915638,21.39012074420855,21,25
1230.000002,21.39002887319382,21,25
1230.0,21.39002887319382,21,25
1230.7558277662101,21.38945214647284,21,25
1231.0,21.38926583817705,21,25
1231.6594846189682,21.38866423107199,21,25
1232.0,21.38835360792359,21,25
1232.6624614087364,21.3877495113673,21,25
1233.0,21.38744171888439,21,25
1233.6625875203829,21.38683773332562,21,25
1234.0,21.38653017092372,21,25
1234.6625928474166,21.38592640642256,21,25
1235.0,21.38561896391367,21,25
1235.6625930724058,21.38501542503648,21,25
1236.0,21.38470809772671,21,25
1236.6625930819084,21.38410478458538,21,25
1237.0,21.38379757223535,21,25
1237.6625930823097,21.38319448475372,21,25
1238.0,21.38288738731216,21,25
1238.6625930823266,21.38228452540618,21,25
1239.0,21.38197754282974,21,25
1239.6625930823272,21.38137490641508,21,25
1240.0,21.38106803866079,21,25
1240.6625930823272,21.38046562765308,21,25
1241.0,21.38015887467799,21,25
1241.6625930823272,21.37955668899292,21,25
1242.0,21.37925005075411,21,25
1242.6625930823272,21.37864809030741,21,25
1243.0,21.37834156676195,21,25
1243.6625930823272,21.37773983146937,21,25
1244.0,21.37743342257437,21,25
1244.6625930823272,21.3768319123517,21,25
1245.0,21.37652561806427,21,25
1245.6625930823272,21.37592433282732,21,25
1246.0,21.37561815310459,21,25
1246.6625930823272,21.37501709276922,21,25
1247.0,21.37471102756834,21,25
1247.6625930823272,21.37411019205041,21,25
1248.0,21.37380424132855,21,25
1248.6625930823272,21.37320363054398,21,25
1249.0,21.37289779425832,21,25
1249.6625930823272,21.37229740812305,21,25
1250.0,21.3719916862308,21,25
1250.6625930823272,21.3713915246608,21,25
1251.0,21.37108591711916,21,25
1251.6625930823272,21.37048598003044,21,25
1252.0,21.37018048679663,21,25
1252.6625930823272,21.36958077410523,21,25
1253.0,21.3692753951365,21,25
1253.6625930823272,21.36867590675849,21,25
1254.0,21.36837064201211,21,25
1254.6625930823272,21.36777137786358,21,25
1255.0,21.36746622729682,21,25
1255.6625930823272,21.3668671872939,21,25
1256.0,21.36656215086405,21,25
1256.6625930823272,21.36596333492291,21,25
1257.0,21.36565841258729,21,25
1257.6625930823272,21.36505982062411,21,25
1258.0,21.36475501234003,21,25
1258.6625930823272,21.36416249889408,21,25
1259.0,21.36386078584436,21,25
1259.6625930823272,21.36326849401902,21,25
1260.000002,21.3629668920333,21,25
1260.0,21.3629668920333,21,25
1260.7558277662101,21.36237959376474,21,25
1261.0,21.36218987039048,21,25
1261.848586905832,21.36167997094705,21,25
1262.0,21.36158899211502,21,25
1262.8517648428372,21.3610773745914,21,25
1263.0,21.36098833859448,21,25
1263.8518994547683,21.36047683161036,21,25
1264.0,21.36038790973946,21,25
1264.8519051408211,21.35987659066399,21,25
1265.0,21.3597877054657,21,25
1265.8519053809737,21.35927657749724,21,25
1266.0,21.35918772568918,21,25
1266.8519053911164,21.35867678889426,21,25
1267.0,21.35858797032595,21,25
1267.8519053915447,21.35807722463889,21,25
1268.0,21.35798843929206,21,25
1268.851905391563,21.35747788464163,21,25
1269.0,21.35738913250362,21,25
1269.8519053915638,21.35687876881835,21,25
1270.0,21.35679004987673,21,25
1270.8519053915638,21.35627987708522,21,25
1271.0,21.35619119132756,21,25
1271.8519053915638,21.3556812093584,21,25
1272.0,21.3555925567723,21,25
1272.8519053915638,21.35508276555412,21,25
1273.0,21.35499414612716,21,25
1273.8519053915638,21.3544845455886,21,25
1274.0,21.35439595930839,21,25
1274.8519053915638,21.35388654937814,21,25
1275.0,21.35379799623227,21,25
1275.8519053915638,21.35328877683903,21,25
1276.0,21.35320025681512,21,25
1276.8519053915638,21.35269122788763,21,25
1277.0,21.35260274097328,21,25
1277.8519053915638,21.35209390244029,21,25
1278.0,21.35200544862312,21,25
1278.8519053915638,21.35149680041343,21,25
1279.0,21.35140837968106,21,25
1279.8519053915638,21.35089992172346,21,25
1280.0,21.35081153406352,21,25
1280.8519053915638,21.35030326628687,21,25
1281.0,21.35021491168699,21,25
1281.8519053915638,21.34970683402014,21,25
1282.0,21.34961851246795,21,25
1282.8519053915638,21.3491106248398,21,25
1283.0,21.34902233632294,21,25
1283.8519053915638,21.34851463866242,21,25
1284.0,21.34842638316853,21,25
1284.8519053915638,21.34791887540457,21,25
1285.0,21.3478306529213,21,25
1285.8519053915638,21.34732333498287,21,25
1286.0,21.34723514549788,21,25
1286.8519053915638,21.34672801731399,21,25
1287.0,21.34663986081492,21,25
1287.8519053915638,21.34613292231459,21,25
1288.0,21.34604479878912,21,25
1288.8519053915638,21.3455380499014,21,25
1289.0,21.34544995933719,21,25
1289.8519053915638,21.34494339999116,21,25
1290.000002,21.34485534118707,21,25
1290.0,21.34485534118707,21,25
1290.7558277662101,21.34426874442255,21,25
1291.0,21.34407924766518,21,25
1291.6594846189682,21.34349461399908,21,25
1292.0,21.34319275461528,21,25
1292.6624614087364,21.34260570173408,21,25
1293.0,21.3423065931528,21,25
1293.6625875203829,21.34171964813748,21,25
1294.0,21.34142076314583,21,25
1294.6625928474166,21.34083403295132,21,25
1295.0,21.34053526447008,21,25
1295.6625930724058,21.33994875353389,21,25
1296.0,21.33965009700159,21,25
1296.6625930819084,21.33906380543247,21,25
1297.0,21.3387652606165,21,25
1297.6625930823097,21.33817918834044,21,25
1298.0,21.33788075519096,21,25
1298.6625930823266,21.33729490212627,21,25
1299.0,21.33699658060118,21,25
1299.6625930823272,21.33641094666589,21,25
1300.0,21.33611273672341,21,25
1300.6625930823272,21.33552732183556,21,25
1301.0,21.33522922343396,21,25
1301.6625930823272,21.33464402751162,21,25
1302.0,21.33434604060918,21,25
1302.6625930823272,21.33376106357045,21,25
1303.0,21.33346318812546,21,25
1303.6625930823272,21.33287842988846,21,25
1304.0,21.33258066585924,21,25
1304.6625930823272,21.33199612634215,21,25
1305.0,21.33169847368702,21,25
1305.6625930823272,21.33111415280801,21,25
1306.0,21.33081661148531,21,25
1306.6625930823272,21.33023250916262,21,25
1307.0,21.32993507913072,21,25
1307.6625930823272,21.32935119528258,21,25
1308.0,21.32905387649985,21,25
1308.6625930823272,21.32847021104456,21,25
1309.0,21.32817300346938,21,25
1309.6625930823272,21.32758955632525,21,25
1310.0,21.32729245991603,21,25
1310.6625930823272,21.3267092310014,21,25
1311.0,21.32641224571656,21,25
1311.6625930823272,21.32582923494981,21,25
1312.0,21.32553236074779,21,25
1312.6625930823272,21.32494956804733,21,25
1313.0,21.32465280488657,21,25
1313.6625930823272,21.32407023017082,21,25
1314.0,21.3237735780098,21,25
1314.6625930823272,21.32319122119723,21,25
1315.0,21.32289467999442,21,25
1315.6625930823272,21.32231254100354,21,25
1316.0,21.32201611071743,21,25
1316.6625930823272,21.32143809254879,21,25
1317.0,21.32114376062155,21,25
1317.6625930823272,21.32056595865178,21,25
1318.0,21.32027173681491,21,25
1318.6625930823272,21.31969415096316,21,25
1319.0,21.31940003917548,21,25
1319.6625930823272,21.3188226693609,21,25
1320.000002,21.31852866583912,21,25
1320.0,21.31852866583912,21,25
1320.7558277662101,21.31793534228797,21,25
1321.0,21.31774367248034,21,25
1321.848586905832,21.31725287903624,21,25
1322.0,21.31716530919302,21,25
1322.8517648428372,21.31667286204542,21,25
1323.0,21.31658716223903,21,25
1323.8518994547683,21.31609482148898,21,25
1324.0,21.31600923153231,21,25
1324.8519051408211,21.31551707164996,21,25
1325.0,21.31543151699175,21,25
1325.8519053809737,21.31493954105562,21,25
1326.0,21.31485401853652,21,25
1326.8519053911164,21.31436222661062,21,25
1327.0,21.31427673608577,21,25
1327.8519053915447,21.31378512810689,21,25
1328.0,21.3136996695587,21,25
1328.851905391563,21.31320824545828,21,25
1329.0,21.31312281887457,21,25
1329.8519053915638,21.31263157858384,21,25
1330.0,21.31254618395264,21,25
1330.8519053915638,21.31205512740285,21,25
1331.0,21.31196976471221,21,25
1331.8519053915638,21.31147889183462,21,25
1332.0,21.3113935610726,21,25
1332.8519053915638,21.31090287179852,21,25
1333.0,21.31081757295317,21,25
1333.8519053915638,21.31032706721393,21,25
1334.0,21.31024180027331,21,25
1334.8519053915638,21.30975147800026,21,25
1335.0,21.30966624295244,21,25
1335.8519053915638,21.30917610407695,21,25
1336.0,21.30909090090999,21,25
1336.8519053915638,21.30860094536348,21,25
1337.0,21.30851577406547,21,25
1337.8519053915638,21.30802600177934,21,25
1338.0,21.30794086233836,21,25
1338.8519053915638,21.3074512732441,21,25
1339.0,21.30736616564822,21,25
1339.8519053915638,21.30687675967729,21,25
1340.0,21.30679168391461,21,25
1340.8519053915638,21.30630246099851,21,25
1341.0,21.30621741705713,21,25
1341.8519053915638,21.30572837712739,21,25
1342.0,21.30564336499539,21,25
1342.8519053915638,21.30515450798359,21,25
1343.0,21.30506952764909,21,25
1343.8519053915638,21.30458085348678,21,25
1344.0,21.30449590493787,21,25
1344.8519053915638,21.30400741355669,21,25
1345.0,21.30392249678149,21,25
1345.8519053915638,21.30343418811306,21,25
1346.0,21.30334930309968,21,25
1346.8519053915638,21.30286117707566,21,25
1347.0,21.30277632381222,21,25
1347.8519053915638,21.3022883803643,21,25
1348.0,21.30220355883893,21,25
1348.8519053915638,21.3017157978988,21,25
1349.0,21.30163100809964,21,25
1349.8519053915638,21.30114342959905,21,25
1350.000002,21.30105867036994,21,25
1350.0,21.30105867036994,21,25
1350.7558277662101,21.30046602347384,21,25
1351.0,21.30027457225579,21,25
1351.754020768957,21.29969641931789,21,25
1352.0,21.29950781716787,21,25
1352.757112491863,21.29892751080832,21,25
1353.0,21.29874134888011,21,25
1353.7572434608005,21.29816115923087,21,25
1354.0,21.29797516727842,21,25
1354.757248992988,21.29739519040325,21,25
1355.0,21.29720927225527,21,25
1355.757249226642,21.29662951213272,21,25
1356.0,21.29644366370348,21,25
1356.7572492365105,21.2958641204238,21,25
1357.0,21.29567834151587,21,25
1357.7572492369272,21.29509901500521,21,25
1358.0,21.29491330558537,21,25
1358.7572492369447,21.29433419576293,21,25
1359.0,21.29414855580487,21,25
1359.7572492369454,21.29356966258963,21,25
1360.0,21.29338409206737,21,25
1360.7572492369454,21.2928054153783,21,25
1361.0,21.29261991426586,21,25
1361.7572492369454,21.29204145402198,21,25
1362.0,21.2918560222934,21,25
1362.7572492369454,21.29127777841375,21,25
1363.0,21.29109241604309,21,25
1363.7572492369454,21.29051438844673,21,25
1364.0,21.29032909540803,21,25
1364.7572492369454,21.28975128401408,21,25
1365.0,21.28956606028142,21,25
1365.7572492369454,21.28898846500901,21,25
1366.0,21.28880331055646,21,25
1366.7572492369454,21.28822593132474,21,25
1367.0,21.28804084612639,21,25
1367.7572492369454,21.28746368285457,21,25
1368.0,21.28727866688451,21,25
1368.7572492369454,21.28670171949181,21,25
1369.0,21.28651677272415,21,25
1369.7572492369454,21.28594004112982,21,25
1370.0,21.28575516353868,21,25
1370.7572492369454,21.285178647662,21,25
1371.0,21.2849938392215,21,25
1371.7572492369454,21.2844175389818,21,25
1372.0,21.28423279966607,21,25
1372.7572492369454,21.2836634059642,21,25
1373.0,21.28348088061437,21,25
1373.7572492369454,21.28291169988553,21,25
1374.0,21.28272924280652,21,25
1374.7572492369454,21.28216027497105,21,25
1375.0,21.28197788613733,21,25
1375.7572492369454,21.28140913111559,21,25
1376.0,21.28122681050164,21,25
1376.7572492369454,21.28065826821403,21,25
1377.0,21.28047601579432,21,25
1377.7572492369454,21.27990768616129,21,25
1378.0,21.27972550191031,21,25
1378.7572492369454,21.27915738485232,21,25
1379.0,21.27897526874458,21,25
1379.7572492369454,21.2784073641821,21,25
1380.000002,21.27822531469273,21,25
1380.0,21.27822531469273,21,25
1380.7558277662101,21.27762193246419,21,25
1381.0,21.27742701325789,21,25
1381.848586905832,21.27695651442659,21,25
1382.0,21.27687256565061,21,25
1382.8517648428372,21.27640048149748,21,25
1383.0,21.27631832543114,21,25
1383.8518994547683,21.27584634327597,21,25
1384.0,21.27576429251699,21,25
1384.8519051408211,21.27529248375052,21,25
1385.0,21.2752104668304,21,25
1385.8519053809737,21.27473883440386,21,25
1386.0,21.27465684829387,21,25
1386.8519053911164,21.27418539226862,21,25
1387.0,21.2741034368299,21,25
1387.8519053915447,21.27363215714534,21,25
1388.0,21.27355023236104,21,25
1388.851905391563,21.27307912895145,21,25
1389.0,21.27299723480988,21,25
1389.8519053915638,21.27252630760934,21,25
1390.0,21.27244444409902,21,25
1390.8519053915638,21.27197369304161,21,25
1391.0,21.27189186015109,21,25
1391.8519053915638,21.27142128517093,21,25
1392.0,21.27133948288875,21,25
1392.8519053915638,21.27086908391998,21,25
1393.0,21.2707873122347,21,25
1393.8519053915638,21.27031708921148,21,25
1394.0,21.27023534811165,21,25
1394.8519053915638,21.2697653009682,21,25
1395.0,21.26968359044238,21,25
1395.8519053915638,21.26921371911288,21,25
1396.0,21.26913203914964,21,25
1396.8519053915638,21.26866234356834,21,25
1397.0,21.26858069415625,21,25
1397.8519053915638,21.26811117425742,21,25
1398.0,21.26802955538503,21,25
1398.8519053915638,21.26756021110296,21,25
1399.0,21.26747862275888,21,25
1399.8519053915638,21.26700945402787,21,25
1400.0,21.26692789620066,21,25
1400.8519053915638,21.26645890295505,21,25
1401.0,21.2663773756333,21,25
1401.8519053915638,21.26590855780747,21,25
1402.0,21.26582706097977,21,25
1402.8519053915638,21.26535841850809,21,25
1403.0,21.26527695216304,21,25
1403.8519053915638,21.26480848497993,21,25
1404.0,21.26472704910612,21,25
1404.8519053915638,21.26425875714602,21,25
1405.0,21.26417735173205,21,25
1405.8519053915638,21.26370923492941,21,25
1406.0,21.26362785996389,21,25
1406.8519053915638,21.2631599182532,21,25
1407.0,21.26307857372475,21,25
1407.8519053915638,21.26261080704052,21,25
1408.0,21.26252949293775,21,25
1408.8519053915638,21.26206190121451,21,25
1409.0,21.26198061752604,21,25
1409.8519053915638,21.26151320069836,21,25
1410.000002,21.26143194631586,21,25
